source_entry	source_target	events	unique_post_states	full_status	matched_events	coverage_pct	inconsistent_rows	total_terms	state_terms	flag_terms	vm_byte_terms	byte_terms	tested_folds	train_fit_folds	test_events	cv_matched_events	cv_coverage_pct	cv_status	top_post_states	bit_formulas
258	0xadf2c	9693	938	inconsistent	0	0.0	9447	0	0	0	0	0	5	0	9693	0	0.0	no_train_fit	0x8020010:257,0x48000420:257,0x20220:257,0x50100618:256,0x48020568:256,0x40020110:256,0x8020290:256,0x10020500:256	
28	0x7e390	8348	1260	inconsistent	0	0.0	8147	0	0	0	0	0	5	0	8348	0	0.0	no_train_fit	0xb1e68d73:256,0xb0d4441f:256,0x901ecbd8:256,0x98900afc:256,0x51f004f4:256,0x79b365c8:256,0x284349ff:256,0x10471fff:256	
347	0xc088d	8151	1145	inconsistent	0	0.0	7927	0	0	0	0	0	5	0	8151	0	0.0	no_train_fit	0xdf86938:256,0x8e686c43:256,0x8fbd6b44:256,0x3845e9a2:256,0x15c7e8f8:256,0xebfebed:256,0xe486145:256,0x14e6693e:256	
114	0x90319	7722	1207	inconsistent	0	0.0	7482	0	0	0	0	0	5	0	7722	0	0.0	no_train_fit	0x99814e5e:257,0x99815756:256,0x998143e8:256,0x99813edf:256,0x9981780c:256,0x9980fa54:256,0x998142dc:256,0x9980bb7d:256	
340	0xbf435	7549	1136	inconsistent	0	0.0	7316	0	0	0	0	0	5	0	7549	0	0.0	no_train_fit	0xf6f676ef:273,0xf6f6781f:260,0xf6f5af3b:257,0xf6f607e3:256,0xf6f62b06:256,0xf6f640e8:256,0xf6f5c137:256,0xf6f6742f:79	
337	0xbec0e	7502	1179	inconsistent	0	0.0	7268	0	0	0	0	0	5	0	7502	0	0.0	no_train_fit	0x7dfb47ef:257,0x7dfb4bde:257,0x206fb27a:256,0xf1f36f7e:256,0x7dfb531a:256,0x6bf4a7ba:256,0x717657fe:65,0x6d724fda:65	
189	0x9e7af	7459	1135	inconsistent	0	0.0	7233	0	0	0	0	0	5	0	7459	0	0.0	no_train_fit	0x2a1c0968:258,0x4a201218:257,0x4a204fd0:256,0x4a2012a8:256,0x52200dcc:256,0x4a20467c:256,0x32204b78:256,0x2a1c0110:256	
18	0x7be9b	7392	1334	inconsistent	0	0.0	7163	0	0	0	0	0	5	0	7392	0	0.0	no_train_fit	0x847ffe38:256,0x96660971:256,0x91a0672:256,0x705426a0:256,0x121c39a8:256,0xa0bffdb8:256,0x88a1c18:65,0x380f60:65	
66	0x855ff	7189	1167	inconsistent	0	0.0	6924	0	0	0	0	0	5	0	7189	0	0.0	no_train_fit	0x20cf3e4f:256,0x3caf37ed:256,0xb0cf2bb2:256,0xba8f40d2:256,0xa08f70e6:256,0xb2ceb94a:256,0x3b2f1829:256,0x228ed19e:256	
215	0xa4609	7121	870	inconsistent	0	0.0	6941	0	0	0	0	0	5	0	7121	0	0.0	no_train_fit	0xfefeb507:257,0xfefeb697:256,0xf8fffa13:256,0xfefeba23:256,0xfafeb7cf:256,0xfbfefa93:256,0xfffffe73:256,0xfefef69b:256	
307	0xb8064	7050	700	inconsistent	0	0.0	6858	0	0	0	0	0	5	0	7050	0	0.0	no_train_fit	0x0:667,0x80a100:259,0x41820100:256,0x200a018:256,0x20110:256,0x1402b800:256,0x108:134,0x2000:109	
297	0xb64d7	6483	1016	inconsistent	0	0.0	6302	0	0	0	0	0	5	0	6483	0	0.0	no_train_fit	0x71fdd5bc:256,0xae03fff1:256,0x4a0c291b:256,0xadfdccab:256,0x55fc5c23:256,0x51fde63a:256,0xb60c0668:256,0x320db9f8:65	
199	0xa0631	6207	958	inconsistent	0	0.0	6024	0	0	0	0	0	5	0	6207	0	0.0	no_train_fit	0x4f5289e9:256,0x1a134f30:256,0x14030c00:256,0xc0f5108:256,0x200c108:256,0xd65619f8:256,0xb02d990d:256,0x7ff298d4:256	
64	0x85059	6175	1175	inconsistent	0	0.0	5955	0	0	0	0	0	5	0	6175	0	0.0	no_train_fit	0x14025438:256,0x4bfb50dc:256,0x651cb740:256,0x988f6e19:65,0x9005ae75:65,0x343b78ef:65,0x1502cae3:64,0x25300aa8:64	
185	0x9d964	6172	1022	inconsistent	0	0.0	5738	0	0	0	0	0	5	0	6172	0	0.0	no_train_fit	0xe3422aeb:256,0x29b2a65f:256,0xb15487ff:256,0x515497fe:256,0x9224277b:256,0x5332abdb:73,0x9e4ffcb:65,0xb3430bde:64	
43	0x8173d	5309	753	fit	5309	100.0	0	17	7	0	0	9	5	5	5309	5309	100.0	robust	0x5f:274,0x1a3:271,0x49ec:256,0x46af:256,0x4bab:256,0xae7c:256,0x8bb0:68,0x299a:64	s0=b0.0;s1=b0.1;s2=1^b0.2;s3=b2.3;s4=b2.4;s5=b2.5;s6=b2.6;s7=b2.7;s8=b3.0;s9=state.9;s10=state.10;s11=state.11;s12=state.12;s13=state.13;s14=state.14;s15=state.15;s16=0;s17=0;s18=0;s19=0;s20=0;s21=0;s22=0;s23=0;s24=0;s25=0;s26=0;s27=0;s28=0;s29=0;s30=0;s31=0
196	0x9fbcd	4953	531	inconsistent	0	0.0	4785	0	0	0	0	0	5	0	4953	0	0.0	no_train_fit	0x30121922:640,0x58707121:257,0x30121902:256,0x74024801:256,0x5c024901:256,0x70101902:256,0x8017102:256,0x10131102:78	
157	0x98a9a	4834	693	inconsistent	0	0.0	4656	0	0	0	0	0	5	0	4834	0	0.0	no_train_fit	0x17d30104:256,0x17d4ca18:256,0x17d394fc:256,0x17d2c3a4:256,0x17d3678c:256,0x17d364f4:65,0x17d36de0:64,0x17d35b94:64	
168	0x9aa83	4535	358	inconsistent	0	0.0	4334	0	0	0	0	0	5	0	4535	0	0.0	no_train_fit	0x0:278,0x80090:272,0x88:257,0x300198:256,0x20040058:256,0x40040068:256,0x20440000:256,0x80:133	
172	0x9b68a	4530	622	inconsistent	0	0.0	4362	0	0	0	0	0	5	0	4530	0	0.0	no_train_fit	0x7d5f3cf3:256,0x79df59fa:256,0x7dff4dfd:256,0xf3ff8a77:256,0x7bdf9ff2:256,0xf7ffaf3b:256,0x7bffdc3e:256,0x77fffdfe:64	
268	0xb0007	3696	581	inconsistent	0	0.0	3493	0	0	0	0	0	5	0	3696	0	0.0	no_train_fit	0x638e27e9:256,0x80fe9e1:256,0x6b8fefd4:65,0x700e2b15:64,0x6bcff88d:64,0x80e2d65:64,0x38e2dd1:64,0x8b8e7df0:64	
333	0xbd8af	3602	526	fit	3602	100.0	0	16	0	0	0	14	5	5	3602	3602	100.0	robust	0xf983:261,0xe707:256,0xe6a7:256,0xe9c3:66,0x783:65,0xf75b:65,0xe937:64,0xa77:64	s0=1;s1=1;s2=b0.2;s3=b0.3;s4=b0.4;s5=b0.5;s6=b0.6;s7=b0.7;s8=b1.0;s9=b1.1;s10=b1.2;s11=b1.3;s12=b1.4;s13=b1.5;s14=b1.6;s15=b1.6;s16=0;s17=0;s18=0;s19=0;s20=0;s21=0;s22=0;s23=0;s24=0;s25=0;s26=0;s27=0;s28=0;s29=0;s30=0;s31=0
174	0x9bd8f	3318	465	inconsistent	0	0.0	3186	0	0	0	0	0	5	0	3318	0	0.0	no_train_fit	0xdfafcab9:256,0xffc1e7b0:256,0xf7ada6b9:256,0xdffbbebc:65,0xfd8f85ed:65,0xdfe34add:64,0xd7bd95f9:64,0xf6a5fafb:64	
315	0xb9451	3298	433	inconsistent	0	0.0	3172	0	0	0	0	0	5	0	3298	0	0.0	no_train_fit	0x73ffaed9:256,0xd6c71bf7:256,0xe7d76ffa:256,0x62ff75e5:256,0x47ef1f3d:256,0x7fef59da:64,0x4fd7ec59:64,0xe2d793f0:64	
203	0xa1484	3283	177	inconsistent	0	0.0	3120	0	0	0	0	0	5	0	3283	0	0.0	no_train_fit	0xc20000:302,0xc20810:290,0xc30900:277,0xc20950:256,0x4c30800:91,0xc20a00:79,0xc30a50:77,0x4c30840:77	
184	0x9d694	3100	469	inconsistent	0	0.0	2953	0	0	0	0	0	5	0	3100	0	0.0	no_train_fit	0x3f06161a:256,0x3f06674a:256,0x3f069c40:256,0x3f06a5f2:65,0x3f06a4c2:65,0x3f069ec4:65,0x3f0644b2:64,0x3f05e262:64	
26	0x7dbbb	3024	457	inconsistent	0	0.0	2874	0	0	0	0	0	5	0	3024	0	0.0	no_train_fit	0x6923f192:256,0x64e3c2f7:256,0x50ddd8ba:256,0x6add5d1f:256,0x90dd2bea:64,0xa8e3b6ea:64,0x511dc2a6:64,0x90e3c646:64	
123	0x91a59	2829	454	inconsistent	0	0.0	2699	0	0	0	0	0	5	0	2829	0	0.0	no_train_fit	0x674d2db8:256,0xa66ce37b:256,0xd66cb887:65,0x996c6c5d:65,0x694c6473:64,0xa9b47c85:64,0x28f49a8d:64,0x16946ff1:64	
160	0x994cf	2706	46	inconsistent	0	0.0	1728	0	0	0	0	0	5	0	2706	0	0.0	no_train_fit	0x573b8fb9:336,0x573b8fe0:263,0x573b8fc8:261,0x573b8bf0:260,0x573b8b80:141,0x573b8b98:135,0x573b8bd8:122,0x573b8b91:112	
161	0x9975a	2666	372	fit	2666	100.0	0	32	18	0	0	0	5	5	2666	2666	100.0	robust	0x69165f52:276,0xfff65ff3:256,0x6b345e7a:68,0x699e5e5a:65,0xfbfffedf:65,0x69f4ffdb:65,0x7ff6fed3:65,0xed7c7e53:64	s0=state.0;s1=1;s2=state.2;s3=state.3;s4=1;s5=state.5;s6=1;s7=state.7;s8=state.8;s9=1;s10=1;s11=1;s12=1;s13=state.13;s14=1;s15=state.15;s16=state.16;s17=state.17;s18=1;s19=state.19;s20=1;s21=state.21;s22=state.22;s23=state.23;s24=1;s25=state.25;s26=state.26;s27=1;s28=state.28;s29=1;s30=1;s31=state.31
305	0xb78b0	2662	348	inconsistent	0	0.0	2532	0	0	0	0	0	5	0	2662	0	0.0	no_train_fit	0x0:304,0x4a2000a8:256,0x10100000:65,0xfb000860:64,0xf6f60820:64,0x40800000:64,0x78f40948:64,0xf6f40440:64	
158	0x99029	2632	421	inconsistent	0	0.0	2490	0	0	0	0	0	5	0	2632	0	0.0	no_train_fit	0x3ffdbf5a:256,0x3ffcedcb:256,0x3ffd9d38:256,0xc000df0c:65,0xbffcc627:64,0xbffce498:64,0x4000ce6a:64,0xc001a266:15	
287	0xb45d2	2612	422	inconsistent	0	0.0	2474	0	0	0	0	0	5	0	2612	0	0.0	no_train_fit	0xa7b59c3:256,0xa7b6ef7:256,0xa83e6ad:256,0xa7b7523:65,0xa7bc663:64,0xa837877:64,0xa7b5893:64,0xa7bca43:16	
176	0x9c10b	2512	436	inconsistent	0	0.0	2370	0	0	0	0	0	5	0	2512	0	0.0	no_train_fit	0x98d790f0:256,0x3176e607:65,0x4ac6a880:65,0x12833a10:65,0x4022108:64,0xc008030:64,0x437ac833:64,0x67762ccb:64	
20	0x7c62b	2490	456	inconsistent	0	0.0	2352	0	0	0	0	0	5	0	2490	0	0.0	no_train_fit	0xe8750528:256,0xa5d60310:256,0xf4ee0810:66,0xf6d70200:64,0x7bfb0800:64,0xaf0f0480:64,0x77fd0000:64,0x39ef0a20:15	
198	0xa037e	2441	318	inconsistent	0	0.0	2361	0	0	0	0	0	5	0	2441	0	0.0	no_train_fit	0xc00f536a:256,0x3feeab4e:256,0xbfeab0b1:256,0x401323c2:256,0x3ff6d173:256,0xc00ec9d1:64,0xbff6ae2a:64,0xbfeb3831:64	
108	0x8f24b	2430	415	inconsistent	0	0.0	2311	0	0	0	0	0	5	0	2430	0	0.0	no_train_fit	0x3ba8fb63:256,0xbeba64cd:256,0x23e0e666:256,0xe5d186c5:64,0xbdf87471:64,0xfea100df:64,0xeac8e369:64,0x370692fb:64	
257	0xadbfd	2408	282	inconsistent	0	0.0	1000	0	0	0	0	0	5	0	2408	0	0.0	no_train_fit	0xfffeaaa7:256,0xfffcbae7:256,0xfffcab37:256,0xfffeeae7:256,0xfffeaeaf:256,0xfffff557:67,0xfffee937:64,0xfffcb70f:64	
173	0x9ba74	2374	57	inconsistent	0	0.0	2266	0	0	0	0	0	5	0	2374	0	0.0	no_train_fit	0x0:631,0x200:345,0x20000060:256,0x100:127,0x10000000:117,0x20:111,0x840:70,0x40000020:69	
300	0xb6c36	2210	135	inconsistent	0	0.0	280	0	0	0	0	0	5	0	2210	0	0.0	no_train_fit	0xfffe3240:256,0xfffebb79:256,0xfffeb21b:256,0xfffe97ef:256,0xfffe6710:256,0xfffe9ae5:256,0xfffe3185:64,0xfffe58ef:64	
243	0xaab6a	2189	287	inconsistent	0	0.0	2047	0	0	0	0	0	5	0	2189	0	0.0	no_train_fit	0xbdd0b98:256,0xbdd0ab0:67,0xf4228230:66,0xbdd02e0:65,0xbdd03b0:64,0xbdd0b38:64,0xbdd09b8:41,0xbdd05f8:40	
144	0x95887	2050	125	inconsistent	0	0.0	1924	0	0	0	0	0	5	0	2050	0	0.0	no_train_fit	0x20450090:292,0x20450010:286,0x20450100:268,0x204500d0:82,0x20450088:71,0x22450020:65,0x22450290:64,0x22450390:35	
301	0xb708d	2037	224	inconsistent	0	0.0	554	0	0	0	0	0	5	0	2037	0	0.0	no_train_fit	0xcb088110:256,0x83ec7268:256,0x93ec20b1:256,0xd3ec1300:256,0xd3f03500:64,0xcbf0122c:64,0xd3f08400:64,0xc3f1047a:64	
33	0x7f7c4	2035	361	inconsistent	0	0.0	1905	0	0	0	0	0	5	0	2035	0	0.0	no_train_fit	0x20420900:256,0x760210:64,0x420020:30,0xc20100:28,0x420120:28,0x8520000:26,0x420800:23,0x4d20820:18	
346	0xc0535	1997	423	inconsistent	0	0.0	1859	0	0	0	0	0	5	0	1997	0	0.0	no_train_fit	0x8d06c421:65,0x9824c04b:64,0xffde1e27:64,0x68695d35:64,0x4cbf92b0:64,0x3c04a50b:14,0xfff7709c:14,0x969664a4:14	
220	0xa522e	1926	248	inconsistent	0	0.0	568	0	0	0	0	0	5	0	1926	0	0.0	no_train_fit	0xe6c7fb3f:256,0xf6f47a25:256,0xc0f6147d:256,0xc6f6b6d9:256,0xe6c65dfd:64,0xf6e47d1a:64,0xf6e49b1d:64,0xf6f45b7e:64	
332	0xbd36d	1880	148	inconsistent	0	0.0	306	0	0	0	0	0	5	0	1880	0	0.0	no_train_fit	0x42368198:256,0x420e415c:256,0x420a4c54:256,0xc23e4d3c:256,0xc20ada7c:256,0x420a8754:64,0xc23e4f50:64,0xc2162d42:64	
49	0x82820	1844	233	inconsistent	0	0.0	564	0	0	0	0	0	5	0	1844	0	0.0	no_train_fit	0xaa467a21:256,0xaa4612fb:256,0xaa466929:256,0xaa46320b:64,0xaa466b3b:64,0xaa468c43:64,0xaa46d6d5:64,0xaa46e9d5:64	
352	0xc1ec4	1775	316	inconsistent	0	0.0	1691	0	0	0	0	0	5	0	1775	0	0.0	no_train_fit	0x55a73b24:256,0x55a71b10:256,0x551e07a2:64,0x359f1bbc:64,0x73a733ca:64,0x352605ea:64,0x331e04e8:64,0x732724f2:64	
256	0xad849	1516	290	inconsistent	0	0.0	923	0	0	0	0	0	5	0	1516	0	0.0	no_train_fit	0x23100020:256,0x7200008:64,0x2400820:64,0x87000000:64,0x15040020:64,0x27000088:64,0x3040638:64,0x86410408:64	
79	0x885b0	1337	242	inconsistent	0	0.0	669	0	0	0	0	0	5	0	1337	0	0.0	no_train_fit	0x1d2d283e:256,0x5a50a59e:256,0x1d2d483a:64,0xde312828:14,0x1e2bc362:14,0x1538a868:14,0x5f518f7e:14,0x5a54c57e:13	
260	0xae90b	1266	132	inconsistent	0	0.0	281	0	0	0	0	0	5	0	1266	0	0.0	no_train_fit	0x6733fa6b:256,0xb8f3f613:256,0x48f3f769:64,0x4773f74b:64,0x47f3f6ab:64,0x786df818:64,0x6853ff53:64,0x686dfb49:64	
350	0xc1926	1176	118	inconsistent	0	0.0	242	0	0	0	0	0	5	0	1176	0	0.0	no_train_fit	0x10400010:256,0x8610088:256,0x98610000:68,0x8510088:64,0x8310000:64,0x88210080:64,0x88310000:64,0x8510000:15	
192	0x9f00a	1120	138	inconsistent	0	0.0	264	0	0	0	0	0	5	0	1120	0	0.0	no_train_fit	0xd6fa:256,0x9f4e:256,0xb6d:64,0xc732:64,0x915d:64,0xb11d:64,0xd4ef:14,0x8e61:14	
319	0xba72f	1113	132	inconsistent	0	0.0	193	0	0	0	0	0	5	0	1113	0	0.0	no_train_fit	0xb9f7296a:256,0x450c8eca:256,0xe1572662:64,0x6a0b26ca:64,0x5c76e725:64,0x618b27e2:64,0x620ce462:64,0xdd0b26ca:14	
273	0xb11ca	1072	147	inconsistent	0	0.0	274	0	0	0	0	0	5	0	1072	0	0.0	no_train_fit	0x7f7d27fd:256,0xfe9f42d5:64,0xdead03fb:64,0xdfb7076e:64,0xde2f4af9:64,0xfefb22dd:64,0xbef522fb:64,0xf72f4bfb:64	
171	0x9b4b3	1069	1	fit	1069	100.0	0	0	0	0	0	0	5	5	1069	1069	100.0	robust	0x0:1069	s0=0;s1=0;s2=0;s3=0;s4=0;s5=0;s6=0;s7=0;s8=0;s9=0;s10=0;s11=0;s12=0;s13=0;s14=0;s15=0;s16=0;s17=0;s18=0;s19=0;s20=0;s21=0;s22=0;s23=0;s24=0;s25=0;s26=0;s27=0;s28=0;s29=0;s30=0;s31=0
30	0x7e849	1050	136	inconsistent	0	0.0	310	0	0	0	0	0	5	0	1050	0	0.0	no_train_fit	0xfe7e6d62:256,0xcfda9fa0:256,0x63fd00eb:65,0x8d585fa2:64,0x5bfc577f:14,0x83dc9460:13,0xaada620b:13,0x485a9be4:13	
37	0x80685	1003	130	inconsistent	0	0.0	249	0	0	0	0	0	5	0	1003	0	0.0	no_train_fit	0x3d5f2af2:256,0x79ee484f:256,0x7edf1f72:64,0x7eef5972:64,0xbfef0dfd:14,0x38de579f:14,0xfffe2fb0:14,0x7bff7fff:13	
3	0x78c77	999	237	inconsistent	0	0.0	613	0	0	0	0	0	5	0	999	0	0.0	no_train_fit	0xfcc13209:64,0x74c352e1:64,0xf4c1f061:64,0xccc31189:64,0xccc33fe1:64,0x74c31be9:15,0xfcc11101:14,0xfcc712e1:14	
128	0x9299b	955	65	inconsistent	0	0.0	22	0	0	0	0	0	5	0	955	0	0.0	no_train_fit	0x53040060:256,0x4a450000:256,0x53050420:256,0x53050000:64,0x52440000:5,0x524c0140:5,0x4a440140:4,0x52440610:4	
269	0xb045b	900	233	inconsistent	0	0.0	488	0	0	0	0	0	5	0	900	0	0.0	no_train_fit	0xd1c0a78b:256,0xa3e89fee:64,0xa3bcae47:14,0xbfbcccfd:14,0xd15cb20f:14,0x70c0a8af:14,0xc3bcaa87:14,0xc3849185:14	
154	0x97ce6	869	144	inconsistent	0	0.0	273	0	0	0	0	0	5	0	869	0	0.0	no_train_fit	0x34b119f6:64,0x34b0fda0:64,0x34ba4b01:64,0x34b91586:64,0x34b913d0:64,0x34b2426c:64,0x34ba5c00:64,0x34b8b602:64	
345	0xc02e4	860	182	inconsistent	0	0.0	317	0	0	0	0	0	5	0	860	0	0.0	no_train_fit	0xedebc3d7:256,0xcba38b55:64,0x14120330:64,0x2005306b:18,0x14898178:15,0x10001e8:14,0xeded6fa7:14,0xe000818:13	
322	0xbb3c9	834	121	inconsistent	0	0.0	228	0	0	0	0	0	5	0	834	0	0.0	no_train_fit	0x84330420:256,0x4330a08:64,0x81c00010:64,0x1c80318:64,0x81c80000:64,0x80490298:14,0x844b0298:14,0x1cb0060:14	
254	0xad32c	822	91	inconsistent	0	0.0	220	0	0	0	0	0	5	0	822	0	0.0	no_train_fit	0xfd761250:256,0xdd7611c8:64,0xfd7600e0:64,0xdd760ad8:64,0xfd760948:64,0xdd7605b8:19,0xdd760948:17,0xfd7605e0:14	
121	0x91379	737	131	inconsistent	0	0.0	305	0	0	0	0	0	5	0	737	0	0.0	no_train_fit	0xbc294f1b:256,0x6ac367d8:64,0x24dd63cc:14,0x9b80f3a6:14,0x2108a27c:14,0x383a133e:14,0x9f7d242b:14,0x1f274acd:14	
320	0xbada5	731	157	inconsistent	0	0.0	384	0	0	0	0	0	5	0	731	0	0.0	no_train_fit	0x55cb31e8:64,0xdd9b1fa8:64,0xbfeb229a:64,0x3febc77c:64,0x79e1a56c:14,0x81ebc74c:14,0x3f6b467c:14,0x162429b3:14	
52	0x833c7	726	31	fit	726	100.0	0	311	298	0	0	0	5	5	726	717	98.8	partial	0x79a30258:256,0x83bacdb7:256,0x87c366f4:65,0x7eb31e74:19,0x782b32c3:18,0x81338600:15,0x7a230878:14,0x7bcacd10:13	s0=state.0;s1=state.1;s2=state.2;s3=state.1^state.3^state.4^state.5^state.6^state.7^state.9^state.10^state.11^state.13^...+9;s4=state.1^state.2^state.4^state.6^state.8^state.9^state.11^state.13^state.22^state.24^...+2;s5=1^state.1^state.2^state.6^state.7^state.8^state.9^state.10^state.11^state.12^...+8;s6=1^state.5^state.6^state.7^state.8^state.13^state.15^state.18^state.20^state.21^...+2;s7=1^state.3^state.4^state.6^state.7^state.8^state.12^state.13^state.16^state.17^...+8;s8=1^state.0^state.1^state.4^state.5^state.6^state.9^state.10^state.12^state.16^...+8;s9=state.0^state.2^state.3^state.4^state.6^state.7^state.8^state.9^state.10^state.11^...+7;s10=state.2^state.3^state.5^state.6^state.7^state.9^state.10^state.11^state.13^state.14^...+7;s11=1^state.0^state.2^state.5^state.6^state.9^state.13^state.17^state.18^state.19^...+2;s12=state.0^state.1^state.3^state.6^state.9^state.10^state.11^state.15^state.16^state.18^...+5;s13=state.0^state.1^state.2^state.8^state.9^state.11^state.14^state.16^state.21^state.22^...+4;s14=state.0^state.1^state.2^state.6^state.7^state.9^state.10^state.11^state.12^state.13^...+6;s15=state.6^state.7^state.8^state.13^state.14^state.16^state.17^state.21^state.22^state.24^...+2;s16=1^state.7^state.8^state.9^state.10^state.11^state.14^state.17^state.18^state.20^...+2;s17=1;s18=0;s19=state.7^state.8^state.10^state.11^state.12^state.19^state.20^state.22^state.23^state.28;s20=state.3^state.6^state.7^state.8^state.9^state.14^state.17^state.23^state.27^state.28^...+1;s21=1^state.3^state.6^state.7^state.8^state.9^state.14^state.17^state.19^state.20^...+4;s22=state.3^state.6^state.7^state.8^state.9^state.14^state.17^state.19^state.20^state.23^...+3;s23=state.3^state.6^state.7^state.8^state.9^state.14^state.17^state.19^state.22^state.23^...+3;s24=state.3^state.6^state.7^state.8^state.9^state.14^state.17^state.19^state.27^state.28^...+1;s25=state.24;s26=1^state.0^state.1^state.3^state.4^state.5^state.7^state.8^state.14^state.18^...+3;s27=1^state.26;s28=1^state.26;s29=1^state.26;s30=1^state.26;s31=state.26
167	0x9a8d2	726	92	inconsistent	0	0.0	356	0	0	0	0	0	5	0	726	0	0.0	no_train_fit	0x5d91445:256,0xfdb90260:64,0xfc49255a:14,0x2477c80:14,0x3e6fc58:14,0xfaf9bfcf:14,0xfa86f860:14,0x286f630:14	
83	0x8947b	714	254	inconsistent	0	0.0	507	0	0	0	0	0	5	0	714	0	0.0	no_train_fit	0xc55a1489:64,0xc48dfd03:64,0xc9029fc8:14,0x355a19f0:14,0x395a1374:14,0xb97e1c59:14,0x46da0e27:14,0x395a029f:14	
253	0xacfb1	708	196	inconsistent	0	0.0	314	0	0	0	0	0	5	0	708	0	0.0	no_train_fit	0x741aab8b:256,0x581c843a:14,0x7018a499:14,0x7d1e6283:14,0x711aca0a:14,0x7d1a8888:13,0x711a612a:13,0x7d5a8311:13	
237	0xa8e1f	706	139	inconsistent	0	0.0	218	0	0	0	0	0	5	0	706	0	0.0	no_train_fit	0xd1bf7694:256,0xd14183a2:64,0xd7c7c058:64,0xff41b263:13,0xd1c1fef3:13,0xb1410bb7:13,0x4fc12612:13,0xb1439862:13	
70	0x8610e	697	135	inconsistent	0	0.0	225	0	0	0	0	0	5	0	697	0	0.0	no_train_fit	0x4f73aa7e:256,0x6b7343cc:64,0xf9fba0cc:64,0x2ef7eead:14,0xde7f470f:14,0xfdf37f6f:13,0xaf367fd:13,0xba7f294f:13	
124	0x91e81	639	136	inconsistent	0	0.0	312	0	0	0	0	0	5	0	639	0	0.0	no_train_fit	0xc9abfc18:64,0x9ac7ed2:64,0xc9abf668:17,0xc9abfa58:16,0xc9abf820:16,0xc9abf600:15,0xc9abf578:14,0xc9abfa18:14	
165	0x9a24c	632	1	fit	632	100.0	0	0	0	0	0	0	5	5	632	632	100.0	robust	0x0:632	s0=0;s1=0;s2=0;s3=0;s4=0;s5=0;s6=0;s7=0;s8=0;s9=0;s10=0;s11=0;s12=0;s13=0;s14=0;s15=0;s16=0;s17=0;s18=0;s19=0;s20=0;s21=0;s22=0;s23=0;s24=0;s25=0;s26=0;s27=0;s28=0;s29=0;s30=0;s31=0
239	0xa991e	619	137	inconsistent	0	0.0	414	0	0	0	0	0	5	0	619	0	0.0	no_train_fit	0x364ff7b8:67,0x364fff20:34,0x364ff610:20,0x364ff9c8:20,0x364ff608:20,0x364ffb18:18,0x364ff9e0:18,0x364ffdf0:18	
183	0x9d495	611	215	inconsistent	0	0.0	530	0	0	0	0	0	5	0	611	0	0.0	no_train_fit	0xe4ef27f2:19,0xfaff2afa:15,0xfecb67fc:14,0xbef337ea:14,0xbcfb239a:14,0xdeeb2772:14,0x7eff2ce2:13,0x7eef4ff9:13	
140	0x94e5a	560	147	inconsistent	0	0.0	265	0	0	0	0	0	5	0	560	0	0.0	no_train_fit	0x6f086bf2:64,0x8ef00a41:64,0x8f12366d:19,0x91948825:14,0x902c6b29:14,0x8f725c0c:13,0x9172241b:13,0x6ed435a1:13	
91	0x8b6de	546	193	fit	546	100.0	0	16	7	0	0	9	5	5	546	546	100.0	robust	0x840:15,0xd0:14,0xa8f4:14,0x6a78:14,0x4c0:14,0xf708:13,0x187a:13,0xdb59:13	s0=state.0;s1=state.1;s2=state.2;s3=b0.3;s4=b0.4;s5=b0.5;s6=b0.6;s7=b0.7;s8=b1.0;s9=b1.1;s10=b1.2;s11=b1.3;s12=state.12;s13=state.13;s14=state.14;s15=state.15;s16=0;s17=0;s18=0;s19=0;s20=0;s21=0;s22=0;s23=0;s24=0;s25=0;s26=0;s27=0;s28=0;s29=0;s30=0;s31=0
351	0xc1d48	542	60	inconsistent	0	0.0	170	0	0	0	0	0	5	0	542	0	0.0	no_train_fit	0x8fdf1d4d:256,0x874f7dd8:14,0xfff9bfef:14,0x87cff638:14,0xdbfff7c8:13,0xffefff70:13,0x97ee0916:13,0xfddfff68:13	
99	0x8c99a	531	15	fit	531	100.0	0	116	112	0	0	0	5	5	531	526	99.1	partial	0x402e0430:256,0x2290020:64,0x1480108:64,0x220:64,0x10000:64,0x20e0100:4,0x85430800:3,0xb4060200:3	s0=0;s1=0;s2=0;s3=state.0^state.1^state.7^state.9;s4=state.0^state.2;s5=state.2^state.5^state.7^state.11^state.12^state.15;s6=0;s7=0;s8=1^state.1^state.2^state.3^state.4^state.7^state.9^state.15^state.22;s9=state.1^state.5^state.7^state.11;s10=state.0^state.2;s11=state.0^state.12;s12=0;s13=0;s14=0;s15=0;s16=state.16;s17=state.1^state.5;s18=1^state.1^state.2^state.5^state.8^state.11^state.12^state.15^state.16;s19=state.0^state.1^state.5^state.7^state.9^state.15;s20=0;s21=state.0^state.1^state.2^state.5^state.11;s22=1^state.0^state.3^state.4^state.5^state.7^state.9^state.12^state.22;s23=state.2^state.5^state.7^state.15;s24=state.1^state.7^state.9^state.12;s25=1^state.0^state.2^state.3^state.4^state.5^state.7^state.9^state.11^state.12^...+1;s26=state.5^state.11^state.15;s27=state.3^state.5^state.8^state.11^state.12;s28=state.0^state.5^state.11^state.12^state.15;s29=state.1^state.7^state.9^state.15^state.22;s30=state.0^state.3^state.4^state.5^state.7^state.8^state.9^state.11^state.12^state.15^...+1;s31=state.0^state.1^state.2^state.5^state.9^state.12^state.22
180	0x9cf32	478	218	inconsistent	0	0.0	418	0	0	0	0	0	5	0	478	0	0.0	no_train_fit	0xfd770de8:15,0xfbfb6dfe:14,0x79310b88:14,0x79f3ffe8:14,0xfd3bd570:13,0x7dbb067c:13,0x7dbbcf58:13,0x7db3bfc4:13	
292	0xb540f	476	30	fit	476	100.0	0	221	145	0	0	73	5	5	476	449	94.3	partial	0x1c8:256,0x10:73,0xa20:68,0x20:12,0x0:10,0x40:6,0x260:6,0xa00:5	s0=0;s1=0;s2=0;s3=1^state.0^state.1^state.2^state.3^state.4^state.8^state.9^state.10^state.11^...+20;s4=1^state.2^state.3^state.4^state.7^state.10^state.17^state.21^state.22^state.25^...+13;s5=state.2^state.3^state.4^state.5^state.6^state.8^state.11^state.14^state.15^state.16^...+15;s6=state.2^state.4^state.8^state.9^state.10^state.11^state.13^state.14^state.16^state.18^...+12;s7=state.0^state.1^state.2^state.6^state.7^state.9^state.11^state.12^state.13^state.14^...+16;s8=state.0^state.4^state.7^state.8^state.10^state.11^state.13^state.16^state.17^state.19^...+18;s9=state.2^state.10^state.12^state.13^state.16^state.17^state.18^state.24^state.26^state.28^...+10;s10=state.1^state.4^state.8^state.10^state.11^state.12^state.14^state.17^state.21^state.26^...+10;s11=1^state.2^state.3^state.5^state.6^state.8^state.9^state.12^state.15^state.16^...+17;s12=0;s13=0;s14=0;s15=0;s16=0;s17=0;s18=0;s19=0;s20=0;s21=0;s22=0;s23=0;s24=0;s25=0;s26=0;s27=0;s28=0;s29=0;s30=0;s31=0
208	0xa2361	456	54	fit	456	100.0	0	403	229	0	0	155	5	5	456	117	25.7	partial	0xefe6c0ed:64,0xe5e64085:64,0xe5e40785:64,0xe5e45735:64,0xe5e6d80d:64,0xe5e64575:13,0xe5e6db7d:13,0xede498d5:9	s0=1;s1=0;s2=1;s3=b3.3;s4=1^state.1^state.10^state.12^state.13^state.14^state.15^state.18^state.21^state.23^...+15;s5=1^state.0^state.3^state.4^state.5^state.6^state.8^state.9^state.13^state.15^...+20;s6=1^state.0^state.5^state.6^state.7^state.8^state.9^state.10^state.11^state.12^...+23;s7=1^state.3^state.5^state.6^state.8^state.9^state.11^state.13^state.16^state.19^...+16;s8=state.0^state.2^state.5^state.6^state.7^state.8^state.9^state.10^state.12^state.15^...+19;s9=state.0^state.1^state.4^state.5^state.6^state.8^state.12^state.14^state.15^state.16^...+25;s10=1^state.1^state.3^state.9^state.10^state.11^state.12^state.13^state.16^state.17^...+18;s11=state.1^state.2^state.5^state.7^state.8^state.9^state.10^state.15^state.18^state.22^...+16;s12=state.1^state.2^state.5^state.10^state.13^state.19^state.21^state.22^state.23^state.24^...+12;s13=0;s14=state.0^state.3^state.8^state.9^state.10^state.11^state.12^state.13^state.14^state.17^...+18;s15=1^state.1^state.3^state.7^state.8^state.9^state.11^state.12^state.13^state.15^...+20;s16=0;s17=1^state.4^state.6^state.8^state.9^state.14^state.15^state.17^state.19^state.20^...+20;s18=1;s19=0;s20=0;s21=1;s22=1;s23=1;s24=1;s25=1^state.0^state.3^state.8^state.10^state.11^state.12^state.18^state.22^state.24^...+15;s26=1;s27=state.0^state.1^state.3^state.5^state.7^state.12^state.15^state.17^state.19^state.22^...+14;s28=0;s29=1;s30=1;s31=1
181	0x9d13f	453	45	inconsistent	0	0.0	13	0	0	0	0	0	5	5	453	426	94.0	partial	0xd0e9fe70:256,0x7e0adbaa:14,0xf7f5f698:14,0x7b649ef4:14,0x8002a7e4:14,0x8000dd8e:14,0x7e0af32a:13,0xd7f7fa80:13	
90	0x8b334	441	52	inconsistent	0	0.0	4	0	0	0	0	0	5	5	441	407	92.3	partial	0x33166fbb:256,0x33566613:64,0x37166463:13,0x33166c23:7,0x3756694b:6,0x33166a53:5,0x33566ed3:5,0x37166abb:5	
200	0xa0a9e	437	173	inconsistent	0	0.0	304	0	0	0	0	0	5	0	437	0	0.0	no_train_fit	0xc6df5b1f:14,0x6474916f:14,0x1725aa22:14,0xfe1d1ab:14,0xcc7b2c33:13,0x878d0364:13,0xd152b8b1:13,0x6c757aa6:13	
105	0x8e6b4	414	52	fit	414	100.0	0	667	405	0	0	246	5	5	414	382	92.3	partial	0x37f530:256,0x9000f728:64,0xfffff6b8:5,0x41fc38:5,0x1f818:4,0xfffff5a0:4,0x804f618:4,0xfffff7b8:4	s0=0;s1=0;s2=0;s3=1^state.4^state.9^state.11^state.12^state.14^state.18^state.22^state.27^state.30^...+9;s4=1^state.0^state.1^state.2^state.3^state.4^state.6^state.8^state.9^state.11^...+25;s5=state.1^state.5^state.7^state.8^state.11^state.15^state.17^state.18^state.19^state.20^...+16;s6=1^state.1^state.3^state.5^state.6^state.7^state.10^state.11^state.14^state.17^...+19;s7=1^state.3^state.4^state.8^state.9^state.10^state.12^state.13^state.14^state.15^...+19;s8=state.0^state.1^state.2^state.3^state.4^state.5^state.6^state.7^state.8^state.13^...+17;s9=state.3^state.4^state.5^state.7^state.13^state.16^state.18^state.22^state.23^state.25^...+15;s10=state.2^state.3^state.4^state.7^state.9^state.10^state.17^state.22^state.25^state.27^...+10;s11=state.0^state.1^state.3^state.5^state.9^state.10^state.11^state.12^state.13^state.14^...+26;s12=1;s13=1;s14=1;s15=1;s16=state.1^state.4^state.5^state.6^state.7^state.8^state.13^state.14^state.19^state.20^...+14;s17=state.0^state.1^state.2^state.5^state.7^state.8^state.9^state.10^state.11^state.13^...+17;s18=1^state.0^state.2^state.4^state.7^state.9^state.11^state.15^state.16^state.17^...+14;s19=1^state.1^state.2^state.3^state.4^state.5^state.6^state.9^state.11^state.12^...+23;s20=state.0^state.3^state.4^state.7^state.9^state.10^state.16^state.18^state.19^state.20^...+11;s21=1^state.0^state.1^state.2^state.7^state.10^state.11^state.12^state.13^state.14^...+14;s22=1^state.1^state.4^state.6^state.9^state.10^state.12^state.13^state.14^state.15^...+14;s23=state.1^state.4^state.5^state.6^state.10^state.11^state.12^state.18^state.19^state.20^...+15;s24=state.1^state.3^state.6^state.7^state.8^state.10^state.11^state.14^state.15^state.17^...+18;s25=1^state.0^state.2^state.4^state.7^state.9^state.10^state.12^state.14^state.18^...+14;s26=1^state.3^state.4^state.5^state.6^state.7^state.9^state.11^state.14^state.16^...+16;s27=1^state.1^state.2^state.5^state.6^state.7^state.8^state.9^state.10^state.13^...+24;s28=state.0^state.1^state.3^state.4^state.8^state.12^state.13^state.14^state.17^state.19^...+16;s29=state.0^state.1^state.7^state.8^state.9^state.10^state.11^state.12^state.13^state.15^...+18;s30=1^state.0^state.2^state.3^state.6^state.7^state.8^state.12^state.13^state.15^...+12;s31=state.0^state.1^state.3^state.5^state.8^state.9^state.10^state.11^state.12^state.16^...+17
118	0x90c23	390	6	fit	390	100.0	0	59	51	0	0	0	5	5	390	389	99.7	partial	0x22a80a20:256,0x12800000:64,0x128202c0:64,0xeaa40540:3,0x80000400:2,0xf0c00108:1	s0=0;s1=0;s2=0;s3=state.0^state.4;s4=0;s5=state.0^state.1^state.4;s6=1^state.0^state.1^state.3;s7=state.2^state.3;s8=1^state.1^state.2^state.4;s9=state.0^state.1^state.2^state.3^state.4;s10=state.4;s11=state.0^state.1^state.4;s12=0;s13=0;s14=0;s15=0;s16=0;s17=state.2^state.3;s18=1^state.0^state.1^state.2;s19=state.0^state.1^state.4;s20=0;s21=1^state.2^state.4;s22=state.0^state.4;s23=state.0^state.1^state.2^state.4;s24=0;s25=state.1^state.2;s26=0;s27=1^state.0^state.1^state.2;s28=1^state.0^state.1;s29=1^state.0^state.2;s30=1^state.1^state.2^state.4;s31=state.0
338	0xbf128	387	91	inconsistent	0	0.0	248	0	0	0	0	0	5	0	387	0	0.0	no_train_fit	0x63b201d8:64,0x4bf7f708:13,0xbb7b6e1:13,0x11e60106:13,0xa2335396:13,0x4c67f938:13,0x43c7c6d9:13,0xf3f75562:13	
127	0x926c3	384	3	fit	384	100.0	0	48	24	0	0	0	5	5	384	384	100.0	robust	0xfff78be9:256,0xf2e2de5:64,0xfeb80bfb:64	s0=1;s1=state.1;s2=state.2;s3=1^state.2;s4=state.1;s5=1;s6=1;s7=1;s8=1;s9=1^state.2;s10=state.2;s11=1;s12=0;s13=state.2;s14=0;s15=1^state.1^state.2;s16=1^state.1^state.2;s17=1^state.1;s18=1^state.1;s19=state.1^state.2;s20=1^state.2;s21=1;s22=1^state.1^state.2;s23=1^state.2;s24=1^state.1;s25=1;s26=1;s27=1;s28=1^state.2;s29=1^state.2;s30=1^state.2;s31=1^state.2
283	0xb3612	381	68	fit	381	100.0	0	32	32	0	0	0	5	5	381	381	100.0	robust	0x63b201d8:64,0xfdb90260:64,0xfc49255a:14,0x3e6fc58:14,0xfa86f860:14,0xbb7b6e1:13,0xa2335396:13,0x4c67f938:13	s0=state.0;s1=state.1;s2=state.2;s3=state.3;s4=state.4;s5=state.5;s6=state.6;s7=state.7;s8=state.8;s9=state.9;s10=state.10;s11=state.11;s12=state.12;s13=state.13;s14=state.14;s15=state.15;s16=state.16;s17=state.17;s18=state.18;s19=state.19;s20=state.20;s21=state.21;s22=state.22;s23=state.23;s24=state.24;s25=state.25;s26=state.26;s27=state.27;s28=state.28;s29=state.29;s30=state.30;s31=state.31
349	0xc140b	366	60	inconsistent	0	0.0	7	0	0	0	0	0	5	5	366	326	89.1	partial	0x80000086:256,0x800008af:5,0xfefff8df:5,0x7ffffb47:5,0xbe:5,0xff0000ce:5,0xfffff986:5,0x80000a0f:5	
281	0xb2db6	347	48	fit	347	100.0	0	666	445	0	0	205	5	5	347	321	92.5	partial	0x29928ecd:256,0x5c70175e:5,0xc7a6e2d3:4,0x40827923:4,0x2f8e05d1:4,0xfba67960:4,0xa722c4cd:4,0xda142bea:4	s0=b0.0;s1=b0.1;s2=b0.2;s3=b0.3;s4=state.0^state.2^state.3^state.6^state.7^state.8^state.10^state.12^state.14^state.15^...+19;s5=1^state.2^state.6^state.7^state.8^state.10^state.12^state.15^state.16^state.17^...+17;s6=1^state.0^state.2^state.4^state.5^state.6^state.10^state.13^state.14^state.16^...+16;s7=1^state.3^state.5^state.6^state.8^state.10^state.12^state.13^state.14^state.16^...+11;s8=1^state.0^state.1^state.4^state.8^state.10^state.13^state.15^state.16^state.17^...+14;s9=1^state.4^state.5^state.6^state.8^state.10^state.14^state.17^state.18^state.19^...+14;s10=state.1^state.2^state.3^state.6^state.8^state.9^state.10^state.12^state.13^state.16^...+15;s11=state.0^state.1^state.7^state.8^state.9^state.10^state.13^state.15^state.16^state.17^...+12;s12=state.0^state.1^state.3^state.5^state.8^state.10^state.11^state.12^state.13^state.14^...+19;s13=state.0^state.2^state.3^state.5^state.6^state.9^state.10^state.13^state.14^state.21^...+14;s14=state.0^state.3^state.5^state.8^state.9^state.10^state.12^state.15^state.18^state.19^...+11;s15=1^state.2^state.3^state.7^state.11^state.13^state.18^state.19^state.22^state.26^...+9;s16=0;s17=1^state.2^state.6^state.7^state.10^state.11^state.12^state.13^state.16^state.18^...+16;s18=1^state.1^state.2^state.3^state.6^state.7^state.8^state.10^state.13^state.15^...+19;s19=1^state.2^state.4^state.5^state.7^state.9^state.10^state.11^state.12^state.13^...+17;s20=state.0^state.2^state.3^state.4^state.8^state.14^state.15^state.16^state.20^state.21^...+11;s21=1^state.0^state.3^state.4^state.8^state.9^state.11^state.13^state.14^state.15^...+17;s22=1^state.1^state.8^state.9^state.10^state.11^state.12^state.14^state.15^state.16^...+13;s23=state.0^state.1^state.2^state.5^state.6^state.7^state.8^state.9^state.12^state.13^...+12;s24=state.4^state.7^state.9^state.10^state.11^state.14^state.16^state.18^state.19^state.21^...+13;s25=1^state.1^state.2^state.4^state.9^state.10^state.12^state.13^state.16^state.17^...+15;s26=state.0^state.2^state.3^state.4^state.5^state.6^state.7^state.8^state.10^state.12^...+17;s27=1^state.1^state.2^state.4^state.6^state.8^state.11^state.13^state.14^state.15^...+11;s28=state.3^state.5^state.8^state.13^state.14^state.15^state.16^state.17^state.18^state.20^...+14;s29=1^state.0^state.1^state.2^state.4^state.5^state.6^state.7^state.9^state.11^...+18;s30=1^state.0^state.1^state.2^state.3^state.7^state.8^state.11^state.12^state.14^...+13;s31=1^state.0^state.3^state.4^state.8^state.9^state.11^state.12^state.15^state.16^...+15
17	0x7bae9	346	39	fit	346	100.0	0	279	193	0	0	80	5	5	346	317	91.6	partial	0xa010:256,0x9cb8:6,0x9dd0:5,0x9b50:5,0x9980:5,0x97e0:5,0x9fb0:5,0xa078:4	s0=state.0^state.1^state.4^state.5^state.8^state.9^state.12^state.16^state.19^state.20^...+11;s1=state.0^state.1^state.4^state.5^state.8^state.9^state.12^state.16^state.19^state.20^...+11;s2=0;s3=1^state.1^state.2^state.3^state.5^state.6^state.11^state.12^state.14^state.16^...+17;s4=1^state.6^state.9^state.13^state.17^state.18^state.19^state.20^state.25^state.26^...+7;s5=state.2^state.4^state.6^state.9^state.14^state.17^state.19^state.20^state.23^state.24^...+9;s6=1^state.1^state.5^state.8^state.9^state.11^state.14^state.16^state.17^state.20^...+14;s7=state.3^state.4^state.8^state.10^state.14^state.16^state.19^state.20^state.22^state.23^...+11;s8=state.0^state.5^state.7^state.9^state.10^state.12^state.13^state.19^state.20^state.21^...+12;s9=state.1^state.2^state.3^state.4^state.5^state.6^state.8^state.10^state.12^state.15^...+12;s10=state.2^state.3^state.4^state.5^state.8^state.11^state.15^state.18^state.19^state.20^...+9;s11=1^state.0^state.1^state.6^state.11^state.12^state.13^state.14^state.20^state.22^...+12;s12=state.3^state.4^state.8^state.11^state.12^state.13^state.15^state.19^state.21^state.22^...+11;s13=1^state.3^state.4^state.8^state.11^state.12^state.13^state.15^state.19^state.21^...+12;s14=0;s15=1;s16=0;s17=0;s18=0;s19=0;s20=0;s21=0;s22=0;s23=0;s24=0;s25=0;s26=0;s27=0;s28=0;s29=0;s30=0;s31=0
201	0xa0dca	340	10	fit	340	100.0	0	139	128	0	0	0	5	5	340	337	99.1	partial	0xcf2507bc:256,0x108dcee8:64,0xe2705c4:5,0xafffc0e8:4,0x1bb0e03c:4,0x502aec08:2,0xe5ffddc5:2,0xc09ce41:1	s0=state.1^state.2;s1=0;s2=state.2^state.4;s3=1^state.2^state.5^state.8;s4=state.2^state.3;s5=state.0^state.3^state.4^state.6^state.8^state.9;s6=state.1^state.2^state.3^state.5^state.9;s7=state.0^state.1^state.4^state.6^state.8;s8=state.1^state.2^state.9;s9=state.0^state.2^state.3^state.4^state.9;s10=1^state.0^state.1^state.2^state.5;s11=1^state.0^state.1^state.2^state.3^state.6;s12=state.0^state.4^state.5^state.9;s13=1^state.4^state.5;s14=1^state.0^state.1^state.5^state.6^state.8^state.9;s15=1^state.0^state.1^state.5^state.6^state.8^state.9;s16=state.0^state.1^state.2^state.3^state.5^state.6;s17=1^state.2^state.8^state.9;s18=state.0^state.1^state.2^state.9;s19=1^state.0^state.4^state.5^state.6^state.8;s20=state.0^state.3^state.6^state.9;s21=1^state.3^state.8^state.9;s22=state.0^state.1^state.3^state.4^state.6;s23=state.0^state.2^state.3^state.4^state.5^state.6;s24=state.3;s25=state.0^state.1^state.3^state.4^state.8^state.9;s26=state.4^state.6^state.8;s27=state.0^state.1^state.2^state.5^state.9;s28=1^state.4^state.6^state.8;s29=state.0^state.1^state.3^state.4^state.6;s30=1^state.0^state.2^state.3^state.9;s31=state.1^state.2^state.3^state.6^state.8
354	0xc2241	334	1	fit	334	100.0	0	0	0	0	0	0	5	5	334	334	100.0	robust	0x0:334	s0=0;s1=0;s2=0;s3=0;s4=0;s5=0;s6=0;s7=0;s8=0;s9=0;s10=0;s11=0;s12=0;s13=0;s14=0;s15=0;s16=0;s17=0;s18=0;s19=0;s20=0;s21=0;s22=0;s23=0;s24=0;s25=0;s26=0;s27=0;s28=0;s29=0;s30=0;s31=0
291	0xb4edd	311	59	fit	311	100.0	0	772	399	0	0	356	5	5	311	279	89.7	partial	0xa622499:64,0x4faf79b9:64,0x4b656e51:64,0x8b77b279:14,0xb763460:9,0x4ae7e878:5,0x4b6f6af1:4,0x4a760678:4	s0=b2.0;s1=0;s2=1^b2.0^b2.2;s3=1^state.1^state.2^state.4^state.5^state.7^state.13^state.20^state.22^state.24^...+17;s4=1^state.2^state.7^state.9^state.11^state.15^state.16^state.17^state.18^state.19^...+17;s5=1^state.2^state.7^state.11^state.14^state.16^state.17^state.18^state.20^state.22^...+16;s6=1^state.0^state.6^state.7^state.11^state.16^state.17^state.18^state.19^state.25^...+17;s7=state.3^state.6^state.7^state.8^state.9^state.10^state.11^state.14^state.16^state.20^...+21;s8=state.2^state.4^state.6^state.7^state.9^state.10^state.11^state.12^state.14^state.15^...+22;s9=state.0^state.1^state.4^state.7^state.8^state.9^state.10^state.12^state.13^state.14^...+22;s10=state.0^state.1^state.3^state.5^state.7^state.9^state.11^state.12^state.14^state.15^...+23;s11=state.1^state.9^state.10^state.12^state.13^state.14^state.16^state.17^state.24^state.26^...+11;s12=state.2^state.3^state.4^state.5^state.6^state.8^state.9^state.10^state.15^state.16^...+21;s13=state.4^state.5^state.8^state.9^state.10^state.13^state.15^state.16^state.17^state.19^...+23;s14=1^state.2^state.3^state.4^state.5^state.7^state.8^state.11^state.12^state.14^...+18;s15=1^state.1^state.2^state.3^state.4^state.5^state.6^state.7^state.10^state.11^...+20;s16=1^state.0^state.1^state.3^state.5^state.6^state.7^state.9^state.11^state.13^...+23;s17=state.1^state.3^state.8^state.10^state.11^state.12^state.13^state.14^state.15^state.16^...+18;s18=1^state.0^state.2^state.3^state.4^state.7^state.8^state.10^state.13^state.17^...+23;s19=1^state.5^state.6^state.7^state.8^state.9^state.10^state.11^state.12^state.13^...+25;s20=1^state.1^state.2^state.4^state.6^state.7^state.12^state.17^state.24^state.25^...+14;s21=1;s22=state.0^state.4^state.5^state.8^state.9^state.10^state.12^state.13^state.14^state.16^...+20;s23=1^state.3^state.5^state.6^state.10^state.12^state.17^state.19^state.30^state.31^...+11;s24=1^state.0^state.1^state.2^state.4^state.5^state.6^state.8^state.9^state.10^...+28;s25=1;s26=state.4^state.5^state.7^state.9^state.10^state.11^state.12^state.18^state.21^state.22^...+13;s27=1;s28=1^state.2^state.3^state.5^state.6^state.10^state.13^state.14^state.16^state.17^...+17;s29=state.0^state.2^state.6^state.15^state.20^state.21^state.22^state.26^state.27^state.28^...+16;s30=state.0^state.3^state.6^state.8^state.10^state.11^state.12^state.13^state.14^state.15^...+29;s31=state.1^state.3^state.4^state.5^state.9^state.10^state.13^state.15^state.16^state.17^...+20
169	0x9af18	296	50	inconsistent	0	0.0	196	0	0	0	0	0	5	0	296	0	0.0	no_train_fit	0x114f91d6:14,0x4a2c88d8:14,0x29aadcda:14,0x3a62e032:14,0x3ae2e0d2:13,0x1055281a:13,0x40e47fd2:13,0xcb426c4c:13	
179	0x9ca8d	271	60	fit	271	100.0	0	915	494	0	0	408	5	5	271	257	94.8	partial	0xd53bfc17:64,0xd5ba75d7:13,0xd9ba1bf0:13,0xd5b3facf:13,0x163aa693:9,0xd5a2a5a9:9,0xd183f024:5,0xd5ba9753:5	s0=1^b1.0;s1=b1.0^b1.1;s2=state.0^state.1^state.4^state.10^state.13^state.14^state.16^state.20^state.21^state.22^...+19;s3=state.0^state.1^state.3^state.5^state.7^state.10^state.11^state.12^state.14^state.17^...+19;s4=1^state.0^state.2^state.9^state.10^state.11^state.12^state.13^state.14^state.16^...+20;s5=state.0^state.1^state.3^state.4^state.5^state.6^state.7^state.8^state.9^state.13^...+18;s6=state.1^state.3^state.6^state.7^state.9^state.16^state.19^state.20^state.21^state.23^...+15;s7=1^state.3^state.4^state.6^state.7^state.8^state.10^state.11^state.14^state.15^...+23;s8=state.0^state.3^state.4^state.5^state.7^state.9^state.10^state.14^state.17^state.21^...+14;s9=1^state.1^state.2^state.3^state.4^state.5^state.6^state.8^state.9^state.11^...+21;s10=1^state.0^state.1^state.6^state.11^state.12^state.15^state.17^state.18^state.20^...+11;s11=1^state.0^state.1^state.2^state.6^state.7^state.8^state.10^state.14^state.15^...+23;s12=state.0^state.1^state.2^state.3^state.5^state.6^state.9^state.12^state.13^state.16^...+23;s13=1^state.0^state.1^state.2^state.3^state.4^state.5^state.6^state.7^state.10^...+25;s14=1^state.0^state.1^state.2^state.4^state.5^state.7^state.8^state.10^state.11^...+28;s15=state.3^state.4^state.5^state.7^state.10^state.11^state.13^state.15^state.17^state.18^...+22;s16=1^state.0^state.1^state.2^state.3^state.4^state.5^state.7^state.8^state.9^...+21;s17=state.2^state.3^state.4^state.5^state.9^state.10^state.12^state.18^state.21^state.22^...+16;s18=state.1^state.4^state.5^state.7^state.9^state.10^state.14^state.17^state.18^state.19^...+22;s19=state.0^state.1^state.2^state.3^state.4^state.5^state.7^state.8^state.9^state.12^...+16;s20=state.0^state.1^state.2^state.3^state.4^state.7^state.11^state.12^state.13^state.15^...+24;s21=state.2^state.5^state.6^state.7^state.10^state.14^state.15^state.16^state.17^state.18^...+22;s22=state.1^state.2^state.3^state.4^state.10^state.12^state.15^state.16^state.17^state.18^...+22;s23=1^state.1^state.3^state.5^state.9^state.13^state.14^state.15^state.16^state.17^...+24;s24=state.0^state.1^state.3^state.4^state.5^state.8^state.12^state.14^state.15^state.16^...+26;s25=1^state.3^state.5^state.8^state.10^state.12^state.14^state.15^state.16^state.21^...+22;s26=state.0^state.8^state.10^state.13^state.14^state.15^state.17^state.19^state.20^state.21^...+13;s27=1^state.1^state.3^state.4^state.5^state.7^state.8^state.9^state.11^state.12^...+22;s28=state.1^state.2^state.5^state.6^state.7^state.8^state.9^state.10^state.11^state.12^...+25;s29=state.0^state.2^state.3^state.6^state.7^state.9^state.10^state.13^state.14^state.16^...+20;s30=1^state.1^state.3^state.4^state.5^state.8^state.10^state.11^state.12^state.14^...+21;s31=state.0^state.1^state.2^state.7^state.17^state.19^state.24^state.25^state.27^state.29^...+14
310	0xb8556	266	42	fit	266	100.0	0	32	32	0	0	0	5	5	266	266	100.0	robust	0xffaffb65:14,0x3f0612b2:14,0x2948:14,0x7df7dfda:14,0xeb377ffe:14,0x7bd7fefb:13,0xffc76ef9:13,0x7b1c5e5e:13	s0=state.0;s1=state.1;s2=state.2;s3=state.3;s4=state.4;s5=state.5;s6=state.6;s7=state.7;s8=state.8;s9=state.9;s10=state.10;s11=state.11;s12=state.12;s13=state.13;s14=state.14;s15=state.15;s16=state.16;s17=state.17;s18=state.18;s19=state.19;s20=state.20;s21=state.21;s22=state.22;s23=state.23;s24=state.24;s25=state.25;s26=state.26;s27=state.27;s28=state.28;s29=state.29;s30=state.30;s31=state.31
107	0x8eef4	256	1	fit	256	100.0	0	9	0	0	0	0	5	5	256	256	100.0	robust	0xcc9e:256	s0=0;s1=1;s2=1;s3=1;s4=1;s5=0;s6=0;s7=1;s8=0;s9=0;s10=1;s11=1;s12=0;s13=0;s14=1;s15=1;s16=0;s17=0;s18=0;s19=0;s20=0;s21=0;s22=0;s23=0;s24=0;s25=0;s26=0;s27=0;s28=0;s29=0;s30=0;s31=0
261	0xaeda2	250	46	inconsistent	0	0.0	52	0	0	0	0	0	5	5	250	219	87.6	partial	0xc50d0ff:64,0x8c5506ce:13,0xe4a8a15b:13,0x7b4312e0:13,0x8b5a7f6a:13,0x8b5a57e2:13,0xcbffd24d:13,0xc510536:13	
119	0x90ebc	243	47	inconsistent	0	0.0	65	0	0	0	0	0	5	3	243	129	53.1	partial	0xd7abcbf9:64,0xf7fe03e8:13,0x8fcf0aa8:13,0xfb9e7f7e:13,0xbfffb3f9:13,0xbfff3af6:13,0xbf7ffbfa:13,0xafeeaf45:13	
146	0x96407	238	62	fit	238	100.0	0	685	358	0	0	305	5	5	238	216	90.8	partial	0xccffc06e:64,0xacff8c6e:13,0xaafff216:13,0x20ff76e3:13,0xacfe1292:5,0x8cffb09e:5,0xcfc0cee:4,0x8affacb2:4	s0=1^b1.0;s1=b1.0^b1.1;s2=1^b1.2;s3=b1.2^b1.3;s4=1^state.1^state.2^state.8^state.10^state.13^state.16^state.19^state.20^state.25^...+14;s5=state.1^state.2^state.3^state.6^state.8^state.11^state.14^state.16^state.18^state.19^...+17;s6=1^state.0^state.1^state.2^state.3^state.4^state.5^state.6^state.10^state.13^...+25;s7=1^state.1^state.2^state.5^state.6^state.7^state.10^state.12^state.13^state.14^...+28;s8=1^state.0^state.4^state.7^state.9^state.10^state.14^state.16^state.23^state.24^...+17;s9=state.1^state.2^state.3^state.5^state.7^state.8^state.9^state.11^state.12^state.13^...+20;s10=1^state.0^state.2^state.3^state.6^state.7^state.9^state.10^state.14^state.17^...+19;s11=state.0^state.1^state.3^state.6^state.7^state.9^state.10^state.11^state.12^state.14^...+26;s12=1^state.0^state.3^state.4^state.5^state.7^state.13^state.19^state.20^state.21^...+21;s13=1^state.0^state.1^state.2^state.3^state.4^state.5^state.7^state.8^state.9^...+25;s14=state.1^state.3^state.4^state.6^state.8^state.10^state.11^state.12^state.14^state.15^...+33;s15=1^state.0^state.3^state.6^state.7^state.9^state.10^state.11^state.13^state.15^...+18;s16=1^state.0^state.2^state.5^state.6^state.7^state.8^state.9^state.11^state.13^...+26;s17=1^state.0^state.3^state.6^state.7^state.9^state.12^state.13^state.14^state.16^...+25;s18=1;s19=1;s20=1;s21=1;s22=1;s23=1;s24=0;s25=state.0^state.2^state.5^state.7^state.8^state.9^state.10^state.11^state.14^state.16^...+20;s26=1^state.2^state.4^state.6^state.9^state.13^state.15^state.18^state.19^state.20^...+18;s27=state.1^state.2^state.4^state.5^state.7^state.8^state.9^state.14^state.17^state.19^...+20;s28=1^state.1^state.5^state.7^state.11^state.13^state.14^state.15^state.16^state.17^...+20;s29=state.3^state.7^state.10^state.11^state.13^state.14^state.15^state.17^state.19^state.20^...+18;s30=1^state.6^state.7^state.10^state.11^state.14^state.15^state.19^state.20^state.21^...+17;s31=1^state.0^state.1^state.2^state.3^state.5^state.6^state.7^state.8^state.9^...+34
40	0x8115d	235	50	inconsistent	0	0.0	96	0	0	0	0	0	5	0	235	0	0.0	no_train_fit	0x3f060190:65,0x69440280:14,0xe56b0100:14,0xbffd0108:14,0xcf8d0010:14,0xcebf0620:13,0xff8f0000:13,0x7dff0090:13	
217	0xa4b11	206	13	fit	206	100.0	0	185	184	0	0	0	5	5	206	199	96.6	partial	0x8980bbdc:64,0x800:64,0xdb97836d:64,0x84e8c6e:3,0x9b3983b3:2,0x70e6a6e8:2,0x7ad79e67:1,0x3415c588:1	s0=state.4^state.5^state.6^state.7^state.8^state.9^state.21;s1=state.0^state.4^state.5^state.8;s2=state.4^state.5^state.6^state.8^state.12^state.21;s3=state.2^state.3^state.4^state.5^state.7^state.8^state.12;s4=state.1;s5=state.1^state.4^state.5^state.8^state.9;s6=state.4^state.5^state.8^state.9;s7=state.3^state.4^state.6^state.9;s8=state.0^state.3^state.4^state.6^state.12;s9=state.0^state.1^state.4^state.6^state.7^state.9^state.12;s10=state.0^state.1^state.3^state.12;s11=1^state.0^state.1^state.2^state.3^state.4^state.5^state.6^state.7^state.8^...+1;s12=state.1^state.2^state.5^state.7^state.9;s13=state.0^state.1^state.4^state.5^state.7^state.9^state.12;s14=state.0^state.2^state.3^state.4^state.7^state.9;s15=state.2^state.3^state.6^state.7^state.9;s16=state.1^state.2^state.3^state.4^state.5^state.6^state.7^state.9;s17=state.0^state.6^state.7^state.8^state.9^state.12^state.21;s18=state.0^state.2^state.3^state.4^state.7^state.8^state.21;s19=state.0^state.1^state.4^state.5^state.6^state.9^state.12^state.21;s20=state.1^state.3^state.5^state.8^state.9^state.12;s21=state.0^state.1^state.4^state.5^state.7^state.9;s22=state.0^state.6^state.8^state.9;s23=state.2^state.5^state.6^state.12;s24=state.0^state.2^state.6^state.7^state.9;s25=state.0^state.1^state.5^state.6;s26=state.0^state.1^state.2^state.3^state.4^state.6^state.9^state.12;s27=state.0^state.1^state.2^state.6^state.7^state.8^state.9^state.12^state.21;s28=state.0^state.1^state.2^state.3^state.5^state.6^state.7^state.8^state.9;s29=state.1^state.3^state.7^state.9;s30=state.0^state.2^state.4^state.7^state.21;s31=state.1^state.2^state.9
295	0xb60e0	190	57	inconsistent	0	0.0	125	0	0	0	0	0	5	0	190	0	0.0	no_train_fit	0xc6bb5abc:14,0xc6bb04e8:14,0xf7f75762:13,0xe6ffeb7f:13,0xcff7ff58:13,0xff9b51e5:13,0xf7f7ff58:13,0xee97f7e8:13	
222	0xa5f3c	177	51	fit	177	100.0	0	788	493	0	0	273	5	5	177	154	87.0	partial	0x6a272706:64,0x76e6b517:9,0x6e2d1a52:5,0x7626b96e:5,0x7626b365:4,0x56ef6297:4,0x7626b6ed:4,0x76e6b945:4	s0=1^state.0^state.2^state.4^state.5^state.6^state.7^state.9^state.10^state.12^...+17;s1=1^b2.1;s2=state.1^state.2^state.3^state.5^state.7^state.8^state.9^state.10^state.12^state.18^...+20;s3=1^state.0^state.1^state.4^state.5^state.9^state.11^state.16^state.18^state.20^...+15;s4=1^state.0^state.1^state.2^state.3^state.4^state.7^state.15^state.16^state.17^...+15;s5=state.0^state.2^state.3^state.5^state.7^state.8^state.9^state.10^state.11^state.12^...+20;s6=1^state.1^state.2^state.3^state.6^state.7^state.8^state.9^state.11^state.12^...+19;s7=state.0^state.4^state.7^state.15^state.17^state.18^state.20^state.22^state.26^state.27^...+11;s8=1^state.0^state.4^state.5^state.6^state.15^state.16^state.18^state.24^state.26^...+14;s9=1^state.0^state.5^state.6^state.9^state.11^state.13^state.15^state.16^state.17^...+19;s10=1^state.0^state.1^state.3^state.5^state.8^state.9^state.12^state.13^state.14^...+17;s11=1^state.0^state.1^state.7^state.11^state.13^state.15^state.16^state.17^state.19^...+12;s12=state.0^state.3^state.6^state.8^state.9^state.10^state.12^state.13^state.15^state.18^...+17;s13=state.0^state.3^state.4^state.9^state.10^state.11^state.12^state.13^state.14^state.15^...+15;s14=1^state.2^state.3^state.5^state.6^state.7^state.8^state.9^state.10^state.12^...+17;s15=1^state.1^state.2^state.3^state.4^state.8^state.15^state.16^state.17^state.19^...+15;s16=state.1^state.2^state.3^state.4^state.8^state.15^state.16^state.17^state.19^state.20^...+14;s17=1^state.3^state.4^state.6^state.7^state.9^state.10^state.12^state.15^state.19^...+22;s18=1^state.3^state.6^state.7^state.8^state.9^state.11^state.13^state.14^state.17^...+11;s19=1^state.2^state.3^state.4^state.5^state.6^state.7^state.8^state.9^state.11^...+18;s20=1^state.0^state.1^state.2^state.7^state.10^state.18^state.19^state.20^state.25^...+8;s21=state.0^state.1^state.2^state.7^state.10^state.18^state.19^state.20^state.25^state.27^...+7;s22=1^state.1^state.2^state.3^state.5^state.6^state.7^state.8^state.9^state.12^...+18;s23=1^state.0^state.2^state.6^state.7^state.9^state.11^state.12^state.14^state.16^...+17;s24=1^state.0^state.3^state.4^state.5^state.6^state.10^state.11^state.12^state.16^...+18;s25=state.0^state.2^state.3^state.5^state.7^state.11^state.13^state.17^state.18^state.20^...+16;s26=1^state.4^state.5^state.6^state.12^state.13^state.14^state.15^state.18^state.19^...+12;s27=1^state.5^state.6^state.10^state.12^state.13^state.17^state.18^state.19^state.21^...+13;s28=state.1^state.2^state.4^state.6^state.7^state.11^state.14^state.15^state.16^state.18^...+16;s29=1^state.1^state.3^state.5^state.9^state.11^state.13^state.14^state.18^state.19^...+20;s30=state.2^state.6^state.7^state.12^state.13^state.14^state.15^state.17^state.26^state.27^...+11;s31=1^state.0^state.1^state.6^state.9^state.11^state.14^state.17^state.23^state.27^...+12
330	0xbc9b8	169	59	inconsistent	0	0.0	14	0	0	0	0	0	5	5	169	127	75.1	partial	0x40f23bd4:64,0x58f643e4:14,0x58f33746:12,0x58f33c34:4,0x48f342b4:4,0x48f73c34:4,0x50f23c6c:3,0x48f73b2c:3	
282	0xb3128	165	58	inconsistent	0	0.0	8	0	0	0	0	0	5	3	165	69	41.8	partial	0x6c783401:64,0x65217863:5,0x5239f16e:5,0x11c6e142:4,0x5ad12cd3:4,0x3ef5e222:4,0xb977ca8c:4,0x716e3484:4	
92	0x8b8cb	158	53	fit	158	100.0	0	595	367	0	0	213	5	5	158	120	75.9	partial	0xa1bf2245:64,0xa1bf2b15:6,0xa1bf2aed:5,0xa1bf2c45:4,0xa1bf28c5:4,0xa0cf2095:4,0xa1bf2b0d:4,0xa1cf209d:4	s0=1;s1=0;s2=1;s3=b0.3;s4=state.0^state.1^state.2^state.5^state.6^state.8^state.9^state.11^state.12^state.16^...+17;s5=state.1^state.4^state.5^state.6^state.7^state.8^state.10^state.14^state.17^state.19^...+17;s6=state.1^state.3^state.4^state.5^state.6^state.7^state.8^state.13^state.15^state.16^...+18;s7=1^state.2^state.3^state.4^state.5^state.7^state.8^state.9^state.11^state.17^...+18;s8=1^state.2^state.3^state.5^state.6^state.7^state.8^state.9^state.10^state.11^...+24;s9=1^state.0^state.1^state.2^state.3^state.9^state.14^state.17^state.22^state.23^...+11;s10=1^state.1^state.3^state.5^state.7^state.8^state.9^state.10^state.11^state.12^...+22;s11=state.1^state.3^state.4^state.5^state.6^state.8^state.10^state.13^state.14^state.18^...+18;s12=0;s13=1;s14=0;s15=0;s16=1;s17=state.1^state.10^state.11^state.16^state.19^state.20^state.22^state.30^b0.4^b0.5^...+10;s18=1;s19=state.0^state.3^state.6^state.8^state.11^state.12^state.14^state.17^state.19^state.20^...+17;s20=state.0^state.4^state.5^state.7^state.8^state.9^state.10^state.15^state.17^state.18^...+15;s21=1^state.0^state.2^state.5^state.6^state.11^state.12^state.13^state.14^state.15^...+21;s22=1^state.1^state.2^state.6^state.7^state.9^state.11^state.12^state.14^state.15^...+16;s23=state.0^state.3^state.5^state.6^state.7^state.8^state.9^state.16^state.17^state.19^...+13;s24=1^state.0^state.7^state.10^state.12^state.13^state.15^state.17^state.20^state.21^...+17;s25=1^state.0^state.1^state.2^state.3^state.6^state.7^state.9^state.12^state.18^...+12;s26=state.0^state.1^state.2^state.4^state.8^state.9^state.10^state.11^state.12^state.13^...+18;s27=state.0^state.1^state.2^state.4^state.8^state.9^state.10^state.11^state.12^state.13^...+18;s28=state.0^state.1^state.2^state.4^state.8^state.9^state.10^state.11^state.12^state.13^...+18;s29=1^state.0^state.1^state.2^state.4^state.8^state.9^state.10^state.11^state.12^...+19;s30=state.0^state.1^state.3^state.5^state.6^state.7^state.9^state.10^state.12^state.15^...+17;s31=1^state.1^state.4^state.7^state.8^state.10^state.11^state.17^state.18^state.22^...+13
88	0x8aa14	145	9	fit	145	100.0	0	82	69	0	0	0	5	5	145	143	98.6	partial	0x4155c80a:64,0x415462fc:64,0x41543e3e:4,0x412b7fb9:4,0x41540855:3,0x41540aed:2,0x41544d63:2,0x41541f3d:1	s0=state.1^state.3;s1=1^state.1^state.2^state.7;s2=state.1^state.2^state.6;s3=1^state.3^state.4;s4=state.1^state.6^state.9;s5=state.0^state.1^state.6^state.7;s6=1^state.0^state.1^state.2^state.6^state.7;s7=1^state.1^state.6;s8=1^state.0^state.6;s9=1^state.0^state.3^state.9;s10=1^state.0^state.2;s11=state.0^state.1^state.2^state.3^state.4^state.6^state.9;s12=state.1^state.2^state.4^state.6^state.7^state.9;s13=1^state.1^state.2^state.7^state.9;s14=state.9;s15=state.0^state.4^state.9;s16=state.0^state.2^state.4^state.7^state.9;s17=state.2^state.7;s18=1^state.2^state.7;s19=state.2^state.7;s20=1^state.2^state.7;s21=state.2^state.7;s22=1^state.2^state.7;s23=0;s24=1;s25=0;s26=0;s27=0;s28=0;s29=0;s30=1;s31=0
129	0x92f21	136	8	fit	136	100.0	0	41	39	0	0	0	5	5	136	130	95.6	partial	0x10010:65,0x100038:64,0x20020:2,0x20000:1,0x80800:1,0x10008:1,0x200000:1,0x10000:1	s0=0;s1=0;s2=0;s3=1^state.1^state.3^state.9;s4=state.0^state.1^state.2^state.5^state.7;s5=state.0^state.1^state.3^state.4^state.5;s6=0;s7=0;s8=0;s9=0;s10=0;s11=state.1^state.2^state.4^state.9;s12=0;s13=0;s14=0;s15=0;s16=1^state.0^state.1^state.2^state.3^state.4^state.5^state.9;s17=state.2^state.3^state.5^state.7^state.9;s18=0;s19=state.1^state.2^state.4^state.9;s20=state.0^state.2^state.4;s21=state.4^state.7^state.9;s22=0;s23=0;s24=0;s25=0;s26=0;s27=0;s28=0;s29=0;s30=0;s31=0
82	0x8920e	135	7	fit	135	100.0	0	57	44	0	0	0	5	5	135	132	97.8	partial	0xa33969ea:64,0xa3396208:64,0xa33993e6:2,0xa339c54f:2,0xa339c320:1,0xa3398f8f:1,0xa3398cb9:1	s0=state.1^state.2^state.4;s1=state.1^state.2^state.3^state.4^state.17;s2=state.1^state.3^state.4^state.17;s3=state.0^state.1^state.2^state.4;s4=state.0^state.1^state.2;s5=1^state.2^state.4;s6=state.1^state.2^state.4^state.17;s7=state.17;s8=1^state.1;s9=1^state.1^state.3^state.4;s10=state.1^state.2^state.4;s11=state.0^state.1^state.3;s12=state.0^state.1^state.3^state.17;s13=state.0;s14=1^state.2^state.17;s15=1^state.0;s16=1;s17=0;s18=0;s19=1;s20=1;s21=1;s22=0;s23=0;s24=1;s25=1;s26=0;s27=0;s28=0;s29=1;s30=0;s31=1
122	0x9170d	121	24	fit	121	100.0	0	215	200	0	0	0	5	5	121	112	92.6	partial	0xe5059226:18,0xe505d4fc:13,0xe505a30b:13,0xe505c5f6:12,0xe50594f8:11,0xe5059470:11,0xe5060584:5,0xe5062189:5	s0=state.0^state.3^state.4^state.5^state.6^state.8^state.9^state.10^state.11^state.12^...+2;s1=state.1^state.2^state.6^state.8^state.10^state.11^state.12^state.13^state.14^state.16^...+3;s2=state.4^state.6^state.7^state.8^state.10^state.11^state.12^state.13^state.14^state.15^...+2;s3=state.0^state.3^state.4^state.5^state.6^state.7^state.8^state.9^state.10^state.11^...+5;s4=state.0^state.1^state.3^state.6^state.7^state.16^state.18^state.19^state.21^state.23;s5=state.0^state.2^state.6^state.8^state.10^state.11^state.13^state.15^state.16^state.17^...+2;s6=1^state.0^state.1^state.2^state.3^state.4^state.7^state.9^state.15^state.16^...+5;s7=1^state.1^state.5^state.9^state.11^state.12^state.14^state.17^state.19^state.21^...+1;s8=1^state.0^state.4^state.8^state.14^state.16^state.17^state.22;s9=1^state.0^state.1^state.2^state.10^state.11^state.13^state.14^state.18^state.19^...+1;s10=state.0^state.2^state.3^state.11^state.14^state.16^state.17^state.18^state.19;s11=1^state.1^state.2^state.3^state.6^state.8^state.12^state.14^state.16^state.17^...+3;s12=1^state.2^state.3^state.4^state.6^state.10^state.11^state.12^state.14^state.15^...+2;s13=state.0^state.2^state.3^state.4^state.6^state.10^state.13^state.16^state.19^state.21;s14=1^state.0^state.2^state.6^state.7^state.9^state.10^state.12^state.13^state.16^...+3;s15=1^state.0^state.3^state.4^state.8^state.9^state.11^state.14^state.15^state.18^...+2;s16=state.0^state.4^state.5^state.9^state.10^state.11^state.14^state.15^state.18^state.21;s17=1^state.0^state.4^state.5^state.9^state.10^state.11^state.14^state.15^state.18^...+1;s18=1;s19=0;s20=0;s21=0;s22=0;s23=0;s24=1;s25=0;s26=1;s27=0;s28=0;s29=1;s30=1;s31=1
48	0x82477	119	54	fit	119	100.0	0	223	124	0	0	75	5	5	119	91	76.5	partial	0xffff1af8:10,0xffff23b0:5,0xfffffae4:5,0xffff52c4:5,0xffff06a0:5,0xffffc564:5,0xffff8128:4,0xffff0560:4	s0=0;s1=0;s2=b0.2;s3=b0.2^b0.3;s4=1^state.0^state.1^state.2^state.3^state.6^state.8^state.9^state.10^state.11^...+18;s5=1^state.0^state.1^state.3^state.4^state.5^state.6^state.9^state.10^state.11^...+26;s6=state.2^state.4^state.5^state.6^state.7^state.9^state.10^state.11^state.14^state.15^...+22;s7=state.2^state.4^state.5^state.6^state.7^state.9^state.10^state.11^state.14^state.15^...+22;s8=state.2^state.4^state.5^state.6^state.7^state.9^state.10^state.11^state.14^state.15^...+22;s9=state.2^state.4^state.5^state.6^state.7^state.9^state.10^state.11^state.14^state.15^...+22;s10=1^b1.2;s11=1^b1.3;s12=1^b1.4;s13=1^b1.5;s14=1^b1.6;s15=1^b1.7;s16=1;s17=1;s18=1;s19=1;s20=1;s21=1;s22=1;s23=1;s24=1;s25=1;s26=1;s27=1;s28=1;s29=1;s30=1;s31=1
356	0xc291a	116	12	fit	116	100.0	0	141	127	0	0	0	5	5	116	113	97.4	partial	0xffaffb65:14,0x3f0612b2:14,0x2948:14,0x69145f5a:14,0x7df7dfda:14,0x6f95fefa:13,0xf9f3eb74:13,0xfbfb8b3c:13	s0=state.0;s1=state.1;s2=state.2;s3=state.3;s4=state.4;s5=state.5;s6=state.6;s7=state.7;s8=state.8;s9=state.9;s10=state.10;s11=1^state.0^state.3^state.4^state.6^state.10;s12=1^state.0^state.1^state.2^state.5^state.8;s13=1^state.1^state.2^state.3^state.8;s14=1^state.6^state.9;s15=1^state.1^state.2^state.3^state.5^state.6^state.7^state.8^state.10;s16=1^state.1^state.2^state.3^state.5^state.6^state.7^state.8^state.10;s17=state.0^state.1^state.4^state.5^state.7^state.9^state.10;s18=1^state.0^state.2^state.3^state.5^state.6^state.8^state.9;s19=state.0^state.1^state.2^state.5^state.6^state.8^state.10;s20=1^state.1^state.2^state.4^state.5^state.8^state.10;s21=state.1^state.3^state.5^state.6^state.7^state.9;s22=1^state.2^state.4^state.7^state.8^state.9;s23=1^state.0^state.1^state.2^state.3^state.4^state.5^state.6^state.7^state.8^...+2;s24=1^state.2^state.5^state.8^state.9;s25=state.3^state.4^state.8^state.10;s26=state.0^state.1^state.3^state.6^state.7^state.9;s27=1^state.0^state.2^state.4^state.5^state.8;s28=1^state.2^state.3^state.6^state.7^state.8^state.9^state.10;s29=state.9;s30=state.0^state.3^state.4^state.6^state.9^state.10;s31=1^state.5^state.8
216	0xa4a61	112	15	fit	112	100.0	0	148	139	0	0	0	5	5	112	105	93.8	partial	0xeb377ffe:14,0x7b1c5e5e:13,0x694cb90f:13,0xdf95e7f4:13,0x3ce04eeb:13,0xfcd60600:13,0x2af72783:13,0x4000d60c:13	s0=state.0;s1=state.1;s2=state.2;s3=state.3;s4=state.4;s5=state.5;s6=state.6;s7=state.7;s8=state.8;s9=state.9;s10=state.10;s11=state.11;s12=state.12;s13=1^state.1^state.4^state.5^state.6^state.10^state.11;s14=1^state.0^state.3^state.4^state.5^state.7^state.9^state.11;s15=1^state.1^state.3^state.4^state.5^state.8^state.9^state.11;s16=1^state.1^state.5^state.7^state.8^state.9^state.11;s17=state.17;s18=1^state.0^state.3^state.4^state.5^state.6^state.8^state.9^state.10^state.11;s19=state.1^state.2^state.4^state.5^state.6^state.8^state.9^state.17;s20=state.3^state.4^state.6^state.10^state.11;s21=state.0^state.2^state.3^state.9^state.12^state.17;s22=state.0^state.1^state.5^state.6^state.7^state.8^state.9^state.10^state.17;s23=state.3^state.4^state.5^state.6^state.12^state.17;s24=1^state.0^state.1^state.3^state.6^state.7^state.8^state.9^state.11^state.12;s25=state.0^state.1^state.6^state.7^state.10^state.11^state.12^state.17;s26=1^state.0^state.1^state.3^state.7^state.9^state.11^state.12^state.17;s27=1^state.0^state.4^state.5^state.6^state.8^state.11^state.12;s28=state.0^state.3^state.4^state.7^state.8^state.12^state.17;s29=1^state.0^state.3^state.6^state.8^state.9^state.12^state.17;s30=state.0^state.10;s31=state.0^state.3^state.6^state.9^state.10^state.11^state.12^state.17
148	0x96b6e	105	12	fit	105	100.0	0	136	135	0	0	0	5	5	105	105	100.0	robust	0x4000000:64,0x20000:5,0xc0a05901:5,0xb108:4,0x1002610e:4,0x64d21040:4,0x41500915:4,0x8100000:4	s0=state.4^state.6;s1=state.1^state.2^state.3^state.7;s2=state.3^state.7;s3=state.0^state.7^state.9;s4=state.0^state.1^state.4^state.7^state.9;s5=state.0^state.1^state.4^state.6;s6=state.0^state.1^state.7^state.9;s7=state.0^state.1^state.2^state.4^state.5^state.9^state.11;s8=state.0^state.4^state.6^state.7^state.9;s9=state.1^state.2^state.6^state.7^state.9;s10=state.0^state.2^state.4^state.7^state.9;s11=state.0^state.1^state.7^state.9^state.11;s12=state.2^state.3^state.4^state.9;s13=state.1^state.4^state.6^state.7^state.9;s14=state.0^state.2^state.3^state.6^state.9;s15=state.0^state.3^state.6^state.7;s16=state.0^state.1^state.2^state.4^state.5^state.9^state.11;s17=1^state.0^state.1^state.2^state.5^state.10^state.11;s18=0;s19=0;s20=state.0^state.5^state.6^state.7^state.10^state.11;s21=state.4^state.7^state.9;s22=state.1^state.2^state.4^state.6^state.7^state.9;s23=state.0^state.2^state.4^state.6^state.7^state.9;s24=state.1^state.2;s25=0;s26=state.0^state.1^state.3^state.4^state.5^state.6^state.7^state.11;s27=state.1^state.2^state.6^state.7^state.9^state.10;s28=state.0^state.1^state.3^state.4^state.9;s29=state.0^state.2^state.6;s30=state.0^state.2^state.4;s31=state.0^state.1^state.6^state.7^state.9
95	0x8c41c	92	13	fit	92	100.0	0	135	121	0	0	0	5	5	92	87	94.6	partial	0x585c5c02:14,0x69945ffa:13,0xffc76ef9:13,0x727e02a8:13,0x58a4dcd6:13,0x5ee7d2fb:13,0x3ffda2b6:4,0xc04a030:4	s0=state.0;s1=state.1;s2=state.2;s3=state.3;s4=state.4;s5=state.5;s6=state.6;s7=state.7;s8=state.8;s9=state.9;s10=state.10;s11=state.11;s12=state.1^state.2^state.3^state.4^state.5^state.6^state.7^state.9;s13=1^state.0^state.2^state.6^state.9^state.11;s14=1^state.3^state.4^state.7^state.9^state.10^state.11;s15=1^state.0^state.1^state.2^state.3^state.6^state.7^state.9;s16=state.0^state.3^state.9^state.10^state.11;s17=state.3^state.8^state.10^state.11;s18=1;s19=1^state.0^state.2^state.3^state.5^state.8;s20=1^state.1^state.2^state.5^state.9^state.10;s21=1^state.0^state.2^state.4^state.7^state.8^state.9^state.10;s22=1^state.1^state.2^state.3^state.4^state.7^state.11;s23=state.1^state.2^state.4^state.5^state.6^state.8^state.9^state.11;s24=1^state.3^state.5^state.9^state.10;s25=state.0^state.3^state.4^state.5^state.7;s26=state.0^state.1^state.2^state.4^state.8^state.11;s27=1^state.1^state.3^state.4^state.5^state.6^state.8^state.9^state.10;s28=1^state.1^state.2^state.5^state.6^state.9^state.10;s29=1^state.1^state.2^state.3^state.4^state.6^state.7^state.8^state.10^state.11;s30=1^state.3^state.5;s31=1^state.1^state.4^state.7
280	0xb2661	86	7	fit	86	100.0	0	92	79	0	0	0	5	5	86	86	100.0	robust	0xdaa36894:64,0x5197067c:5,0xc83494c:5,0x39b365f4:4,0x12bf0588:4,0x39b74718:2,0xaa70890:2	s0=0;s1=0;s2=state.0^state.2^state.4;s3=1^state.0^state.3^state.4^state.5;s4=state.0^state.2;s5=state.1^state.2^state.3;s6=1^state.0^state.1^state.4^state.5;s7=state.0;s8=1^state.0^state.1^state.2^state.4^state.5;s9=state.2^state.3^state.4^state.5;s10=1^state.0^state.1^state.3^state.5;s11=state.0^state.1^state.3^state.5;s12=0;s13=state.0^state.3;s14=state.0^state.3^state.5;s15=0;s16=1;s17=1;s18=state.2^state.4^state.5;s19=state.3^state.4^state.5;s20=1^state.0^state.1^state.3^state.5;s21=1^state.2^state.3^state.4;s22=0;s23=1;s24=1^state.0^state.1^state.4;s25=1^state.1^state.2^state.3^state.5;s26=1^state.0^state.2^state.3^state.4^state.5;s27=state.0^state.3^state.4;s28=state.0^state.2^state.3;s29=state.1^state.4^state.5;s30=state.0^state.1^state.2;s31=1^state.1^state.2^state.5
278	0xb2342	82	8	fit	82	100.0	0	83	74	0	0	0	5	5	82	80	97.6	partial	0x400110fe:14,0x78de0800:14,0x5f8f8af3:13,0xbffcca14:13,0xf21b0800:13,0x3ffce85e:13,0xf9957e52:1,0x78ef0800:1	s0=state.0;s1=state.1;s2=state.2;s3=state.3;s4=state.1^state.2^state.3;s5=state.5;s6=state.1;s7=state.5;s8=0;s9=state.1^state.2;s10=state.0^state.1^state.3;s11=1^state.0^state.5;s12=state.1^state.3^state.5;s13=state.1^state.5;s14=state.1^state.2^state.3^state.5;s15=state.2^state.5;s16=state.16;s17=1^state.0^state.1^state.2^state.3;s18=state.18;s19=1^state.1^state.3^state.5;s20=state.1^state.3^state.5^state.16^state.18;s21=1^state.0^state.1^state.2^state.3^state.5^state.16^state.18;s22=state.1^state.3^state.18;s23=state.18;s24=state.0^state.1^state.2^state.3^state.5;s25=1^state.0^state.2^state.18;s26=state.2^state.5;s27=state.18;s28=1^state.0^state.5;s29=1^state.5;s30=1^state.0^state.2^state.5;s31=1^state.1^state.2^state.5^state.18
190	0x9eacb	81	6	fit	81	100.0	0	49	44	0	0	0	5	5	81	81	100.0	robust	0xf080800:64,0x5c100300:4,0x9c040808:4,0xee50000:4,0x90c00800:3,0x1ce40300:2	s0=0;s1=0;s2=0;s3=state.0;s4=0;s5=0;s6=0;s7=0;s8=state.0^state.1^state.2^state.4;s9=state.0^state.1^state.2^state.4;s10=0;s11=1^state.1^state.3^state.4;s12=0;s13=0;s14=0;s15=0;s16=state.0^state.2^state.3;s17=0;s18=state.3;s19=state.0^state.1^state.3;s20=state.0^state.1^state.4;s21=state.0^state.3;s22=1^state.0^state.3^state.4;s23=1^state.0^state.3^state.4;s24=state.0^state.1^state.3;s25=state.1^state.2;s26=state.4;s27=state.4;s28=1^state.1^state.2;s29=0;s30=state.0^state.1^state.4;s31=1^state.0^state.4
94	0x8bd69	74	4	fit	74	100.0	0	25	16	0	0	0	5	5	74	74	100.0	robust	0xe966:64,0x2966:4,0x32be:3,0x323d:3	s0=state.0^state.7;s1=1^state.0^state.7;s2=1;s3=1^state.0;s4=1^state.0;s5=1;s6=state.0;s7=1^state.7;s8=state.0;s9=1^state.0;s10=0;s11=state.0;s12=1^state.0;s13=1;s14=state.0^state.2;s15=state.0^state.2;s16=0;s17=0;s18=0;s19=0;s20=0;s21=0;s22=0;s23=0;s24=0;s25=0;s26=0;s27=0;s28=0;s29=0;s30=0;s31=0
250	0xac802	72	4	fit	72	100.0	0	61	39	0	0	0	5	5	72	71	98.6	partial	0x5fde335e:64,0xef5f795c:4,0x3fade73f:3,0x5f7dbcf8:1	s0=state.0;s1=state.2;s2=1^state.2^state.6;s3=1;s4=1;s5=state.0^state.2^state.6;s6=1^state.0;s7=state.2^state.6;s8=1^state.2^state.6;s9=state.2;s10=state.0^state.2^state.6;s11=1^state.2;s12=1^state.0;s13=1;s14=1^state.0^state.6;s15=state.0^state.2^state.6;s16=1^state.0^state.2;s17=1^state.0^state.2^state.6;s18=1;s19=1;s20=1^state.0;s21=state.0^state.2^state.6;s22=1^state.0;s23=state.2;s24=1;s25=1;s26=1;s27=1;s28=state.6;s29=1^state.0^state.6;s30=1^state.0;s31=1^state.6
311	0xb86f8	67	10	fit	67	100.0	0	110	102	0	0	0	5	5	67	64	95.5	partial	0x7bd7fefb:13,0xf8e60910:13,0xe74477c6:13,0x841ab3c5:13,0xe9cdbd2a:4,0xbffd4e77:4,0xceebcfb8:4,0xdfe1fdbf:1	s0=state.0;s1=state.1;s2=state.2;s3=state.3;s4=state.4;s5=state.5;s6=state.6;s7=state.7;s8=state.8;s9=state.2^state.3^state.4^state.6^state.8;s10=state.1^state.2^state.3^state.4^state.8;s11=1^state.3^state.4^state.6^state.7^state.8;s12=state.0^state.1^state.2^state.6;s13=1^state.0^state.1^state.2^state.3^state.4^state.6^state.7;s14=state.1^state.2^state.3^state.6;s15=state.1^state.2^state.3^state.5^state.6^state.7;s16=state.5;s17=state.0^state.5^state.7^state.8;s18=state.0^state.2^state.3^state.4;s19=state.1^state.7;s20=1^state.1^state.2^state.5^state.6^state.7^state.8;s21=1^state.3^state.4^state.5^state.8;s22=1^state.1^state.2^state.5^state.6^state.7;s23=state.0^state.1^state.3^state.6^state.7^state.8;s24=state.1;s25=state.1^state.2^state.3^state.6;s26=1^state.0^state.1^state.3^state.8;s27=state.6^state.8;s28=state.2^state.3^state.8;s29=1^state.1^state.2^state.3;s30=1^state.0^state.2^state.6;s31=state.0^state.1^state.5^state.7^state.8
317	0xba1e2	66	44	fit	66	100.0	0	371	274	0	0	81	5	5	66	32	48.5	partial	0x18e7eeed:4,0x18e80754:4,0x18e806b4:4,0x18e8048d:4,0x18e83c4c:4,0x18e7f78d:3,0x18e82105:3,0x18e883b4:2	s0=1^b0.0;s1=0;s2=1;s3=b0.0^b0.3;s4=state.0^state.1^state.5^state.8^state.9^state.10^state.14^state.17^state.18^state.19^...+12;s5=1^state.2^state.3^state.4^state.5^state.7^state.8^state.9^state.10^state.11^...+18;s6=state.0^state.4^state.6^state.7^state.10^state.12^state.13^state.17^state.19^state.24^...+6;s7=1^state.0^state.7^state.10^state.11^state.13^state.14^state.15^state.16^state.17^...+9;s8=state.0^state.1^state.3^state.5^state.6^state.7^state.8^state.9^state.10^state.11^...+17;s9=state.0^state.3^state.5^state.8^state.12^state.14^state.16^state.26^state.28^state.31^...+3;s10=1^state.0^state.1^state.2^state.3^state.6^state.7^state.8^state.9^state.10^...+11;s11=state.1^state.2^state.3^state.5^state.9^state.12^state.13^state.16^state.18^state.20^...+17;s12=1^state.0^state.3^state.4^state.5^state.10^state.11^state.13^state.14^state.15^...+12;s13=1^state.0^state.3^state.4^state.5^state.10^state.11^state.13^state.14^state.15^...+13;s14=1^state.0^state.1^state.6^state.7^state.8^state.9^state.12^state.14^state.18^...+13;s15=state.0^state.1^state.5^state.8^state.10^state.12^state.13^state.14^state.16^state.17^...+11;s16=1^state.0^state.5^state.6^state.8^state.9^state.11^state.13^state.14^state.15^...+15;s17=1^state.0^state.5^state.6^state.8^state.9^state.11^state.13^state.14^state.15^...+15;s18=1^state.0^state.5^state.6^state.8^state.9^state.11^state.13^state.14^state.15^...+15;s19=state.0^state.5^state.6^state.8^state.9^state.11^state.13^state.14^state.15^state.16^...+14;s20=0;s21=1;s22=1;s23=1;s24=0;s25=0;s26=0;s27=1;s28=1;s29=0;s30=0;s31=0
102	0x8d71d	64	1	fit	64	100.0	0	16	0	0	0	0	5	5	64	64	100.0	robust	0x3f069ec4:64	s0=0;s1=0;s2=1;s3=0;s4=0;s5=0;s6=1;s7=1;s8=0;s9=1;s10=1;s11=1;s12=1;s13=0;s14=0;s15=1;s16=0;s17=1;s18=1;s19=0;s20=0;s21=0;s22=0;s23=0;s24=1;s25=1;s26=1;s27=1;s28=1;s29=1;s30=0;s31=0
264	0xaf4cf	49	7	fit	49	100.0	0	95	78	0	0	0	5	5	49	47	95.9	partial	0x7f3e7f7b:13,0xc917a90d:13,0x69145e5a:13,0x984d244d:4,0xe76c8b67:4,0xfb8d8b71:1,0xebbf6e54:1	s0=state.0;s1=state.1;s2=state.2;s3=state.3;s4=1^state.1^state.3;s5=state.5;s6=state.6;s7=0;s8=1^state.5^state.6;s9=1^state.0^state.5;s10=1^state.1^state.2^state.6;s11=state.0^state.5^state.6;s12=state.0^state.3^state.5;s13=1^state.0^state.3;s14=state.0^state.1^state.2^state.5;s15=state.1^state.2^state.6;s16=1^state.1;s17=state.3^state.5^state.6;s18=1;s19=1^state.0^state.1^state.2^state.3^state.6;s20=1^state.0^state.1^state.2^state.5^state.6;s21=1^state.0^state.1;s22=1^state.1^state.3^state.6;s23=1^state.0^state.1^state.5;s24=state.0^state.5^state.6;s25=state.1^state.2^state.3^state.5;s26=1^state.0^state.2^state.3;s27=1^state.0^state.1^state.3^state.5;s28=1^state.1^state.3^state.5^state.6;s29=1^state.0^state.5;s30=state.0^state.5^state.6;s31=1^state.0^state.3^state.5
0	0x78561	48	4	fit	48	100.0	0	35	22	0	0	0	5	5	48	48	100.0	robust	0x2519ccf7:17,0x2519fa83:14,0x25198152:10,0x25190b27:7	s0=1^state.0;s1=1;s2=1^state.2;s3=0;s4=state.4;s5=1^state.2;s6=state.4;s7=state.2^state.4;s8=1^state.2^state.4;s9=1^state.4;s10=state.0^state.4;s11=1^state.0;s12=state.0^state.2;s13=state.0^state.2;s14=state.2^state.4;s15=state.0^state.2^state.4;s16=1;s17=0;s18=0;s19=1;s20=1;s21=0;s22=0;s23=0;s24=1;s25=0;s26=1;s27=0;s28=0;s29=1;s30=0;s31=0
242	0xaa87d	43	8	fit	43	100.0	0	116	100	0	0	0	5	5	43	39	90.7	partial	0xfbfb525a:14,0xfc0507b0:12,0xaffa3ebc:9,0xeffe5f9b:4,0xa3850390:1,0xa3fe9eb7:1,0xa3fa29e0:1,0xb7fed694:1	s0=state.0;s1=state.1;s2=state.2;s3=state.1^state.5;s4=state.0^state.1^state.2^state.4^state.5;s5=1^state.0^state.1^state.2^state.3^state.4^state.8;s6=1^state.2^state.4^state.5;s7=1^state.0^state.1;s8=1^state.0^state.1^state.2;s9=state.0^state.1^state.2^state.4^state.5;s10=state.2^state.8;s11=1^state.0^state.1^state.2^state.3^state.4;s12=state.0^state.1^state.2^state.3;s13=1^state.1^state.2^state.3^state.4;s14=state.0^state.1^state.2^state.3^state.5;s15=state.0^state.2^state.3^state.5;s16=state.0^state.1^state.3^state.4^state.5;s17=1^state.3^state.4^state.5;s18=state.0^state.2^state.3^state.4;s19=1^state.3^state.4^state.5;s20=1^state.3^state.4^state.5;s21=1^state.3^state.4^state.5;s22=1^state.3^state.4^state.5;s23=1^state.3^state.8;s24=1^state.3^state.8;s25=1^state.3^state.8;s26=state.0^state.2^state.3^state.8;s27=state.1^state.3^state.5^state.8;s28=state.0^state.1^state.2^state.3^state.5^state.8;s29=1;s30=state.0^state.1^state.8;s31=1
62	0x84aa3	36	11	fit	36	100.0	0	146	133	0	0	0	5	5	36	28	77.8	partial	0xdb047aa7:14,0x171070c7:12,0xd2bcf2a6:2,0xc348da38:1,0x9f106d6f:1,0xc1444007:1,0xbf4469c2:1,0xcf64669d:1	s0=1^state.0;s1=1^state.1;s2=1^state.2;s3=state.2^state.6^state.30;s4=state.1;s5=state.3^state.4^state.6^state.30;s6=1^state.3^state.4^state.5^state.6;s7=1^state.1^state.3^state.7^state.30;s8=state.0^state.2^state.3^state.5^state.7^state.12^state.30;s9=state.0^state.1^state.4^state.5^state.6^state.7^state.12;s10=state.0^state.1^state.3^state.5^state.7^state.12^state.30;s11=state.0^state.3^state.30;s12=1^state.0^state.1^state.4^state.5^state.6^state.7^state.12^state.30;s13=1^state.2^state.3^state.4^state.6;s14=1;s15=state.0^state.2^state.3^state.4^state.5^state.6^state.7;s16=0;s17=state.0^state.1^state.2^state.3^state.4^state.5^state.7^state.12;s18=state.2^state.6;s19=state.0^state.2^state.4^state.6;s20=1^state.0^state.4;s21=state.0^state.1^state.2^state.3^state.4^state.5^state.6^state.7;s22=state.0^state.2^state.4^state.5^state.6^state.12;s23=state.0^state.2^state.4^state.7;s24=1^state.0^state.2^state.4^state.7;s25=1^state.2^state.5^state.7;s26=1^state.0^state.2^state.3^state.4^state.5^state.12;s27=state.0^state.1^state.4^state.5^state.30;s28=1^state.1^state.2^state.4^state.5;s29=state.0^state.1^state.6^state.12;s30=state.0^state.1^state.2^state.6^state.7^state.12;s31=state.1^state.3^state.5^state.6^state.30
151	0x97311	34	9	fit	34	100.0	0	155	138	0	0	0	5	5	34	34	100.0	robust	0x972464f1:5,0x89e5e62f:5,0x892dd590:4,0xbf2c8143:4,0x8b6bea15:4,0x8bddc61d:4,0x8964983c:4,0x9b2db8cc:2	s0=state.1^state.3^state.4^state.6^state.8^state.10;s1=state.0^state.1^state.4^state.7^state.10;s2=1^state.0^state.1^state.4^state.10;s3=1^state.0^state.1^state.3^state.4^state.8^state.10;s4=state.4^state.7^state.8^state.10;s5=state.0^state.3^state.4^state.6^state.7^state.10;s6=1^state.0^state.1^state.3^state.7^state.10;s7=1^state.1^state.8^state.10;s8=state.0^state.3^state.7^state.8;s9=state.1^state.3^state.8;s10=state.0^state.1^state.10;s11=1^state.0^state.3^state.6^state.7^state.8^state.10;s12=1^state.1^state.3^state.4^state.6^state.8^state.10;s13=1^state.4^state.8;s14=state.0^state.1^state.3^state.8^state.10;s15=1^state.1^state.6^state.10;s16=1^state.1^state.3^state.6;s17=state.4^state.6^state.7;s18=1^state.4^state.6^state.7;s19=1^state.0^state.3^state.4^state.6^state.7^state.10;s20=state.0^state.1^state.3^state.4^state.6^state.8^state.10;s21=1^state.0^state.1^state.3^state.4^state.6^state.8^state.10;s22=state.3^state.6^state.7^state.10;s23=state.1^state.3^state.4^state.6^state.7^state.8;s24=1^state.3^state.4^state.6^state.7^state.8;s25=1^state.3^state.4^state.6^state.7;s26=state.4^state.6^state.10;s27=1^state.1^state.3^state.4^state.7^state.8^state.10;s28=1^state.0^state.1^state.3^state.7^state.10;s29=state.1^state.3^state.6^state.7^state.8;s30=0;s31=1
336	0xbe8cd	33	10	fit	33	100.0	0	46	45	0	0	0	5	5	33	33	100.0	robust	0x160:4,0x10000000:4,0x11400800:4,0x100:4,0x400800:4,0x1000030:4,0x0:3,0x68:2	s0=0;s1=0;s2=0;s3=state.0^state.1^state.7^state.14;s4=state.3^state.5;s5=state.1^state.2^state.4^state.5^state.6;s6=state.1^state.2^state.3^state.4^state.6;s7=state.1^state.2^state.4^state.6;s8=state.0^state.2^state.3^state.14;s9=0;s10=0;s11=state.3^state.4^state.5^state.6^state.7^state.14;s12=0;s13=0;s14=0;s15=0;s16=0;s17=0;s18=0;s19=0;s20=0;s21=0;s22=state.0^state.1^state.2;s23=0;s24=state.0^state.4^state.6^state.7^state.14;s25=0;s26=0;s27=0;s28=1^state.0^state.1^state.2^state.3^state.5^state.6^state.14;s29=0;s30=0;s31=0
326	0xbc06d	31	2	fit	31	100.0	0	33	19	0	0	0	5	5	31	31	100.0	robust	0xa1488460:18,0x5694cb44:13	s0=0;s1=0;s2=1^state.0;s3=0;s4=0;s5=state.0;s6=1;s7=0;s8=1^state.0;s9=1^state.0;s10=state.0;s11=1^state.0;s12=0;s13=0;s14=1^state.0;s15=1;s16=0;s17=0;s18=1^state.0;s19=state.0;s20=1^state.0;s21=0;s22=state.0;s23=1^state.0;s24=state.0;s25=1^state.0;s26=1^state.0;s27=0;s28=1^state.0;s29=state.0;s30=1^state.0;s31=state.0
186	0x9dcae	29	8	fit	29	100.0	0	102	88	0	0	0	5	5	29	29	100.0	robust	0x0:6,0x1040080:5,0x60100808:5,0x701a0800:4,0x72190060:3,0x9810400:2,0x9800800:2,0x80010400:2	s0=0;s1=0;s2=0;s3=1^state.1^state.3^state.9^state.12;s4=0;s5=1^state.1^state.2^state.3^state.7^state.9^state.12;s6=1^state.1^state.2^state.3^state.7^state.9^state.12;s7=state.0^state.5^state.9;s8=0;s9=0;s10=1^state.0^state.1^state.5^state.12;s11=1^state.0^state.1^state.7^state.9^state.12;s12=0;s13=0;s14=0;s15=0;s16=state.0^state.2^state.3^state.5^state.7^state.9;s17=1^state.0^state.1^state.3^state.9^state.12;s18=state.0^state.5^state.9;s19=state.0^state.2^state.7;s20=1^state.0^state.1^state.2^state.3^state.7^state.9^state.12;s21=0;s22=0;s23=1^state.5^state.7^state.12;s24=1^state.0^state.7^state.9^state.12;s25=1^state.1^state.2^state.3^state.7^state.9^state.12;s26=0;s27=1^state.5^state.7^state.12;s28=state.0^state.2^state.7;s29=1^state.0^state.1^state.2^state.3^state.7^state.9^state.12;s30=1^state.0^state.1^state.2^state.3^state.7^state.9^state.12;s31=1^state.0^state.9^state.12
348	0xc0d7d	28	10	fit	28	100.0	0	37	35	0	0	0	5	5	28	24	85.7	partial	0x1000500:7,0x0:5,0x1000200:4,0x1000610:3,0x1000300:2,0x1000400:2,0x1000000:2,0x10800000:1	s0=0;s1=0;s2=0;s3=0;s4=state.1^state.4^state.7^state.8;s5=0;s6=0;s7=0;s8=1^state.0^state.1^state.2^state.3^state.4^state.10;s9=state.0^state.2^state.5^state.6^state.8;s10=state.1^state.3;s11=0;s12=0;s13=0;s14=0;s15=0;s16=0;s17=0;s18=0;s19=0;s20=0;s21=0;s22=0;s23=state.1^state.3^state.4^state.8^state.9;s24=state.3^state.4^state.5^state.6^state.7^state.8^state.10;s25=0;s26=0;s27=0;s28=1^state.2^state.3^state.4^state.6^state.8^state.9;s29=0;s30=0;s31=0
74	0x86d43	25	8	fit	25	100.0	0	129	111	0	0	0	5	5	25	22	88.0	partial	0xec53214c:5,0x6d25a014:5,0x991ea155:4,0x3925ef3a:4,0x6d1f803c:4,0x483dcb46:1,0xb7251f2c:1,0xc925f74f:1	s0=state.2^state.3;s1=1^state.2^state.4^state.5;s2=state.0^state.1^state.3^state.5;s3=1^state.3^state.4^state.5^state.6;s4=1^state.1^state.2^state.3^state.4^state.5^state.6;s5=1^state.0^state.2^state.6;s6=state.1^state.2^state.3^state.5;s7=0;s8=1^state.1;s9=1^state.0^state.1^state.4^state.5;s10=1^state.0^state.1^state.2^state.4^state.5^state.6;s11=1^state.3^state.5^state.6;s12=state.2^state.3^state.4^state.6;s13=1^state.1^state.3^state.5;s14=1^state.2^state.4^state.5;s15=1^state.0^state.5^state.6;s16=1^state.0^state.1^state.2^state.4^state.6;s17=state.3^state.4^state.6;s18=1^state.1^state.2^state.5^state.6;s19=state.1^state.3^state.4^state.5^state.6;s20=state.2^state.3^state.4;s21=1^state.3^state.4^state.6;s22=state.1^state.2^state.5^state.6;s23=0;s24=1^state.1^state.5;s25=state.0^state.1^state.2;s26=state.0^state.1^state.5^state.6;s27=1^state.0^state.1^state.2;s28=1^state.0^state.1^state.3^state.4^state.5^state.6;s29=1^state.3^state.6;s30=state.0^state.1^state.3^state.4^state.5^state.6;s31=state.0^state.2^state.3^state.5^state.6
125	0x922c4	19	7	fit	19	100.0	0	65	58	0	0	0	5	5	19	13	68.4	partial	0x430108c0:13,0x382501e0:1,0x58:1,0x52200488:1,0x28c001e0:1,0x10110:1,0x6a040490:1	s0=0;s1=0;s2=0;s3=state.2^state.5;s4=1^state.0^state.5;s5=state.2;s6=state.0^state.2;s7=state.1^state.2^state.4;s8=1^state.2^state.3;s9=0;s10=state.0^state.2^state.3;s11=state.0^state.1^state.2^state.3^state.4;s12=0;s13=0;s14=0;s15=0;s16=state.2^state.3^state.4;s17=0;s18=1^state.2^state.3^state.4^state.5;s19=0;s20=0;s21=1^state.0^state.4^state.5;s22=1^state.0^state.1^state.2^state.3;s23=1^state.0^state.1^state.2^state.3;s24=state.0^state.1^state.2^state.3^state.4;s25=state.1^state.4;s26=0;s27=state.0^state.1^state.4^state.5;s28=1^state.0^state.4^state.5;s29=state.0^state.1^state.4^state.5;s30=state.1^state.4;s31=0
321	0xbb1dd	19	3	fit	19	100.0	0	38	23	0	0	0	5	5	19	19	100.0	robust	0x3f06a742:13,0x3f06018a:3,0xd7b4a7cd:3	s0=state.0;s1=1^state.0;s2=state.0;s3=state.3;s4=0;s5=0;s6=1^state.0^state.3;s7=state.3;s8=1;s9=1^state.0^state.3;s10=1^state.0^state.3;s11=0;s12=0;s13=1^state.0^state.3;s14=0;s15=1^state.0^state.3;s16=0;s17=1^state.0;s18=1;s19=0;s20=state.0;s21=state.0;s22=0;s23=state.0;s24=1;s25=1;s26=1;s27=1^state.0;s28=1;s29=1^state.0;s30=state.0;s31=state.0
251	0xacbc5	17	1	fit	17	100.0	0	13	0	0	0	0	5	5	17	17	100.0	robust	0x7cf10610:17	s0=0;s1=0;s2=0;s3=0;s4=1;s5=0;s6=0;s7=0;s8=0;s9=1;s10=1;s11=0;s12=0;s13=0;s14=0;s15=0;s16=1;s17=0;s18=0;s19=0;s20=1;s21=1;s22=1;s23=1;s24=0;s25=0;s26=1;s27=1;s28=1;s29=1;s30=1;s31=0
290	0xb4c00	17	2	fit	17	100.0	0	12	6	0	0	0	5	5	17	17	100.0	robust	0x20800:10,0x16040808:7	s0=0;s1=0;s2=0;s3=1^state.4;s4=0;s5=0;s6=0;s7=0;s8=0;s9=0;s10=0;s11=1;s12=0;s13=0;s14=0;s15=0;s16=0;s17=state.4;s18=1^state.4;s19=0;s20=0;s21=0;s22=0;s23=0;s24=0;s25=1^state.4;s26=1^state.4;s27=0;s28=1^state.4;s29=0;s30=0;s31=0
248	0xac110	15	5	fit	15	100.0	0	72	62	0	0	0	5	5	15	13	86.7	partial	0xe1298c86:9,0x20258d06:2,0x160b258a:2,0x559bdb46:1,0x80cc315e:1	s0=0;s1=1;s2=1^state.0;s3=state.1;s4=state.0^state.1;s5=0;s6=state.2^state.6;s7=state.0^state.1^state.2;s8=1^state.1^state.2;s9=state.0^state.1^state.2^state.6;s10=1^state.2^state.6;s11=1^state.1;s12=state.2^state.6;s13=state.1;s14=state.0^state.1^state.2^state.6;s15=1^state.1;s16=1^state.0^state.1;s17=state.1^state.2^state.6;s18=1^state.6;s19=state.0^state.1^state.6;s20=state.0^state.1^state.2^state.6;s21=1^state.0^state.2^state.6;s22=state.0^state.1;s23=state.2^state.6;s24=state.0^state.6;s25=state.0;s26=state.1^state.2^state.6;s27=0;s28=state.1^state.2^state.6;s29=1^state.0^state.2^state.6;s30=state.0^state.6;s31=state.0^state.2
131	0x937d0	14	6	fit	14	100.0	0	85	67	0	0	0	5	5	14	12	85.7	partial	0xe37fe405:4,0x37f6f2d:4,0x147f9c45:2,0x1a7f3849:2,0x1c7fb9c9:1,0x1d7f61d1:1	s0=1;s1=0;s2=1^state.1^state.5;s3=state.2^state.5;s4=state.0^state.5^state.7;s5=state.0^state.1^state.2^state.5^state.7;s6=state.2;s7=state.0;s8=state.1^state.2^state.5^state.7;s9=state.0^state.1^state.2^state.5^state.7;s10=1^state.1^state.5;s11=state.1;s12=state.0^state.2^state.5^state.7;s13=1^state.1^state.2^state.5;s14=1^state.0^state.2^state.5^state.7;s15=1^state.0^state.2^state.5;s16=1;s17=1;s18=1;s19=1;s20=1;s21=1;s22=1;s23=0;s24=1^state.0^state.2^state.5^state.7;s25=1^state.0^state.1^state.2^state.5;s26=state.0^state.1^state.2^state.5;s27=state.1^state.5;s28=state.2;s29=1^state.0^state.1^state.5^state.7;s30=1^state.0^state.1^state.5^state.7;s31=1^state.0^state.1^state.5^state.7
87	0x8a49e	12	3	fit	12	100.0	0	35	9	0	0	0	5	5	12	12	100.0	robust	0xd771ffce:4,0xff7df76e:4,0xff79ff6e:4	s0=0;s1=1;s2=1;s3=1;s4=0;s5=1^state.9;s6=1;s7=state.9;s8=1;s9=1;s10=1;s11=state.0^state.9;s12=1;s13=1;s14=1;s15=1;s16=1;s17=0;s18=1^state.0^state.9;s19=1^state.9;s20=1;s21=1;s22=1;s23=0;s24=1;s25=1;s26=1;s27=1^state.9;s28=1;s29=1^state.9;s30=1;s31=1
245	0xab141	12	4	fit	12	100.0	0	39	25	0	0	0	5	5	12	9	75.0	partial	0x3a8307f0:9,0x3a8c85a0:1,0x3a82a5f6:1,0x3a831bf3:1	s0=state.0;s1=state.1;s2=state.0^state.1;s3=0;s4=1^state.0^state.4;s5=1;s6=1^state.0^state.4;s7=1;s8=1;s9=1^state.1^state.4;s10=1^state.0;s11=state.0;s12=state.0;s13=state.0^state.1;s14=0;s15=state.1^state.4;s16=1^state.1^state.4;s17=1^state.0^state.4;s18=state.0^state.4;s19=state.0^state.4;s20=0;s21=0;s22=0;s23=1;s24=0;s25=1;s26=0;s27=1;s28=1;s29=1;s30=0;s31=0
153	0x979ab	10	2	fit	10	100.0	0	29	18	0	0	0	5	5	10	10	100.0	robust	0x149c8948:5,0xdea47023:5	s0=state.0;s1=state.0;s2=0;s3=1^state.0;s4=0;s5=state.0;s6=1^state.0;s7=0;s8=1^state.0;s9=0;s10=0;s11=1^state.0;s12=state.0;s13=state.0;s14=state.0;s15=1^state.0;s16=0;s17=0;s18=1;s19=1^state.0;s20=1^state.0;s21=state.0;s22=0;s23=1;s24=0;s25=state.0;s26=1;s27=state.0;s28=1;s29=0;s30=state.0;s31=state.0
65	0x85371	9	6	fit	9	100.0	0	55	48	0	0	0	5	5	9	5	55.6	partial	0x573b8b89:3,0x573b8b88:2,0x4012e914:1,0xdde0cbba:1,0xfffcada7:1,0xac87b82f:1	s0=state.0;s1=state.1;s2=state.2;s3=state.3;s4=state.1^state.2;s5=state.1;s6=0;s7=state.7;s8=state.2^state.3;s9=1^state.2;s10=1^state.2^state.7;s11=1;s12=1^state.2^state.3;s13=state.2;s14=state.1^state.2;s15=1;s16=state.1^state.7;s17=state.1^state.2^state.3;s18=state.3^state.7;s19=state.1^state.3;s20=state.1^state.2^state.7;s21=state.7;s22=1^state.1^state.2^state.3;s23=state.1;s24=state.7;s25=state.1^state.3;s26=1^state.2^state.3^state.7;s27=state.1;s28=state.7;s29=state.3^state.7;s30=state.2^state.3;s31=state.1
56	0x83e76	6	2	fit	6	100.0	0	25	9	0	0	0	5	5	6	6	100.0	robust	0x2d7f7c83:4,0x307f70d1:2	s0=1;s1=state.1;s2=0;s3=0;s4=1^state.1;s5=0;s6=1^state.1;s7=1;s8=0;s9=0;s10=state.1;s11=state.1;s12=1;s13=1;s14=1;s15=0;s16=1;s17=1;s18=1;s19=1;s20=1;s21=1;s22=1;s23=0;s24=state.1;s25=0;s26=state.1;s27=state.1;s28=1^state.1;s29=1;s30=0;s31=0
357	0xc29cf	6	2	fit	6	100.0	0	32	15	0	0	0	5	5	6	6	100.0	robust	0xae94cba9:3,0x40b545c8:3	s0=1^state.0;s1=0;s2=0;s3=1;s4=0;s5=1^state.0;s6=state.0;s7=1;s8=1;s9=1^state.0;s10=state.0;s11=1^state.0;s12=0;s13=0;s14=1;s15=1^state.0;s16=state.0;s17=0;s18=1;s19=0;s20=1;s21=state.0;s22=0;s23=1;s24=0;s25=1^state.0;s26=1^state.0;s27=1^state.0;s28=0;s29=1^state.0;s30=state.0;s31=1^state.0
13	0x7aee8	5	2	fit	5	100.0	0	29	16	0	0	0	5	5	5	4	80.0	partial	0x3a68b3b6:4,0x4604aa7a:1	s0=0;s1=1;s2=state.4;s3=1^state.4;s4=1;s5=1;s6=1^state.4;s7=state.4;s8=state.4;s9=1;s10=0;s11=1^state.4;s12=state.4;s13=1;s14=0;s15=1;s16=0;s17=0;s18=1^state.4;s19=state.4;s20=0;s21=state.4;s22=state.4;s23=0;s24=0;s25=1;s26=1^state.4;s27=state.4;s28=state.4;s29=state.4;s30=1^state.4;s31=0
187	0x9e07d	5	1	fit	5	100.0	0	8	0	0	0	0	5	5	5	5	100.0	robust	0x7689:5	s0=1;s1=0;s2=0;s3=1;s4=0;s5=0;s6=0;s7=1;s8=0;s9=1;s10=1;s11=0;s12=1;s13=1;s14=1;s15=0;s16=0;s17=0;s18=0;s19=0;s20=0;s21=0;s22=0;s23=0;s24=0;s25=0;s26=0;s27=0;s28=0;s29=0;s30=0;s31=0
240	0xa9cf7	5	1	fit	5	100.0	0	18	0	0	0	0	5	5	5	5	100.0	robust	0x462e72fb:5	s0=1;s1=1;s2=0;s3=1;s4=1;s5=1;s6=1;s7=1;s8=0;s9=1;s10=0;s11=0;s12=1;s13=1;s14=1;s15=0;s16=0;s17=1;s18=1;s19=1;s20=0;s21=1;s22=0;s23=0;s24=0;s25=1;s26=1;s27=0;s28=0;s29=0;s30=1;s31=0
331	0xbcfc8	5	3	fit	5	100.0	0	35	13	0	0	0	5	5	5	3	60.0	partial	0xfca67a97:3,0xfca681ef:1,0xfca677b7:1	s0=1;s1=1;s2=1;s3=state.3;s4=1^state.3;s5=1^state.0;s6=state.3;s7=1;s8=1^state.0;s9=1^state.3;s10=1^state.0^state.3;s11=state.0;s12=1^state.3;s13=1^state.3;s14=1^state.3;s15=state.3;s16=0;s17=1;s18=1;s19=0;s20=0;s21=1;s22=0;s23=1;s24=0;s25=0;s26=1;s27=1;s28=1;s29=1;s30=1;s31=1
36	0x800a1	4	1	fit	4	100.0	0	25	0	0	0	0	4	4	4	4	100.0	robust	0xfffebd9c:4	s0=0;s1=0;s2=1;s3=1;s4=1;s5=0;s6=0;s7=1;s8=1;s9=0;s10=1;s11=1;s12=1;s13=1;s14=0;s15=1;s16=0;s17=1;s18=1;s19=1;s20=1;s21=1;s22=1;s23=1;s24=1;s25=1;s26=1;s27=1;s28=1;s29=1;s30=1;s31=1
86	0x8a37f	4	3	fit	4	100.0	0	32	32	0	0	0	4	4	4	2	50.0	partial	0xa5d60228:2,0x0:1,0xfd165f72:1	s0=0;s1=state.1;s2=0;s3=state.3;s4=state.1;s5=state.1^state.3;s6=state.1;s7=0;s8=state.1;s9=state.1^state.3;s10=state.1;s11=state.1;s12=state.1;s13=0;s14=state.1;s15=0;s16=0;s17=state.1^state.3;s18=state.1^state.3;s19=0;s20=state.1^state.3;s21=0;s22=state.3;s23=state.3;s24=state.1^state.3;s25=0;s26=state.1^state.3;s27=state.1;s28=state.1;s29=state.1^state.3;s30=state.1;s31=state.1^state.3
130	0x931d3	4	1	fit	4	100.0	0	22	0	0	0	0	4	4	4	4	100.0	robust	0x7edf0ebb:4	s0=1;s1=1;s2=0;s3=1;s4=1;s5=1;s6=0;s7=1;s8=0;s9=1;s10=1;s11=1;s12=0;s13=0;s14=0;s15=0;s16=1;s17=1;s18=1;s19=1;s20=1;s21=0;s22=1;s23=1;s24=0;s25=1;s26=1;s27=1;s28=1;s29=1;s30=1;s31=0
214	0xa3fe9	4	1	fit	4	100.0	0	14	0	0	0	0	4	4	4	4	100.0	robust	0x74a74819:4	s0=1;s1=0;s2=0;s3=1;s4=1;s5=0;s6=0;s7=0;s8=0;s9=0;s10=0;s11=1;s12=0;s13=0;s14=1;s15=0;s16=1;s17=1;s18=1;s19=0;s20=0;s21=1;s22=0;s23=1;s24=0;s25=0;s26=1;s27=0;s28=1;s29=1;s30=1;s31=0
221	0xa5889	4	1	fit	4	100.0	0	22	0	0	0	0	4	4	4	4	100.0	robust	0xfffec4c5:4	s0=1;s1=0;s2=1;s3=0;s4=0;s5=0;s6=1;s7=1;s8=0;s9=0;s10=1;s11=0;s12=0;s13=0;s14=1;s15=1;s16=0;s17=1;s18=1;s19=1;s20=1;s21=1;s22=1;s23=1;s24=1;s25=1;s26=1;s27=1;s28=1;s29=1;s30=1;s31=1
231	0xa799b	4	1	fit	4	100.0	0	5	0	0	0	0	4	4	4	4	100.0	robust	0x50840200:4	s0=0;s1=0;s2=0;s3=0;s4=0;s5=0;s6=0;s7=0;s8=0;s9=1;s10=0;s11=0;s12=0;s13=0;s14=0;s15=0;s16=0;s17=0;s18=1;s19=0;s20=0;s21=0;s22=0;s23=1;s24=0;s25=0;s26=0;s27=0;s28=1;s29=0;s30=1;s31=0
267	0xafa1f	4	1	fit	4	100.0	0	15	0	0	0	0	4	4	4	4	100.0	robust	0x27e3c528:4	s0=0;s1=0;s2=0;s3=1;s4=0;s5=1;s6=0;s7=0;s8=1;s9=0;s10=1;s11=0;s12=0;s13=0;s14=1;s15=1;s16=1;s17=1;s18=0;s19=0;s20=0;s21=1;s22=1;s23=1;s24=1;s25=1;s26=1;s27=0;s28=0;s29=1;s30=0;s31=0
313	0xb8b42	4	1	fit	4	100.0	0	17	0	0	0	0	4	4	4	4	100.0	robust	0x3535d78c:4	s0=0;s1=0;s2=1;s3=1;s4=0;s5=0;s6=0;s7=1;s8=1;s9=1;s10=1;s11=0;s12=1;s13=0;s14=1;s15=1;s16=1;s17=0;s18=1;s19=0;s20=1;s21=1;s22=0;s23=0;s24=1;s25=0;s26=1;s27=0;s28=1;s29=1;s30=0;s31=0
359	0xc3406	4	1	fit	4	100.0	0	16	0	0	0	0	4	4	4	4	100.0	robust	0xbbc2c362:4	s0=0;s1=1;s2=0;s3=0;s4=0;s5=1;s6=1;s7=0;s8=1;s9=1;s10=0;s11=0;s12=0;s13=0;s14=1;s15=1;s16=0;s17=1;s18=0;s19=0;s20=0;s21=0;s22=1;s23=1;s24=1;s25=1;s26=0;s27=1;s28=1;s29=1;s30=0;s31=1
42	0x815ea	3	3	fit	3	100.0	0	45	33	0	0	0	3	3	3	0	0.0	failed	0x9ca23f05:1,0x52716848:1,0x7fa4603e:1	s0=state.1;s1=state.0^state.1;s2=state.0;s3=1^state.1;s4=state.0^state.1;s5=state.0^state.1;s6=1^state.0;s7=0;s8=state.1;s9=state.1;s10=state.1;s11=1^state.0^state.1;s12=state.1;s13=1;s14=1^state.1;s15=0;s16=1^state.0;s17=state.1;s18=state.0^state.1;s19=0;s20=1^state.0;s21=1;s22=1^state.0;s23=state.0;s24=state.0^state.1;s25=1^state.1;s26=state.0;s27=state.0;s28=1;s29=state.0^state.1;s30=1^state.1;s31=state.1
31	0x7ecd2	2	1	fit	2	100.0	0	4	0	0	0	0	2	2	2	2	100.0	robust	0x800000d0:2	s0=0;s1=0;s2=0;s3=0;s4=1;s5=0;s6=1;s7=1;s8=0;s9=0;s10=0;s11=0;s12=0;s13=0;s14=0;s15=0;s16=0;s17=0;s18=0;s19=0;s20=0;s21=0;s22=0;s23=0;s24=0;s25=0;s26=0;s27=0;s28=0;s29=0;s30=0;s31=1
136	0x9461b	2	1	fit	2	100.0	0	18	0	0	0	0	2	2	2	2	100.0	robust	0x33ae8eb9:2	s0=1;s1=0;s2=0;s3=1;s4=1;s5=1;s6=0;s7=1;s8=0;s9=1;s10=1;s11=1;s12=0;s13=0;s14=0;s15=1;s16=0;s17=1;s18=1;s19=1;s20=0;s21=1;s22=0;s23=1;s24=1;s25=1;s26=0;s27=0;s28=1;s29=1;s30=0;s31=0
35	0x7fd4d	1	1	fit	1	100.0	0	15	0	0	0	0	0	0	0	0	0.0	no_test	0x56271273:1	s0=1;s1=1;s2=0;s3=0;s4=1;s5=1;s6=1;s7=0;s8=0;s9=1;s10=0;s11=0;s12=1;s13=0;s14=0;s15=0;s16=1;s17=1;s18=1;s19=0;s20=0;s21=1;s22=0;s23=0;s24=0;s25=1;s26=1;s27=0;s28=1;s29=0;s30=1;s31=0
54	0x837cb	1	1	fit	1	100.0	0	18	0	0	0	0	0	0	0	0	0.0	no_test	0xa7797316:1	s0=0;s1=1;s2=1;s3=0;s4=1;s5=0;s6=0;s7=0;s8=1;s9=1;s10=0;s11=0;s12=1;s13=1;s14=1;s15=0;s16=1;s17=0;s18=0;s19=1;s20=1;s21=1;s22=1;s23=0;s24=1;s25=1;s26=1;s27=0;s28=0;s29=1;s30=0;s31=1
78	0x883c0	1	1	fit	1	100.0	0	7	0	0	0	0	0	0	0	0	0.0	no_test	0x1400b840:1	s0=0;s1=0;s2=0;s3=0;s4=0;s5=0;s6=1;s7=0;s8=0;s9=0;s10=0;s11=1;s12=1;s13=1;s14=0;s15=1;s16=0;s17=0;s18=0;s19=0;s20=0;s21=0;s22=0;s23=0;s24=0;s25=0;s26=1;s27=0;s28=1;s29=0;s30=0;s31=0
85	0x89b37	1	1	fit	1	100.0	0	16	0	0	0	0	0	0	0	0	0.0	no_test	0x3f0666cc:1	s0=0;s1=0;s2=1;s3=1;s4=0;s5=0;s6=1;s7=1;s8=0;s9=1;s10=1;s11=0;s12=0;s13=1;s14=1;s15=0;s16=0;s17=1;s18=1;s19=0;s20=0;s21=0;s22=0;s23=0;s24=1;s25=1;s26=1;s27=1;s28=1;s29=1;s30=0;s31=0
101	0x8ceb4	1	1	fit	1	100.0	0	6	0	0	0	0	0	0	0	0	0.0	no_test	0x19140010:1	s0=0;s1=0;s2=0;s3=0;s4=1;s5=0;s6=0;s7=0;s8=0;s9=0;s10=0;s11=0;s12=0;s13=0;s14=0;s15=0;s16=0;s17=0;s18=1;s19=0;s20=1;s21=0;s22=0;s23=0;s24=1;s25=0;s26=0;s27=1;s28=1;s29=0;s30=0;s31=0
209	0xa2935	1	1	fit	1	100.0	0	6	0	0	0	0	0	0	0	0	0.0	no_test	0x8c8c:1	s0=0;s1=0;s2=1;s3=1;s4=0;s5=0;s6=0;s7=1;s8=0;s9=0;s10=1;s11=1;s12=0;s13=0;s14=0;s15=1;s16=0;s17=0;s18=0;s19=0;s20=0;s21=0;s22=0;s23=0;s24=0;s25=0;s26=0;s27=0;s28=0;s29=0;s30=0;s31=0
241	0xa9ffa	1	1	fit	1	100.0	0	26	0	0	0	0	0	0	0	0	0.0	no_test	0xffff74f6:1	s0=0;s1=1;s2=1;s3=0;s4=1;s5=1;s6=1;s7=1;s8=0;s9=0;s10=1;s11=0;s12=1;s13=1;s14=1;s15=0;s16=1;s17=1;s18=1;s19=1;s20=1;s21=1;s22=1;s23=1;s24=1;s25=1;s26=1;s27=1;s28=1;s29=1;s30=1;s31=1
284	0xb379b	1	1	fit	1	100.0	0	12	0	0	0	0	0	0	0	0	0.0	no_test	0x919f00a8:1	s0=0;s1=0;s2=0;s3=1;s4=0;s5=1;s6=0;s7=1;s8=0;s9=0;s10=0;s11=0;s12=0;s13=0;s14=0;s15=0;s16=1;s17=1;s18=1;s19=1;s20=1;s21=0;s22=0;s23=1;s24=1;s25=0;s26=0;s27=0;s28=1;s29=0;s30=0;s31=1
285	0xb3ff4	1	1	fit	1	100.0	0	8	0	0	0	0	0	0	0	0	0.0	no_test	0x8567:1	s0=1;s1=1;s2=1;s3=0;s4=0;s5=1;s6=1;s7=0;s8=1;s9=0;s10=1;s11=0;s12=0;s13=0;s14=0;s15=1;s16=0;s17=0;s18=0;s19=0;s20=0;s21=0;s22=0;s23=0;s24=0;s25=0;s26=0;s27=0;s28=0;s29=0;s30=0;s31=0
314	0xb8fcf	1	1	fit	1	100.0	0	14	0	0	0	0	0	0	0	0	0.0	no_test	0xb183068f:1	s0=1;s1=1;s2=1;s3=1;s4=0;s5=0;s6=0;s7=1;s8=0;s9=1;s10=1;s11=0;s12=0;s13=0;s14=0;s15=0;s16=1;s17=1;s18=0;s19=0;s20=0;s21=0;s22=0;s23=1;s24=1;s25=0;s26=0;s27=0;s28=1;s29=1;s30=0;s31=1
323	0xbb6e6	1	1	fit	1	100.0	0	14	0	0	0	0	0	0	0	0	0.0	no_test	0x952bb190:1	s0=0;s1=0;s2=0;s3=0;s4=1;s5=0;s6=0;s7=1;s8=1;s9=0;s10=0;s11=0;s12=1;s13=1;s14=0;s15=1;s16=1;s17=1;s18=0;s19=1;s20=0;s21=1;s22=0;s23=0;s24=1;s25=0;s26=1;s27=0;s28=1;s29=0;s30=0;s31=1
