source_entry	source_target	count	unique_vm_ips	top_sites	top_targets	top_ip_deltas	top_w0	top_w1	top_w2	top_w3	top_w4	top_w5
258	0xadf2c	2476	308	tail@0xae32f:2476	215@0xa4609:383,43@0x8173d:370,237@0xa8e1f:256,307@0xb8064:136,157@0x98a9a:132	+0x4:2476	0x1e8:263,0x968:256,0x6600:256,0x7bb7:256,0x3d00:114	0x1e8:319,0xc8:256,0x3d6d:256,0x1a3:256,0x68:114	0x13d:262,0x1601:258,0xc186:256,0xad8:204,0xe8de:102	0x74ef:256,0x62db:256,0xdf59:256,0x1e8:136,0x8701:103	0x2ff1:256,0x7bdc:256,0xc922:256,0xaa0e:102,0x5b8f:102	0x13d:363,0xa03e:256,0xaad0:256,0x1:109,0xd9e8:102
28	0x7e390	1754	304	tail@0x7e7ca:1754	347@0xc088d:340,300@0xb6c36:256,189@0x9e7af:125,168@0x9aa83:119,287@0xb45d2:113	+0x3:1754	0x852c:256,0x1e8:141,0x7962:102,0xd39:102,0x8f5f:102	0x4260:256,0x1e8:247,0xb7c0:102,0x815d:102,0x25b:102	0xabaf:256,0x1e8:175,0xc016:102,0x428c:102,0x3e23:102	0x4fd6:256,0x1e8:239,0x72c5:102,0xa12:102,0x747c:102	0x1e8:330,0x6600:256,0x6b:102,0xd730:102,0x7247:102	0x3d6d:256,0x1e8:157,0x13d:116,0xd3:106,0x23c7:102
215	0xa4609	1571	226	tail@0xa4a5e:1571	301@0xb708d:262,347@0xc088d:135,189@0x9e7af:121,114@0x90319:120,172@0x9b68a:119	+0x3:1571	0x3d00:267,0xe6e:102,0x631c:102,0xde81:102,0xe1f3:102	0xef01:256,0x1e8:189,0x81ba:102,0xa234:102,0x1165:102	0xf174:256,0x1e8:157,0x3d00:104,0x632a:102,0xe58:102	0x3e2f:256,0x1e8:175,0x79:104,0x4a87:102,0xe8aa:102	0xd3a0:256,0x13d:206,0xad8:102,0x51d9:102,0x6b3b:102	0x600a:256,0x1e8:249,0x39e6:102,0xe84c:102,0x46c4:102
347	0xc088d	1553	288	tail@0xc0d7b:1553	168@0x9aa83:222,20@0x7c62b:130,28@0x7e390:123,158@0x99029:122,174@0x9bd8f:117	+0x4:1553	0x1e8:276,0x8f8:103,0x3e74:102,0x428c:102,0x2685:102	0x1e8:230,0x3d00:109,0x4a87:102,0xa12:102,0x837a:102	0x1e8:233,0x13d:105,0x3d01:102,0xd730:102,0x7247:102	0x1e8:143,0xfd01:105,0xd3:103,0x4c27:102,0x23c7:102	0xab0e:102,0xbe0:102,0xbd51:102,0x507:102,0xe80c:102	0x13d:208,0xf01:104,0x0:102,0x5e8:102,0xaae:102
114	0x90319	1461	298	tail@0x90893:1461	199@0xa0631:140,66@0x855ff:136,185@0x9d964:120,268@0xb0007:108,287@0xb45d2:108	+0x4:1461	0x1e8:171,0x64b6:103,0x507:102,0xf869:102,0xb88a:102	0x1e8:218,0x57cf:103,0x5a1a:102,0xd6c1:102,0x443e:102	0x13d:106,0xe896:105,0x914f:103,0xe8b4:102,0x85f:102	0x1e8:133,0xe81f:103,0xf7af:103,0x501:102,0x758d:102	0xfcc3:103,0x78ad:102,0x25e0:102,0xd6a5:102,0xb790:102	0x4e:103,0x7e88:102,0x33af:102,0x37df:102,0x109a:102
66	0x855ff	1358	277	tail@0x859f9:1358	123@0x91a59:139,340@0xbf435:137,337@0xbec0e:135,189@0x9e7af:125,158@0x99029:119	+0x3:1358	0x1e8:174,0x927:102,0x6d7c:102,0x7e88:102,0x9644:102	0x1e8:217,0xcb:103,0xbc79:102,0xc8a4:102,0x1b34:102	0x2d40:102,0x6c03:102,0x6de9:102,0x83ef:102,0xa5f7:102	0x1e8:331,0x44ef:102,0xbf37:102,0xdfd6:102,0xb3f4:102	0xa0:109,0x2836:102,0x365:102,0x1091:102,0x4437:102	0x13d:123,0x7e71:102,0x501e:102,0xe884:102,0xbe16:102
199	0xa0631	1351	214	tail@0xa0a9c:1351	127@0x926c3:256,258@0xadf2c:124,114@0x90319:118,184@0x9d694:113,203@0xa1484:112	+0x3:1351	0x22df:256,0x3d00:111,0xb45a:102,0xb053:102,0x9017:102	0x3dc9:256,0x1e8:207,0x13d:109,0x6fa2:102,0x9ab7:102	0xce01:256,0xad05:102,0xe950:102,0x3010:102,0xa22e:102	0xf31e:256,0x1e8:186,0x8878:102,0xefa5:102,0x299a:102	0x5096:256,0xcb7e:102,0x8cf0:102,0x5a9e:102,0x933d:102	0x4605:256,0x1e8:242,0xe900:102,0x6449:102,0xb747:102
189	0x9e7af	1342	279	tail@0x9eac9:1342	43@0x8173d:226,307@0xb8064:131,184@0x9d694:116,297@0xb64d7:116,305@0xb78b0:109	+0x4:1342	0x632a:102,0xf340:102,0xb6a9:102,0x85ba:102,0x3203:102	0x1e8:321,0x561d:102,0xd6aa:102,0x46af:102,0x4bab:102	0xad8:106,0x3d00:103,0xffa3:102,0x4dc8:102,0xe877:102	0x1e8:135,0x13d:118,0x39e6:102,0xe0ac:102,0xe8c0:102	0x5d0d:102,0xb6a9:102,0x3401:102,0xf473:102,0x7100:102	0xe881:106,0x561d:102,0x898c:102,0x57b9:102,0xd9dd:102
337	0xbec0e	1342	314	tail@0xbf126:1342	253@0xacfb1:256,66@0x855ff:128,196@0x9fbcd:121,174@0x9bd8f:108,315@0xb9451:107	+0x4:1342	0xc146:256,0x1e8:170,0x2836:102,0x6c03:102,0xca65:102	0xa134:256,0x1e8:200,0x13d:102,0xe828:102,0xfaa9:102	0x804:256,0x2700:102,0x365:102,0x3401:102,0x822d:102	0xa7fc:256,0x5ab5:102,0x7e71:102,0xef1b:102,0x2ad:102	0xa726:256,0x3d8:104,0xab71:102,0x3783:102,0x2685:102	0x3f99:256,0x3603:102,0x813c:102,0xa0bf:102,0x837a:102
340	0xbf435	1300	302	tail@0xbf886:1300	28@0x7e390:131,161@0x9975a:130,307@0xb8064:127,66@0x855ff:121,287@0xb45d2:111	+0x4:1300	0x400:102,0xbd51:102,0x6de9:102,0xae86:102,0x5771:102	0x1e8:301,0x13d:103,0x629a:102,0xaae:102,0x9edc:102	0x158:103,0xc079:102,0xe870:102,0x1091:102,0xa9d4:102	0x13d:114,0x4001:104,0x16b7:102,0x501e:102,0xd8:102	0xc5c0:102,0x68c9:102,0x2f77:102,0xec32:102,0x2181:102	0x6b72:102,0x6d7c:102,0xe8c0:102,0x5849:102,0xa66a:102
297	0xb64d7	1299	237	tail@0xb68ff:1299	203@0xa1484:262,196@0x9fbcd:221,347@0xc088d:128,333@0xbd8af:108,260@0xae90b:103	+0x3:1299	0x99a7:256,0x3d00:117,0xf983:102,0xc856:102,0xf19f:102	0xba3f:256,0x4701:102,0x28:102,0xc04d:102,0xc8e5:102	0xb082:256,0x1e8:146,0xaf68:102,0xcb5:102,0x5b65:102	0x3d47:256,0x1e8:170,0x38:103,0x3382:102,0x8c34:102	0xab01:256,0x1e8:143,0x938a:102,0x890f:102,0x2e89:102	0x0:256,0x1e8:145,0x7bfd:102,0xd13a:102,0x9fad:102
18	0x7be9b	1283	347	tail@0x7c308:1283	114@0x90319:248,347@0xc088d:146,258@0xadf2c:136,300@0xb6c36:102,105@0x8e6b4:102	+0x3:1283	0xd9e8:102,0x7750:102,0xbbdb:102,0x220:102,0xb9f:102	0x1e8:142,0xaf0:104,0xff3c:103,0x4c51:102,0xc02f:102	0x1e8:300,0xb88a:102,0xe707:102,0xa662:102,0x1262:102	0x1e8:224,0x68:104,0x2e82:102,0xd6c1:102,0x8b2b:102	0xad8:109,0x85f:102,0x1bc7:102,0x9cec:102,0x9fd7:102	0x5f40:102,0x758d:102,0x173a:102,0xf4de:102,0xca:102
172	0x9b68a	1146	154	tail@0x9ba72:1146	28@0x7e390:265,307@0xb8064:114,199@0xa0631:110,332@0xbd36d:103,128@0x9299b:102	+0x4:1146	0x960:256,0x1536:102,0x6962:102,0xd711:102,0x9c74:102	0x2c21:256,0xbb4:102,0xbbc1:102,0xcaf7:102,0x43b2:102	0x6085:256,0xffd7:102,0xaba9:102,0xfab2:102,0xa4fc:102	0xaf42:256,0x8dc7:102,0x7bef:102,0x46c4:102,0x426a:102	0xd6ab:256,0x6f0b:102,0x27d8:102,0x5cc1:102,0x5ceb:102	0x4f:256,0x13d:105,0x7482:102,0x7a54:102,0x3d69:102
43	0x8173d	1115	180	tail@0x81b7c:1115	199@0xa0631:259,26@0x7dbbb:222,258@0xadf2c:120,347@0xc088d:115,220@0xa522e:103	+0x4:1115	0xc186:256,0x3d00:108,0x6c58:102,0x6b3b:102,0xcf13:102	0xdf59:256,0x1e8:246,0x7551:103,0xc501:102,0x15a:102	0xc922:256,0x1e8:114,0x863:102,0x7100:102,0x8700:102	0x13d:267,0xf091:102,0x91:102,0xd9dd:102,0x6090:102	0x1ece:256,0xad8:102,0xab95:102,0x328:102,0x3739:102	0x96f3:256,0x20ba:102,0xdbe8:102,0x26fa:102,0x220:102
307	0xb8064	1093	251	tail@0xb837a:1093	196@0x9fbcd:121,157@0x98a9a:118,174@0x9bd8f:113,161@0x9975a:110,26@0x7dbbb:106	+0x3:1093	0xce87:102,0xd70b:102,0x700a:102,0x8a33:102,0x6efd:102	0x1e8:389,0xd3:111,0xf40c:106,0xc7ff:102,0x3d00:8	0x13d:104,0xb8d:102,0xc940:102,0x4087:102,0xf73e:102	0x1e8:116,0xc5a1:102,0x826f:102,0x7c68:102,0x533a:102	0xcee1:102,0x3e74:102,0xa46d:102,0xa2b0:102,0xf340:102	0x1e8:151,0x3d00:112,0x238c:102,0x3c8:102,0x506f:102
185	0x9d964	1091	229	tail@0x9dcab:1091	332@0xbd36d:256,203@0xa1484:114,172@0x9b68a:108,168@0x9aa83:107,220@0xa522e:105	+0x3:1091	0x87ad:256,0x3d00:109,0x91df:102,0x68e3:102,0x5bfa:102	0x73b:256,0x1e8:103,0x1f5d:102,0xd4de:102,0x5f01:102	0xecc7:256,0x1e8:144,0xa854:102,0xb7b3:102,0x360:102	0xaaee:256,0xf091:102,0xe954:102,0x419b:102,0x90:102	0x5200:256,0x5e8:106,0x96dc:102,0xae44:102,0x4583:102	0x3d96:256,0xecda:102,0x1e3:102,0x7cd9:102,0x68:102
196	0x9fbcd	1057	139	tail@0xa0068:1057	340@0xbf435:210,189@0x9e7af:121,33@0x7f7c4:116,215@0xa4609:112,18@0x7be9b:111	+0x4:1057	0x1e8:132,0xf73e:104,0xc1e2:102,0xd92:102,0x5b65:102	0x38:103,0x2738:102,0xdbd4:102,0xd6ec:102,0x8c34:102	0x7909:102,0x3cbb:102,0xf340:102,0x2e89:102,0xae86:102	0x1e8:227,0x40bc:102,0x8aff:102,0x9fad:102,0x8b5b:102	0x13d:107,0xef2d:102,0xe8b8:102,0xffa3:102,0xe5f1:102	0x13d:113,0x3644:102,0xc701:102,0xe0ac:102,0x65c8:102
157	0x98a9a	971	157	tail@0x99026:971	258@0xadf2c:268,66@0x855ff:118,18@0x7be9b:114,189@0x9e7af:107,201@0xa0dca:102	+0x4:971	0xd5f3:256,0x13d:102,0xab95:102,0x4f58:102,0x3b9d:102	0x87ce:256,0xc5a1:102,0xdbe8:102,0x9f3c:102,0xbe:102	0x968:258,0xcee1:102,0x85ba:102,0x870b:102,0xfd78:102	0xc8:256,0x13d:117,0x238c:102,0xd6aa:102,0x6282:102	0x13d:260,0x5477:102,0xe877:102,0x2ba6:102,0xf4e7:102	0x74ef:256,0xe2f0:102,0x5301:102,0xd78b:102,0xe5b3:102
168	0x9aa83	914	166	tail@0x9af16:914	315@0xb9451:210,337@0xbec0e:116,340@0xbf435:116,189@0x9e7af:111,347@0xc088d:108	+0x4:914	0x1e8:212,0x9124:103,0x328:102,0xa854:102,0xf7c:102	0x79:104,0x1:102,0xf6c9:102,0x26fa:102,0xf549:102	0x1e8:219,0x8f8:103,0x810:102,0x96dc:102,0x5771:102	0x13d:116,0xfaa9:102,0xf3e8:102,0xcc:102,0x1e3:102	0x822d:102,0x65e1:102,0xe828:102,0x33d0:102,0xd70a:102	0x13d:212,0x1e8:107,0x2ad:102,0xf311:102,0xfd01:102
64	0x85059	837	278	tail@0x8536e:837	28@0x7e390:135,199@0xa0631:109,121@0x91379:106,66@0x855ff:44,18@0x7be9b:32	+0x4:837	0xa0:108,0x937b:102,0x5427:102,0x1e8:86,0x3d00:14	0x1e8:112,0xe884:103,0x2f37:102,0x7a:102,0x13d:10	0x13d:108,0x9d70:102,0xa501:102,0x1e8:22,0xaa0:8	0x87ae:102,0x237c:102,0xedf:102,0x1e8:25,0x13d:14	0xd3ce:102,0x7c3e:102,0xf90a:102,0x80:17,0x13d:5	0x3d00:102,0x6974:102,0x7ab4:102,0x7401:8,0xe800:5
203	0xa1484	814	136	tail@0xa1936:814	52@0x833c7:256,297@0xb64d7:110,258@0xadf2c:109,315@0xb9451:108,28@0x7e390:28	+0x4:814	0xb082:256,0x1e8:118,0xfcc3:102,0x3010:102,0x3d00:9	0x3d47:256,0x4e:102,0xefa5:102,0xf091:102,0x1e8:47	0xab01:256,0x13d:109,0x5a9e:102,0x5e8:102,0x1e8:15	0x0:256,0x1e8:109,0x6847:102,0xecda:102,0x13d:8	0x6d00:256,0x540:103,0x82af:102,0xb875:102,0x3d00:8	0x0:256,0x8a33:102,0x4c12:102,0x3a3:102,0x13d:6
300	0xb6c36	786	19	tail@0xb708a:786	258@0xadf2c:363,220@0xa522e:104,337@0xbec0e:102,333@0xbd8af:102,185@0x9d964:102	+0x4:786	0xabaf:256,0x3d00:104,0x2d40:102,0xe707:102,0x1066:102	0x4fd6:256,0x44ef:102,0x68:102,0x5af8:102,0x301:102	0x6600:256,0x2836:102,0x9cec:102,0x38f3:102,0xeb17:102	0x3d6d:256,0x68:104,0x13d:102,0xf4de:102,0xa703:102	0x1601:256,0x3d00:104,0x2700:102,0x3b9d:102,0x68e6:102	0x62db:256,0x5ab5:102,0xcb01:102,0xbe:102,0x9000:102
315	0xb9451	732	124	tail@0xb9878:732	28@0x7e390:211,347@0xc088d:111,167@0x9a8d2:108,215@0xa4609:103,258@0xadf2c:22	+0x4:732	0x1e8:108,0xad8:106,0x822d:102,0x810:102,0x5e8:102	0x13d:116,0x2ad:102,0x20ba:102,0xf3e8:102,0xecda:102	0x2685:102,0xa48d:102,0x65e1:102,0xb875:102,0x33d0:102	0x1e8:114,0x837a:102,0xdd01:102,0xf311:102,0x3a3:102	0x28f9:102,0x994f:102,0x5f74:102,0xaf32:102,0x221b:102	0xb500:104,0xe8d7:102,0x3b00:102,0x1346:102,0x8b10:102
332	0xbd36d	692	20	tail@0xbd8ad:692	90@0x8b334:256,347@0xc088d:102,114@0x90319:102,99@0x8c99a:102,319@0xba72f:102	+0x4:692	0xecc7:256,0xb8d:102,0xfab2:102,0x900:102,0x13d:102	0xaaee:256,0x826f:102,0x46c4:102,0x3d7a:102,0xc3e6:102	0x5200:256,0x3e74:102,0x5cc1:102,0x2a01:102,0xf600:102	0x3d96:256,0x3d00:106,0x3d69:102,0xdf54:102,0xb:102	0xf01:256,0x3d01:102,0xc701:102,0xf54:102,0x88ad:102	0x2499:256,0x4c27:102,0xdbb4:102,0x66a8:102,0x1200:102
160	0x994cf	664	50	tail@0x99757:664	172@0x9b68a:256,185@0x9d964:104,350@0xc1926:102,215@0xa4609:102,43@0x8173d:11	+0x2:664	0xa03e:256,0xa66a:102,0x225b:102,0x620:102,0xf657:4	0xad3:256,0x34b7:102,0xfa3a:102,0x3ffc:102,0x8b6b:8	0x960:256,0x73d:102,0x135b:102,0xc516:102,0xfdb0:4	0x2c21:256,0xbb3c:102,0x6002:102,0x34a0:102,0xa60:4	0x6085:256,0xaeb3:102,0x9003:102,0x79c5:102,0xb8de:5	0xaf42:256,0xc0b:102,0x8300:102,0x6900:102,0x7621:4
26	0x7dbbb	656	123	tail@0x7dfbd:656	157@0x98a9a:131,28@0x7e390:117,114@0x90319:109,168@0x9aa83:107,18@0x7be9b:25	+0x4:656	0x540:103,0x863:102,0x7353:102,0x7100:102,0xa88:6	0x91:109,0x4c12:102,0xb9f4:102,0xd9dd:102,0x13:8	0x5e56:102,0xab95:102,0xa257:102,0x328:102,0x98e7:9	0x24d9:102,0xdbe8:102,0xdf3a:102,0x26fa:102,0x1e8:6	0x191:102,0x85ba:102,0x5d91:102,0x8f8:102,0xad0:9	0xe800:110,0xd6aa:102,0xe81f:102,0xcc:102,0xe83a:10
301	0xb708d	634	40	tail@0xb7583:634	160@0x994cf:260,198@0xa037e:110,173@0x9ba74:108,352@0xc1ec4:108,108@0x8f24b:22	+0x5:634	0x2ff1:256,0x82af:102,0xefe3:102,0xf90a:102,0x31fe:4	0xa03e:256,0x8a33:102,0xad8:102,0x7ab4:102,0xf5cc:4	0xad3:256,0xfd93:102,0x6ee8:102,0x4709:102,0xf7b:4	0x960:256,0x937b:102,0xba0e:102,0xf9b7:102,0xaa0:4	0x2c21:256,0x2f37:102,0xe881:102,0xf6cc:102,0x5ebf:4	0x6085:256,0x9d70:102,0x8701:102,0xcaab:102,0x68:5
108	0x8f24b	595	65	tail@0x8f6cf:595	337@0xbec0e:257,333@0xbd8af:107,215@0xa4609:103,28@0x7e390:11,347@0xc088d:11	+0x2:595	0x96f3:256,0x560:102,0xe6a7:102,0xad8:4,0x452b:4	0x550:256,0x68:109,0x2b3d:102,0xef8f:4,0xbf32:4	0xc146:256,0x534b:102,0x390:102,0xfb8b:4,0x55:4	0xa134:256,0x1100:102,0xa600:102,0xb3:5,0xe820:4	0x804:256,0xf7d7:102,0xcf68:102,0xbc92:4,0x9cc3:4	0xa7fc:256,0xb2ca:102,0xbab:102,0x3a00:7,0x3ae3:4
198	0xa037e	595	58	tail@0xa062e:595	18@0x7be9b:110,185@0x9d964:105,215@0xa4609:103,300@0xb6c36:102,337@0xbec0e:102	+0x2:595	0xad8:103,0x87bf:102,0x54df:102,0x3830:102,0x448:102	0x6ee8:102,0xe33a:102,0xa80f:102,0xdca6:102,0x28c6:102	0xba0e:102,0xde68:102,0x1066:102,0x14ef:102,0xf0a6:102	0xe881:102,0x54d4:102,0x5af8:102,0x9cfc:102,0x620a:102	0x8701:102,0x54a8:102,0x38f3:102,0x960:102,0xc112:102	0x3d4a:102,0xdce9:102,0x68:102,0x34bc:102,0x34d7:102
333	0xbd8af	582	157	tail@0xbdd16:582	215@0xa4609:111,258@0xadf2c:109,305@0xb78b0:107,18@0x7be9b:22,28@0x7e390:19	+0x4:582	0x390:103,0xcb5:102,0x9cec:102,0x1e8:16,0x5e8:8	0x1e8:147,0xf4de:102,0xa600:102,0x3d00:7,0x89:6	0x890f:102,0x3d00:102,0xcf68:102,0x1e8:12,0x13d:6	0xd13a:102,0xcb01:102,0xbab:102,0x1e8:23,0x13d:8	0xee67:102,0xc77e:102,0x1fd7:102,0x13d:13,0x1e8:6	0x2e1a:102,0xbf47:102,0x3d58:102,0x1e8:6,0x4090:4
257	0xadbfd	568	42	tail@0xadf29:568	172@0x9b68a:306,157@0x98a9a:102,43@0x8173d:102,28@0x7e390:8,258@0xadf2c:6	+0x2:568	0x715a:102,0x7569:102,0xd8db:102,0xe5b3:102,0xd0c8:102	0x3ab:102,0xe33:102,0xb3:102,0xdc3:102,0xae7c:102	0x1536:102,0x6962:102,0x4f58:102,0x9c74:102,0x8e2e:102	0xbb4:102,0xbbc1:102,0x9f3c:102,0x43b2:102,0x15a:102	0xffd7:102,0xaba9:102,0x870b:102,0xa4fc:102,0x7962:102	0x8dc7:102,0x7bef:102,0x6282:102,0x426a:102,0xcf04:102
144	0x95887	554	49	tail@0x95b59:554	258@0xadf2c:256,18@0x7be9b:103,168@0x9aa83:102,64@0x85059:11,347@0xc088d:9	+0x2:554	0xd224:256,0x3960:102,0x4441:102,0xb06:4,0xba05:4	0x89f1:256,0x2037:102,0xd9ae:102,0x15a:4,0xac0f:4	0x7bb7:256,0xdb02:102,0xf7c:102,0x9f7f:4,0xfdd6:4	0x1a3:256,0x7c2:102,0x79:102,0x1790:4,0x8612:4	0xc186:256,0x68e7:102,0x5771:102,0x4cba:4,0xc146:4	0xdf59:256,0xec00:102,0x9edc:102,0x3190:4,0x8:4
184	0x9d694	550	128	tail@0x9d961:550	28@0x7e390:120,66@0x855ff:119,337@0xbec0e:116,340@0xbf435:24,114@0x90319:22	+0x4:550	0xad8:108,0xad05:102,0x8cf0:102,0x1e8:12,0xaa0:11	0x39e6:102,0x8878:102,0x6449:102,0x24:8,0x13d:7	0x5d0d:102,0xcb7e:102,0xca65:102,0x508:9,0x80:9	0xe881:103,0xe900:102,0xe828:102,0xe800:9,0xe8ae:5	0x1201:104,0xe86d:102,0x3401:102,0xe873:10,0x8101:8	0x300a:102,0x9101:102,0xef1b:102,0xa001:14,0xe801:10
158	0x99029	535	118	tail@0x992ca:535	258@0xadf2c:120,340@0xbf435:119,64@0x85059:116,114@0x90319:27,66@0x855ff:20	+0x4:535	0xd730:102,0x85f:102,0x83ef:102,0x1e8:10,0x200:7	0xd3:102,0x758d:102,0xbf37:102,0x26:8,0x123:8	0xa0:105,0xbd51:102,0x25e0:102,0x80:10,0x580:6	0xaae:102,0x33af:102,0xe884:102,0xe83a:8,0xfd00:8	0xe870:103,0xe88a:102,0xa501:102,0x1:8,0xe829:6	0x4001:102,0x8701:102,0x237c:102,0xe801:9,0x1e8:5
287	0xb45d2	533	126	tail@0xb497e:533	297@0xb64d7:114,28@0x7e390:107,199@0xa0631:102,189@0x9e7af:24,307@0xb8064:19	+0x4:533	0x158:105,0x1bc7:102,0x25fd:102,0x1e8:7,0x4a14:4	0x173a:102,0xd8:102,0xf337:102,0x13d:9,0xab:4	0xb790:102,0xec32:102,0xf70f:102,0x658:7,0x560:6	0x109a:102,0x5849:102,0x2e82:102,0xe810:7,0xab:6	0xa530:102,0x516c:102,0x84cd:102,0x8f8:7,0xc401:5	0xe875:104,0xe8d8:103,0x9eef:102,0xe800:6,0xe82a:4
49	0x82820	521	39	tail@0x82e73:521	144@0x95887:270,257@0xadbfd:106,198@0xa037e:105,108@0x8f24b:13,352@0xc1ec4:13	+0x5:521	0x990f:256,0xf4e7:102,0xc83b:102,0x8bd8:4,0x63e9:4	0xd224:256,0xe5b3:102,0x3830:102,0x452b:4,0x4b8a:4	0x89f1:256,0xdc3:102,0xdca6:102,0x68:9,0xa70d:4	0x7bb7:256,0x9c74:102,0x14ef:102,0x55:4,0xf092:4	0x1a3:256,0x43b2:102,0x9cfc:102,0x82f7:4,0x7c99:4	0xc186:256,0xa4fc:102,0x960:102,0x9cc3:4,0x1314:4
174	0x9bd8f	508	107	tail@0x9c08c:508	258@0xadf2c:122,114@0x90319:108,199@0xa0631:107,28@0x7e390:20,307@0xb8064:20	+0x4:508	0x365:102,0x7247:102,0x4087:102,0x1e8:9,0xad8:8	0x7e71:102,0x23c7:102,0x533a:102,0x26:8,0x13d:7	0x3d8:105,0x507:102,0xa2b0:102,0x80:24,0x580:5	0x813c:102,0x5a1a:102,0x506f:102,0xfd00:8,0xe8ec:5	0xe8de:102,0xe8b4:102,0xe8e9:102,0x1:8,0xdd01:6	0x5801:102,0x501:102,0xf001:102,0x1e8:11,0xf801:7
220	0xa522e	485	44	tail@0xa5886:485	144@0x95887:215,108@0x8f24b:115,198@0xa037e:110,160@0x994cf:16,352@0xc1ec4:10	+0x5:485	0x9087:102,0x47c7:102,0x3eb:102,0x9bb7:102,0x2a91:4	0x3960:102,0x87bf:102,0xe6a7:102,0x4441:102,0x49bd:4	0x68:104,0x2037:102,0xe33a:102,0xd9ae:102,0xb037:4	0xdb02:102,0xde68:102,0x390:102,0xf7c:102,0x6810:4	0x7c2:102,0x54d4:102,0xa600:102,0x79:102,0x13:5	0x68e7:102,0x54a8:102,0xcf68:102,0x5771:102,0xa136:4
268	0xb0007	476	134	tail@0xb0458:476	243@0xaab6a:111,301@0xb708d:106,18@0x7be9b:27,185@0x9d964:21,340@0xbf435:18	+0x4:476	0x3d00:106,0x933d:102,0x1e8:12,0x15e:8,0x29c9:5	0x1e8:139,0x9001:102,0x68:9,0x3d00:7,0xf861:5	0xe318:102,0xd53a:102,0x1e8:8,0x13d:7,0xe101:5	0xd8ef:102,0xfdaf:102,0x1e8:31,0x13d:5,0xe80a:4	0xe80a:102,0xc6e:102,0xe819:8,0xe829:6,0xe826:6	0xe6e:102,0x3ef4:102,0x13d:14,0xe801:5,0x7080:4
161	0x9975a	463	130	tail@0x99b3a:463	18@0x7be9b:120,66@0x855ff:113,28@0x7e390:37,114@0x90319:27,337@0xbec0e:25	+0x4:463	0xc940:102,0x1091:102,0xaa0:12,0x200:10,0x810:10	0x7c68:102,0x501e:102,0x13d:8,0xab:6,0xc715:4	0xa46d:102,0x2f77:102,0x80:9,0x580:8,0x570:6	0x3c8:102,0xe8c0:102,0xe800:10,0xe83a:6,0xe8ae:6	0xe86c:102,0xc101:102,0x7a01:8,0xe86f:7,0xe82d:6	0x6501:102,0x5fd6:102,0x1001:10,0x3a01:6,0x9001:6
352	0xc1ec4	455	58	tail@0xc21c0:455	292@0xb540f:256,258@0xadf2c:106,345@0xc02e4:7,66@0x855ff:7,189@0x9e7af:6	+0x2:455	0xdc62:256,0x7ab4:102,0x3e0:6,0x13e0:4,0x270b:4	0xd07b:256,0x4709:102,0xdc2c:4,0xec46:4,0x3eb1:4	0x8baa:256,0xf9b7:102,0xed08:4,0x3ce9:4,0x8148:4	0x6228:256,0xf6cc:102,0xca3a:4,0xe83c:4,0x9610:4	0x87ad:256,0xcaab:102,0xf73f:4,0xa01:4,0xffa5:4	0x73b:256,0x32ce:102,0xc803:4,0xeb80:4,0x68c7:4
123	0x91a59	435	119	tail@0x91e7f:435	18@0x7be9b:105,50@0x82e76:102,337@0xbec0e:26,307@0xb8064:20,189@0x9e7af:19	+0x4:435	0xe58:102,0xa5f7:102,0x1e8:20,0xaa0:8,0x390:8	0xe8aa:102,0xdfd6:102,0x13d:11,0x26:8,0xf6d3:4	0x51d9:102,0x4437:102,0x80:13,0xa0:10,0x13d:9	0xe84c:102,0xbe16:102,0xfd00:8,0x8a7d:6,0xe8af:6	0x8201:102,0x2304:102,0x1:8,0xe83e:8,0xe83a:6	0xd82e:102,0x8000:102,0xe801:16,0x1e8:5,0xecbf:4
20	0x7c62b	430	126	tail@0x7ca96:430	114@0x90319:119,181@0x9d13f:102,189@0x9e7af:20,337@0xbec0e:20,185@0x9d964:17	+0x4:430	0x13d:102,0x3e23:102,0x1e8:21,0x22a0:6,0x5e8:6	0x1e8:102,0x747c:102,0x13d:18,0xe674:6,0xe72c:5	0xbe0:102,0xf869:102,0x508:8,0x80:8,0x4f0:8	0x5e8:102,0x443e:102,0xe800:10,0xe88b:8,0xe83a:6	0xe896:103,0x1cbc:102,0xb3:8,0xe864:6,0x1501:6	0xf701:103,0x3463:102,0xa001:11,0x10e5:4,0xb701:4
173	0x9ba74	409	50	tail@0x9bd8c:409	64@0x85059:107,196@0x9fbcd:102,349@0xc140b:102,340@0xbf435:9,185@0x9d964:9	+0x2:409	0x8a33:102,0x7723:102,0xad00:102,0x9e62:4,0x1eb4:4	0xfd93:102,0xf054:102,0x88:102,0x9309:4,0xb3:4	0x937b:102,0xc1e2:102,0xff12:102,0xef07:4,0xb728:4	0x2f37:102,0x2738:102,0x1062:102,0xfc79:4,0xa9e6:4	0x9d70:102,0x7909:102,0x12a0:102,0xb3c7:4,0xe80e:4	0x87ae:102,0x40bc:102,0xf513:102,0x6200:4,0xd201:4
305	0xb78b0	396	102	tail@0xb7bb8:396	189@0x9e7af:117,199@0xa0631:105,258@0xadf2c:23,347@0xc088d:20,340@0xbf435:17	+0x4:396	0x890f:102,0xffa3:102,0x1e8:6,0x8d45:4,0xf98b:4	0xd13a:102,0xe0ac:102,0x13d:9,0x89:8,0x19d:8	0xee67:102,0xb6a9:102,0x540:8,0x54bd:4,0x4a5a:4	0x2e1a:102,0x561d:102,0x1e8:8,0x78c9:4,0x89:4	0x9aa2:102,0x4dc8:102,0xad0:8,0xd0:6,0xebb5:4	0x3d29:102,0xe8c0:102,0xe800:5,0xe803:4,0xf148:4
171	0x9b4b3	395	24	tail@0x9b687:395	322@0xbb3c9:256,196@0x9fbcd:104,297@0xb64d7:7,66@0x855ff:6,337@0xbec0e:5	+0x2:395	0x13:256,0x6e4f:104,0xe31:4,0x93e8:4,0x93b1:4	0x9657:256,0xeeb4:102,0x99:7,0xc2eb:4,0xf13a:4	0x8b7b:256,0xd92:102,0x6129:4,0xcf63:4,0x3464:4	0x68:256,0xdbd4:102,0x99:5,0x403a:4,0x96fe:4	0xd5f3:256,0x3cbb:102,0xaea4:4,0xb0d0:4,0x8df9:4	0x87ce:256,0x8aff:102,0xde6c:4,0x3622:4,0xe8c3:4
52	0x833c7	360	4	tail@0x8371b:360	75@0x873fc:256,316@0xb987b:102,145@0x95b5c:1,334@0xbdd18:1	+0x5:360	0xab:257,0xa5:103	0x0:360	0x6d:256,0x3c4:102,0x5e:2	0x8000:358,0x0:2	0x13d:360	0x5a9a:256,0x6c9a:102,0xd022:1,0x322:1
128	0x9299b	330	15	tail@0x92f1f:330	268@0xb0007:102,64@0x85059:102,215@0xa4609:102,220@0xa522e:5,185@0x9d964:4	+0x5:330	0xc5c0:102,0xefab:102,0x188:102,0x3d00:7,0x75e3:4	0x6b72:102,0xd87b:102,0xc:102,0xce3a:4,0xb8a6:4	0x3d00:102,0x5427:102,0xa74a:102,0xba8f:4,0x31f3:4	0x9001:102,0x7a:102,0x13d:102,0xf302:4,0xa770:4	0xe318:102,0x13d:102,0xc83b:102,0x434c:4,0xf377:4	0xd8ef:102,0xedf:102,0x3830:102,0x70d1:4,0xca01:4
33	0x7f7c4	321	116	tail@0x7fba1:321	297@0xb64d7:114,18@0x7be9b:17,307@0xb8064:17,66@0x855ff:17,168@0x9aa83:11	+0x4:321	0x2e89:102,0x5e8:6,0x1e8:5,0x2570:4,0xd065:4	0x9fad:102,0x13d:15,0x19d:8,0xfdb:7,0x812a:5	0xe5f1:102,0x1e8:10,0x200:6,0xd657:4,0x9dc9:4	0x65c8:102,0x1e8:13,0xd4d9:4,0x95af:4,0x72f4:4	0x385b:102,0x1399:4,0x5c01:4,0x5cf8:4,0xd2b5:4	0x8600:102,0xe800:10,0xe8f0:6,0xe8e0:5,0xe897:5
176	0x9c10b	318	117	tail@0x9c3f4:318	28@0x7e390:126,18@0x7be9b:23,114@0x90319:21,337@0xbec0e:19,66@0x855ff:16	+0x4:318	0xad8:107,0xaa0:11,0x810:8,0x5e8:6,0x78c6:4	0x5f40:102,0x24:8,0xc009:4,0x6b4e:4,0x90c0:4	0x5b8f:102,0x80:20,0x508:10,0xa0:10,0x570:5	0x8c02:102,0xfd00:8,0xe808:6,0xe632:4,0xe8fd:4	0xe842:102,0xe875:8,0x1:8,0xe877:7,0xfa01:6	0x4701:102,0xe801:12,0x1e8:10,0x9001:9,0x162:8
243	0xaab6a	313	115	tail@0xaaf3c:313	307@0xb8064:107,347@0xc088d:20,337@0xbec0e:18,338@0xbf128:18,64@0x85059:17	+0x4:313	0xd53a:102,0x560:8,0xfaeb:6,0x1e8:5,0xb550:4	0xfdaf:102,0x13d:23,0x91:6,0x7608:4,0x7e51:4	0xc6e:102,0x1e8:18,0xf493:4,0xf38d:4,0x1316:4	0x3ef4:102,0x91:15,0x1e8:14,0xe810:9,0xd708:4	0xecf7:102,0xd0:8,0x9d8:6,0x3807:6,0x7c01:5	0x40d6:102,0xe83a:7,0xe800:6,0xdc3a:4,0x1aba:4
253	0xacfb1	306	28	tail@0xad329:306	297@0xb64d7:260,28@0x7e390:12,43@0x8173d:6,70@0x8610e:4,83@0x8947b:4	+0x6:306	0xa7fc:256,0x768:5,0x8ffb:4,0x50f9:4,0xa633:4	0xa726:256,0x3d00:8,0x69ea:4,0xc351:4,0x330b:4	0x3f99:256,0x25:4,0x6701:4,0xfe01:4,0x7b11:4	0x82ba:256,0x13d:17,0x2d97:4,0xe8db:4,0xf87a:2	0x47b0:256,0x13d:5,0x5a96:4,0x2a86:4,0x3604:4	0x13d:259,0x33c7:4,0x7835:4,0xe263:4,0x9890:4
237	0xa8e1f	290	18	tail@0xa94a3:290	352@0xc1ec4:257,108@0x8f24b:12,198@0xa037e:9,160@0x994cf:6,144@0x95887:3	+0x5:290	0xdb16:256,0x362a:4,0x28f0:4,0x6b85:4,0xab51:4	0xdc62:256,0x92a7:4,0xafe:4,0x411c:4,0x64f0:4	0xd07b:256,0x7f5f:4,0x45d9:4,0x1101:4,0xd3:4	0x8baa:256,0x1ce4:4,0x7488:4,0xa9c6:4,0x3cb4:4	0x6228:256,0xd3:4,0x147:4,0xad4e:4,0x462:4	0x87ad:256,0x6402:4,0xd69d:4,0xd283:4,0x7d91:4
79	0x885b0	289	41	tail@0x88a55:289	160@0x994cf:119,257@0xadbfd:114,256@0xad849:15,173@0x9ba74:14,352@0xc1ec4:12	+0x5:289	0xb527:102,0x2f59:102,0xb3f7:4,0xb087:4,0x2ed1:4	0x715a:102,0x225b:102,0x4952:4,0xa88:4,0x31c4:4	0x3ab:102,0xfa3a:102,0xb3:6,0xba21:4,0x5f4d:4	0x1536:102,0x135b:102,0x9897:5,0xeecf:4,0xae7a:4	0xbb4:102,0x6002:102,0x3aa5:4,0xcce2:4,0x1a45:4	0xffd7:102,0x9003:102,0x68:6,0x39:4,0x425a:4
322	0xbb3c9	282	18	tail@0xbb6e3:282	157@0x98a9a:256,91@0x8b6de:6,183@0x9d495:3,333@0xbd8af:3,215@0xa4609:2	+0x4:282	0x8b7b:256,0x750:4,0x1e8:3,0x158:2,0x7a94:2	0x68:256,0x1e8:8,0x4a3:2,0x8826:2,0x178:2	0xd5f3:256,0x16b3:4,0x3d00:4,0x6889:2,0x705a:2	0x87ce:256,0xf93a:4,0x31fe:2,0xd39c:2,0x75e6:2	0x968:256,0xea2c:4,0x1600:2,0x8eb5:2,0x1df4:2	0xc8:256,0x10:4,0xb0:2,0x2942:2,0xb2:2
292	0xb540f	260	2	tail@0xb593d:260	185@0x9d964:256,18@0x7be9b:4	+0x5:260	0x288b:256,0x2600:4	0xad62:256,0xfd8e:4	0x3b87:256,0xd319:4	0xc707:256,0x1c:4	0xeeec:256,0x13d:4	0xaa:256,0x141f:4
90	0x8b334	258	2	tail@0x8b6db:258	49@0x82820:256,330@0xbc9b8:2	+0x4:258	0x5200:256,0x868:2	0x3d96:256,0x3762:2	0xf01:256,0x7e:2	0x2499:256,0x13d:2	0xf1d2:256,0xaf17:2	0xb789:256,0xda04:2
127	0x926c3	256	1	tail@0x92998:256	108@0x8f24b:256	+0x5:256	0x1ece:256	0x96f3:256	0x550:256	0xc146:256	0xa134:256	0x804:256
75	0x873fc	255	1	tail@0x87c25:255	171@0x9b4b3:255	-0x6d:255	0x142:255	0x13:255	0x9657:255	0x8b7b:255	0x68:255	0xd5f3:255
350	0xc1926	252	26	tail@0xc1d46:252	258@0xadf2c:102,281@0xb2db6:102,91@0x8b6de:10,43@0x8173d:5,180@0x9cf32:4	+0x4:252	0x73d:102,0xd8d:102,0x540:4,0x7e77:4,0x873:4	0xbb3c:102,0x7c68:102,0x1e8:14,0x13:5,0xf6ac:4	0x3d00:108,0xaeb3:102,0xd4b4:4,0x97d7:4,0x8540:4	0xc0b:102,0xf301:102,0xd5fe:4,0x0:4,0x13d:4	0xde3b:102,0x48be:102,0x3d00:4,0x968:4,0xd100:4	0x9e66:102,0x202e:102,0x13d:10,0xdc01:4,0xa8:4
37	0x80685	250	24	tail@0x80d77:250	257@0xadbfd:110,256@0xad849:102,352@0xc1ec4:9,108@0x8f24b:8,160@0x994cf:6	+0x5:250	0x273d:102,0xb4c7:102,0x9e0f:4,0x675c:4,0x2970:4	0xe4c:102,0xd8db:102,0xb06:4,0xc0a9:4,0x211a:4	0xab:102,0xb3:102,0x15a:4,0xfcb2:4,0x7c00:4	0x400:102,0x4f58:102,0x9f7f:4,0x4e8:4,0xbfbf:4	0x629a:102,0x9f3c:102,0x1790:4,0xee95:4,0x8b57:4	0xc079:102,0x870b:102,0x4cba:4,0xb357:4,0xff3b:4
192	0x9f00a	242	22	tail@0x9f779:242	198@0xa037e:109,257@0xadbfd:102,173@0x9ba74:12,352@0xc1ec4:10,144@0x95887:5	+0x5:242	0xc4e7:102,0x65ec:102,0xbaf:4,0x901f:4,0xeb80:4	0x7569:102,0x448:102,0x793a:6,0x598:4,0xda36:4	0xe33:102,0x28c6:102,0xdd85:4,0x3a64:4,0x671c:4	0x6962:102,0xf0a6:102,0xe39b:4,0xf37e:4,0x17d0:4	0xbbc1:102,0x620a:102,0x3a75:4,0xf300:4,0xde49:4	0xaba9:102,0xc112:102,0x8fce:4,0x2da1:4,0x9024:4
30	0x7e849	240	27	tail@0x7ecd0:240	203@0xa1484:102,192@0x9f00a:102,180@0x9cf32:9,269@0xb045b:6,337@0xbec0e:3	+0x4:240	0x914f:102,0xd70a:102,0x3d00:7,0x8a18:2,0x6db:2	0x13d:105,0xf7af:102,0x1e8:11,0x5701:6,0xea5d:2	0xfcc3:102,0xe700:102,0x7331:4,0xf07b:2,0x94bf:2	0x4e:102,0x69c4:102,0xbb07:4,0xb3:4,0x2319:2	0x13d:107,0x3375:102,0x3a23:4,0xde6f:2,0x7409:2	0x6847:102,0x620e:102,0x994f:4,0xd5:2,0xd801:2
260	0xae90b	231	17	tail@0xaeda0:231	189@0x9e7af:102,340@0xbf435:102,203@0xa1484:5,337@0xbec0e:4,180@0x9cf32:3	+0x4:231	0x54ad:102,0x4583:102,0x906f:4,0x8a30:4,0x3d00:3	0x9ebc:102,0x68:102,0xe2b0:4,0x9ea:4,0x1e8:3	0x3117:102,0xa34e:102,0x3d00:5,0x842e:4,0xe701:2	0x4bab:102,0x13d:102,0x5f01:4,0x683e:4,0x4660:2	0x3d00:102,0xec00:102,0x6bb7:4,0xce5a:4,0x363c:2	0xc501:102,0x4865:102,0xb482:4,0xbd:4,0x0:3
319	0xba72f	227	13	tail@0xbada2:227	173@0x9ba74:110,257@0xadbfd:103,256@0xad849:8,198@0xa037e:3,108@0x8f24b:2	+0x5:227	0xb14f:102,0xbf6:102,0x25f6:4,0x802e:4,0x5036:2	0xd0c8:102,0xad00:102,0xcc4:4,0xdc50:4,0x1ba4:2	0xae7c:102,0x88:102,0xb3:6,0x6950:4,0x23f3:2	0x8e2e:102,0xff12:102,0x178:4,0x4000:4,0xea7:2	0x15a:102,0x1062:102,0x7914:4,0x5006:4,0x3aa2:2	0x7962:102,0x12a0:102,0xad3a:4,0xe1d1:4,0x9cbb:2
346	0xc0535	217	110	tail@0xc088b:217	268@0xb0007:23,333@0xbd8af:20,64@0x85059:18,66@0x855ff:13,337@0xbec0e:13	+0x4:217	0x4e8:6,0x1e8:5,0x2b7d:4,0xe601:4,0x9b0:4	0x13d:18,0x38:8,0x147:5,0x73fa:4,0x93ed:4	0x1e8:13,0x810:6,0x28d8:4,0xac5d:4,0xa90:4	0xe810:9,0x1e8:9,0xd3:7,0x38:5,0x9300:4	0x798:7,0xd0:6,0x4401:5,0x300f:4,0xc1ad:4	0xe801:8,0xe800:7,0xd2a5:4,0xa4d6:4,0xe80a:4
269	0xb045b	193	47	tail@0xb092e:193	160@0x994cf:117,352@0xc1ec4:18,108@0x8f24b:15,173@0x9ba74:11,198@0xa037e:11	+0x5:193	0x2e48:102,0x3df6:4,0x826b:4,0x773:4,0xd7c6:4	0x620:102,0x3e0:6,0x9c6c:4,0x1eb4:4,0x23bb:4	0x3ffc:102,0xb3:6,0xe400:4,0x4f3a:4,0xc8c8:4	0xc516:102,0xc147:4,0xb728:4,0x6a99:4,0xc664:4	0x34a0:102,0x68:8,0x658:4,0xa9e6:4,0xe829:4	0x79c5:102,0x8fa2:4,0xe80e:4,0xdb01:4,0xe8eb:4
256	0xad849	182	44	tail@0xadbfa:182	340@0xbf435:110,258@0xadf2c:9,200@0xa0a9e:7,114@0x90319:6,140@0x94e5a:4	+0x2:182	0xe4c:102,0xf5cc:4,0xcc4:4,0xb38f:4,0x540:4	0xab:102,0xb3:8,0x0:5,0xf7b:4,0xd3cc:4	0x400:102,0xaa0:5,0x178:4,0x858d:4,0x2ba3:4	0x629a:102,0x5ebf:4,0x7914:4,0xf7f:4,0x54d9:4	0xc079:102,0x68:5,0xad3a:4,0xaeea:4,0xd312:4	0x16b7:102,0x4fd0:4,0x5894:4,0x586f:4,0x9600:4
345	0xc02e4	159	22	tail@0xc0532:159	52@0x833c7:102,64@0x85059:8,196@0x9fbcd:8,340@0xbf435:7,157@0x98a9a:6	+0x6:159	0xf763:102,0x77e1:4,0xc803:4,0x560:4,0x25f6:4	0x3dff:102,0x68:9,0x13d:6,0x3d00:6,0xb064:4	0xa501:102,0x13aa:4,0xed67:4,0x33d4:4,0x8f00:4	0x0:102,0x3d00:5,0x293a:4,0x2e08:4,0x5b01:4	0xc400:102,0x5c01:4,0x5b6f:4,0xe7c2:4,0xb320:4	0x3:104,0x13d:6,0xa967:4,0x9669:4,0x817f:4
70	0x8610e	142	21	tail@0x86763:142	108@0x8f24b:113,198@0xa037e:8,144@0x95887:6,257@0xadbfd:6,256@0xad849:4	+0x5:142	0x8510:102,0xd045:4,0x5a96:4,0x9767:4,0x265a:4	0x560:102,0xad8:4,0x33c7:4,0x862d:4,0x540:4	0x2b3d:102,0xef8f:4,0x96b5:4,0x352a:4,0x35e:4	0x534b:102,0xfb8b:4,0xa9f0:4,0x6978:4,0x2ba3:4	0x1100:102,0xe820:4,0x7392:4,0x3a02:4,0x54d9:4	0xf7d7:102,0xbc92:4,0x7a48:4,0x6357:4,0xd312:4
121	0x91379	142	23	tail@0x9170b:142	307@0xb8064:103,91@0x8b6de:9,180@0x9cf32:6,64@0x85059:4,189@0x9e7af:3	+0x4:142	0x9d70:102,0xbe3:4,0x1f54:4,0x8943:4,0xf80f:4	0x87ae:102,0x1e8:15,0x2c4f:4,0x87da:2,0xa600:2	0xd3ce:102,0x3d00:6,0xf585:4,0x25df:4,0x34aa:4	0x3d00:107,0xd9f4:4,0xdce8:4,0x2c34:4,0x5301:4	0xa101:102,0xe20:4,0xc83a:4,0xcef4:4,0x9fa4:4	0xe1c5:102,0x13d:6,0xc9be:4,0x6ee0:4,0x6d1f:4
351	0xc1d48	142	21	tail@0xc1ec2:142	297@0xb64d7:102,28@0x7e390:7,121@0x91379:4,337@0xbec0e:4,66@0x855ff:4	+0x5:142	0x738b:102,0xd110:4,0xb708:4,0x68b1:4,0x620:4	0x3853:102,0xd0bf:4,0xcf:4,0x5e0a:4,0x663b:4	0x380e:102,0x1e8:5,0x8943:4,0xdcca:4,0x68ea:4	0xad11:102,0x1e8:7,0x271a:4,0x6e00:4,0x93e9:4	0xbc54:102,0x34aa:4,0xfe8b:4,0xee8a:4,0x4b07:4	0x179e:102,0x2c34:4,0x1e8:4,0xe83f:4,0x3801:4
273	0xb11ca	140	24	tail@0xb1545:140	199@0xa0631:102,183@0x9d495:13,91@0x8b6de:6,66@0x855ff:5,114@0x90319:3	+0x4:140	0xdfaa:102,0x1e8:13,0xfa7f:5,0x42e0:2,0x610:2	0x8b5b:102,0x1e8:7,0x642a:5,0xdf72:4,0x800a:4	0xb9b7:102,0x3d3c:5,0xc23:4,0x5eeb:4,0x6699:2	0x13d:106,0x68:7,0xc101:5,0xd996:4,0x3d00:4	0x8510:102,0x162:5,0xb18d:4,0x15d4:4,0x7e01:2	0x560:102,0x0:5,0x10:4,0x68:4,0x7ba0:2
167	0x9a8d2	139	22	tail@0x9aa81:139	351@0xc1d48:120,283@0xb3612:14,295@0xb60e0:5	+0x6:139	0x1e8:125,0xe810:14	0x221b:102,0xc401:6,0x3ab0:4,0x3500:4,0xd452:2	0x8b10:102,0x9e62:4,0x1010:4,0xb110:4,0xc910:3	0x5373:102,0x38fc:4,0xbfd1:4,0xa68:4,0xa1e3:2	0xe38:102,0xe4fb:4,0x43d0:4,0xea5e:4,0xe8ae:4	0x1138:102,0xac40:4,0xe889:4,0x68:4,0xe9b0:2
254	0xad32c	137	21	tail@0xad766:137	66@0x855ff:106,91@0x8b6de:6,183@0x9d495:5,297@0xb64d7:4,172@0x9b68a:2	+0x4:137	0xa4fc:102,0x1e8:5,0xd7f1:4,0x8685:4,0x3918:2	0x426a:102,0x1e8:8,0x826a:4,0x3540:4,0x35b:2	0x5ceb:102,0x3da8:4,0xfcbd:4,0x3d00:3,0x6:2	0x3dd8:102,0x1:4,0xf9b9:4,0x68:3,0x3d00:3	0x8601:102,0xb3f7:4,0x2b36:4,0xef7c:2,0x975f:2	0x2e:102,0x4952:4,0x990a:4,0x13d:3,0xb5dc:2
165	0x9a24c	133	14	tail@0x9a46b:133	114@0x90319:103,199@0xa0631:6,28@0x7e390:6,18@0x7be9b:5,66@0x855ff:4	+0x2:133	0x5ed9:103,0x9831:4,0x480f:4,0x17d4:4,0x158:4	0xaca6:103,0x99:6,0x763a:4,0x2a3a:4,0x4d3a:4	0x64b6:103,0x9919:4,0x3389:4,0xef7f:4,0x3180:4	0x57cf:103,0x4b00:4,0xeebc:4,0x99:4,0xb4fe:4	0x914f:103,0x9943:4,0x6e8d:4,0x8ad8:4,0x990d:4	0xf7af:103,0xe800:5,0x4400:4,0x403e:4,0xa42a:4
181	0x9d13f	114	9	tail@0x9d24a:114	215@0xa4609:102,337@0xbec0e:3,114@0x90319:3,64@0x85059:3,347@0xc088d:2	+0x6:114	0x5e8:102,0x79ec:2,0x7f9:2,0xebd4:2,0x3767:2	0x1cbc:102,0x3157:2,0xcff6:2,0xf926:2,0x88bb:2	0x3463:102,0x570:2,0x4dc0:2,0xfd75:2,0x8dfb:2	0x2aa2:102,0x1842:2,0x5a52:2,0xe8ec:2,0x46ad:2	0xe863:102,0xe897:2,0xe891:2,0x3401:2,0xe84e:2	0xd801:102,0x7d01:2,0x2201:2,0xea72:2,0xf301:2
281	0xb2db6	108	3	tail@0xb3125:108	269@0xb045b:102,292@0xb540f:4,300@0xb6c36:2	+0x4:108	0x3d00:102,0x5f3a:4,0x2ea3:2	0xf301:102,0x8b00:4,0x6baf:2	0x48be:102,0xcb:4,0x7ca0:2	0x202e:102,0x8e26:4,0xa93a:2	0xfc06:102,0x19fd:4,0x68fc:2	0x163f:102,0x1cd3:4,0x7008:2
99	0x8c99a	106	2	tail@0x8cc7f:106	198@0xa037e:102,160@0x994cf:4	+0x5:106	0x542a:102,0x2be9:4	0x54df:102,0xf657:4	0xa80f:102,0x8b6b:4	0x1066:102,0xfdb0:4	0x5af8:102,0xa60:4	0x38f3:102,0xac14:4
17	0x7bae9	106	2	tail@0x7be98:106	300@0xb6c36:102,220@0xa522e:4	+0x5:106	0x1312:102,0x3d00:4	0xa4f5:102,0x6301:4	0x957e:102,0xee31:4	0x62:102,0xbe7:4	0x13d:102,0x4627:4	0xb35f:102,0xe9ec:4
349	0xc140b	103	2	tail@0xc1923:103	17@0x7bae9:102,282@0xb3128:1	+0x4:103	0xff12:102,0xa6:1	0x1062:102,0x90e:1	0x12a0:102,0x243a:1	0xf513:102,0x55:1	0x7ea4:102,0x756:1	0x6295:102,0x4ac0:1
105	0x8e6b4	103	2	tail@0x8eb77:103	350@0xc1926:102,83@0x8947b:1	+0x5:103	0xc112:102,0x8f4c:1	0x34d7:102,0x3d00:1	0xd8d:102,0xc701:1	0x7c68:102,0x8801:1	0x3d00:102,0x79e:1	0xf301:102,0x7817:1
201	0xa0dca	102	1	tail@0xa13d3:102	173@0x9ba74:102	+0x5:102	0x8cce:102	0x7723:102	0xf054:102	0xc1e2:102	0x2738:102	0x7909:102
118	0x90c23	102	1	tail@0x90eb9:102	332@0xbd36d:102	+0x3:102	0xd78b:102	0xca9f:102	0x900:102	0x3d7a:102	0x2a01:102	0xdf54:102
107	0x8eef4	102	1	tail@0x8f248:102	160@0x994cf:102	+0x5:102	0x2181:102	0xa66a:102	0x34b7:102	0x73d:102	0xbb3c:102	0xaeb3:102
316	0xb987b	102	1	tail@0xba0cc:102	165@0x9a24c:102	-0x3c4:102	0x72:102	0x5ed9:102	0xaca6:102	0x64b6:102	0x57cf:102	0x914f:102
83	0x8947b	73	41	tail@0x89839:73	108@0x8f24b:19,160@0x994cf:13,256@0xad849:9,173@0x9ba74:8,352@0xc1ec4:7	+0x5:73	0xd901:4,0xc0b:4,0x2fd1:4,0x9767:4,0xdbfe:4	0xdf23:4,0x24f3:4,0x70ef:4,0x3b65:4,0x4e8:4	0x5006:4,0x9d3:4,0xd5d6:4,0x52a:4,0x6336:4	0x13a3:4,0x2e1a:4,0xac8:4,0x51c2:4,0x9de2:4	0x8800:4,0xd6f0:4,0xc1c8:4,0x78b9:4,0xc101:4	0xb8de:5,0x150e:4,0xc8ef:4,0xd64c:4,0x806a:4
124	0x91e81	66	31	tail@0x922c1:66	43@0x8173d:9,337@0xbec0e:7,268@0xb0007:6,28@0x7e390:5,237@0xa8e1f:5	+0x6:66	0xb7df:4,0x658:4,0x733f:4,0x8b57:4,0x980a:4	0x13d:5,0x287e:4,0x8fa2:4,0x9ce8:4,0xff3b:4	0x907d:4,0x2992:4,0x8d76:4,0x812:4,0xde00:4	0x13d:6,0x3d91:4,0x64a3:4,0xc4:4,0x8ba:4	0x13d:13,0xf01:4,0x9dfc:4,0xc3f4:4,0x3f01:4	0x69e:4,0xf4f7:4,0x80c7:4,0x6b:4,0xdf97:4
239	0xa991e	62	29	tail@0xa9cf4:62	320@0xbada5:8,28@0x7e390:6,64@0x85059:5,18@0x7be9b:4,66@0x855ff:4	+0x6:62	0x3d00:6,0x1240:4,0x3a39:4,0x298:4,0xa1b3:4	0x68:6,0xe39a:4,0xa0:4,0x1dfa:4,0x73:4	0x1655:4,0x13d:4,0x19:4,0x9f54:4,0x88:4	0x13d:10,0x3dd9:4,0xd549:4,0x3d77:4,0xae15:4	0xbe01:4,0x3df6:4,0xc0b:4,0x5001:4,0x50f0:4	0x2e:4,0x9c6c:4,0x24f3:4,0x91b0:4,0x9dd0:4
338	0xbf128	59	29	tail@0xbf2d3:59	351@0xc1d48:22,295@0xb60e0:19,283@0xb3612:18	+0x6:59	0x1e8:41,0xe810:18	0x7c01:8,0xd402:4,0xcf82:4,0x4401:4,0x3807:4	0x810:6,0xb05e:4,0x5710:4,0x9210:4,0x835e:4	0x145c:4,0x9626:4,0x836e:4,0xa3b5:4,0x3a70:4	0xe3f7:4,0xff33:4,0xc422:4,0xfbf7:4,0x9bcf:4	0xe80b:6,0x68e1:4,0xd089:4,0x68d9:4,0x7645:4
200	0xa0a9e	58	29	tail@0xa0dc7:58	168@0x9aa83:7,18@0x7be9b:6,268@0xb0007:6,340@0xbf435:5,291@0xb4edd:4	+0x6:58	0x5ebf:4,0x4a7a:4,0x1a45:4,0x683a:4,0xb3ff:4	0x68:5,0xef34:4,0x425a:4,0xd0be:4,0x3a1c:4	0x4fd0:4,0xd870:4,0x3d73:4,0x3781:4,0x4b20:4	0x13d:10,0xd88e:4,0x97b4:4,0xac2a:4,0x355:2	0xe529:4,0x362a:4,0x6899:4,0xd3f3:4,0xea00:4	0x13d:8,0xbaab:4,0x92a7:4,0xfb00:4,0x1002:4
3	0x78c77	53	27	tail@0x792f5:53	144@0x95887:15,108@0x8f24b:10,173@0x9ba74:7,256@0xad849:6,160@0x994cf:5	+0x5:53	0x18f:4,0x9bff:4,0x9077:4,0x9b77:4,0x2cf0:4	0x390:4,0xaf5a:4,0x540:4,0x1a58:4,0x2840:4	0xa6cf:4,0x3ab:4,0x7479:4,0xecc4:4,0x685a:4	0x4755:4,0x7d37:4,0x9261:4,0xa3f2:4,0xca9e:4	0x5614:4,0x70b4:4,0x80d8:4,0xc5d3:4,0x82a1:4	0xc4b9:4,0xd80a:4,0x1:4,0x45c1:4,0x6ce0:4
91	0x8b6de	50	25	tail@0x8b8c9:50	189@0x9e7af:6,18@0x7be9b:6,333@0xbd8af:6,168@0x9aa83:5,185@0x9d964:4	+0x4:50	0x16b3:4,0xd4b4:4,0x25df:4,0x34aa:4,0x8b0f:4	0x68:7,0xf93a:4,0xd5fe:4,0xdce8:4,0x2c34:4	0x3d00:5,0xea2c:4,0xc83a:4,0xcef4:4,0xa8f5:4	0x13d:8,0x10:4,0xdc01:4,0x6ee0:4,0xd8:4	0x13d:10,0x913f:4,0xad00:4,0x5c88:4,0x5900:4	0xc670:4,0xbd2a:4,0x8f3f:4,0x1d6:4,0x39bf:4
140	0x94e5a	48	21	tail@0x951c0:48	340@0xbf435:10,297@0xb64d7:6,215@0xa4609:6,168@0x9aa83:5,258@0xadf2c:4	+0x6:48	0x3aa5:4,0x51f6:4,0x147:4,0xf7f:4,0x1506:4	0x68:8,0x19d:4,0xd69d:4,0xaeea:4,0x8600:4	0x2e56:4,0x1400:4,0x8b1a:4,0x586f:4,0x42c8:4	0x68:5,0x7b1:4,0x3d4f:4,0x4bc3:4,0xf8b1:4	0x600:5,0x592:4,0xe901:4,0x3d7c:4,0x8456:4	0xa2:4,0x8a63:4,0xab:4,0xb5cc:4,0xe2:4
320	0xbada5	47	27	tail@0xbb1db:47	173@0x9ba74:13,160@0x994cf:8,108@0x8f24b:7,352@0xc1ec4:5,256@0xad849:4	+0x5:47	0xf7a:4,0x8d76:4,0x2ca1:4,0xf791:2,0xc80f:2	0x9e62:4,0xaf9b:4,0x3303:4,0x930d:2,0xb661:2	0x9309:4,0x2e3a:4,0x7552:4,0x1ac:2,0xeae7:2	0xef07:4,0xcd4d:4,0x2b90:4,0x9838:2,0xcfa3:2	0xfc79:4,0x53a8:4,0xed36:4,0xf091:2,0x13:2	0xb3c7:4,0xb26d:4,0xf4e1:4,0x400:2,0xf0:2
354	0xc2241	43	22	tail@0xc240d:43	168@0x9aa83:7,268@0xb0007:5,185@0x9d964:5,28@0x7e390:4,114@0x90319:4	+0x2:43	0x1c4a:5,0x147:5,0xaa0:4,0x99:4,0xafb2:4	0xd1aa:5,0x810:4,0x67ae:4,0xac8c:4,0x893a:4	0x7175:5,0x991a:4,0x15e:4,0xdd8d:4,0xfe4f:2	0x2152:5,0x5600:4,0x7b3a:4,0x99:4,0xae13:4	0x865f:5,0xfa18:4,0xb1d9:4,0x4ca7:4,0x988:3	0x6fad:5,0x566c:4,0xf6ca:4,0xe8d7:4,0xc4bb:2
183	0x9d495	41	25	tail@0x9d692:41	157@0x98a9a:7,83@0x8947b:4,168@0x9aa83:4,18@0x7be9b:3,196@0x9fbcd:2	+0x4:41	0x2912:4,0xc23:4,0x5eeb:4,0x3d00:4,0xd06e:2	0x68:11,0x3d00:4,0xd996:4,0xbe54:2,0xd39c:2	0xd101:4,0xb18d:4,0x15d4:4,0xfec7:2,0xf59f:2	0x68:6,0xef2f:4,0x10:4,0x13d:3,0x31c:2	0xd670:4,0x13d:4,0x3d00:4,0xa8db:2,0xea20:2	0xc8d5:4,0x96d4:4,0x7d01:4,0x3a:4,0x13d:3
40	0x8115d	35	15	tail@0x8129b:35	340@0xbf435:6,215@0xa4609:5,66@0x855ff:4,189@0x9e7af:4,337@0xbec0e:4	+0x6:35	0x810:4,0x67fc:4,0x57f3:4,0x1334:4,0x9b67:4	0xb3:6,0x6f1c:4,0x173a:4,0xe564:4,0xf31f:4	0x508:6,0x5b5:4,0xb787:4,0x9eb0:4,0xa69d:4	0xe8e1:4,0x1a06:4,0x7e70:4,0x6a3a:4,0x29c9:4	0xdb01:4,0xe8d8:4,0xe871:4,0xe8b4:4,0xe89b:4	0x3a01:5,0xc69b:4,0xa01:4,0x5f01:4,0x9001:4
283	0xb3612	32	18	tail@0xb3799:32	258@0xadf2c:6,121@0x91379:5,114@0x90319:5,185@0x9d964:4,273@0xb11ca:2	+0x5:32	0xfc9e:4,0x5cb0:4,0xb583:4,0x70a7:4,0xe748:2	0xfb38:4,0xf714:4,0xf7a3:4,0xcf3a:4,0x1f0:2	0x40e4:4,0xbe3:4,0xd9fb:4,0x459b:4,0x610:2	0x1e8:8,0x68:7,0x94ac:4,0x9876:4,0x9fd9:1	0x750:4,0xf585:4,0xe605:4,0xd062:4,0xf5dd:2	0x1e8:4,0xd9f4:4,0x7be:4,0x5443:4,0xdbd4:2
180	0x9cf32	30	18	tail@0x9d13d:30	189@0x9e7af:5,79@0x885b0:4,307@0xb8064:3,3@0x78c77:2,28@0x7e390:2	+0x4:30	0xf585:4,0x8540:4,0x25b1:2,0x868:2,0x1db3:2	0xd9f4:4,0x13d:4,0x3d00:4,0xb3:4,0x6b3a:2	0xe20:4,0xd100:4,0x13d:4,0x3701:2,0x6872:2	0xc9be:4,0xc42e:4,0x56ed:2,0xb557:2,0xd700:2	0x248b:4,0xeb31:4,0xd5b9:2,0x91dc:2,0x68ea:2	0xf5:4,0x6006:4,0x12a0:2,0x73f2:2,0xb100:2
179	0x9ca8d	29	9	tail@0x9cf2f:29	79@0x885b0:8,172@0x9b68a:6,49@0x82820:4,220@0xa522e:4,203@0xa1484:4	+0x5:29	0x6000:4,0x3d00:4,0xa556:4,0x2da1:4,0xa43e:4	0x13d:8,0x3d6e:4,0x701:4,0xbb:4,0x766f:4	0xd801:4,0xe234:4,0x8700:4,0x7c43:4,0xe900:4	0x2b8b:4,0xe0e6:4,0x4a89:4,0xb626:4,0x872b:4	0x6845:4,0x2c13:4,0xbc0b:4,0xb493:4,0x6bf0:4	0x5500:4,0x8dc:4,0x9700:4,0x3d00:4,0x538b:4
119	0x90ebc	25	14	tail@0x91067:25	337@0xbec0e:6,340@0xbf435:4,189@0x9e7af:3,114@0x90319:2,307@0xb8064:2	+0x6:25	0x2344:4,0x9194:4,0x926c:2,0x35d7:2,0x4a0d:2	0xb3:4,0x41ba:4,0xf51b:2,0xe244:2,0x812:2	0xa51c:4,0x307b:4,0x3da0:2,0x3d8:2,0x75c6:2	0xe8ae:4,0xe81f:4,0xda:2,0x22e:2,0xe2af:2	0x3e01:4,0xeb01:4,0xe869:2,0xe83a:2,0xe81e:2	0x55:4,0x1891:4,0x1001:2,0xfa01:2,0xc001:2
295	0xb60e0	24	12	tail@0xb625a:24	258@0xadf2c:4,114@0x90319:4,268@0xb0007:4,189@0x9e7af:2,254@0xad32c:2	+0x5:24	0x2657:4,0x6e92:4,0xe344:2,0x3bf9:2,0xfa50:2	0x3396:4,0x2283:4,0x6ca1:2,0x2d2a:2,0xe794:2	0xe1ff:4,0x89c4:4,0x1e8:4,0xb051:2,0x3985:2	0x68:6,0x69d0:5,0x18e9:2,0xd95e:2,0x871e:2	0x2d21:4,0x1e8:4,0x7d80:2,0x3d6d:2,0xd6e0:2	0xe0cc:4,0xdf72:4,0x68:4,0x58ad:2,0x10b2:2
154	0x97ce6	24	14	tail@0x980a9:24	91@0x8b6de:6,301@0xb708d:4,183@0x9d495:3,297@0xb64d7:3,43@0x8173d:2	+0x4:24	0xfe8b:4,0x3d00:4,0x1e8:3,0x12a7:2,0xcd7f:2	0x1e8:6,0x1f01:4,0x677b:2,0xc574:2,0x13:2	0x8b0f:4,0x2314:4,0xf7a8:2,0xd0bf:2,0x12f4:2	0xfee3:4,0x62a1:4,0xb3:2,0x68:2,0xc59a:2	0xa8f5:4,0x13d:4,0x1:4,0x6e0:2,0xd9cb:2	0xd8:4,0x4c00:4,0x96:2,0x65d2:2,0x64:2
261	0xaeda2	23	12	tail@0xaeeff:23	18@0x7be9b:10,258@0xadf2c:5,337@0xbec0e:2,114@0x90319:2,297@0xb64d7:1	+0x6:23	0x47e4:4,0x4e1a:4,0x529a:4,0x52b8:2,0x3bf3:2	0x1e14:8,0x7659:4,0x4196:2,0xee0b:2,0xec9c:1	0x508:4,0x8c5b:4,0xf437:4,0x5e9b:2,0x5a94:2	0x8d08:4,0xd2aa:4,0xa9a6:4,0xe8e2:2,0xda2c:2	0xe8d4:4,0xe86e:4,0xe8ca:4,0xd201:2,0xe830:2	0xea01:4,0x1:4,0xd801:4,0xa0a6:2,0xf01:2
169	0x9af18	22	9	tail@0x9b0c5:22	171@0x9b4b3:10,354@0xc2241:8,165@0x9a24c:4	+0x4:22	0x1c:8,0x129:5,0x151:4,0xbd:2,0xac:1	0xaa0:4,0xe31:4,0xa68:4,0x93e8:4,0x99:2	0x99:5,0x810:4,0xc2eb:4,0x7310:4,0xefbc:2	0x991a:4,0x6129:4,0x99e9:4,0xcf63:4,0xfe4f:2	0x5600:4,0x403a:4,0xe700:4,0x99:4,0xb5ba:2	0xfa18:4,0xaea4:4,0x2609:4,0xb0d0:4,0x19cf:2
310	0xb8556	21	6	tail@0xb86f5:21	165@0x9a24c:13,354@0xc2241:4,171@0x9b4b3:4	+0x4:21	0x42:8,0x154:4,0x10c:4,0x12:4,0x1c:1	0x9831:4,0x17d4:4,0x1c4a:4,0x158:4,0x93b1:4	0x763a:4,0x99:4,0x67ae:4,0x4d3a:4,0xf13a:4	0x9919:4,0xef7f:4,0x15e:4,0x3180:4,0x3464:4	0x4b00:4,0x99:4,0x7b3a:4,0xb4fe:4,0x96fe:4	0x9943:4,0x8ad8:4,0xb1d9:4,0x990d:4,0x8df9:4
146	0x96407	21	11	tail@0x96915:21	66@0x855ff:6,28@0x7e390:4,337@0xbec0e:2,83@0x8947b:2,269@0xb045b:2	+0x5:21	0x1e82:4,0x968:4,0x17bc:2,0xa11:2,0x3d00:2	0xb6:4,0x5b:4,0xf66d:2,0x3d00:2,0x6d01:2	0xaf0a:4,0x13d:4,0x3d00:2,0x7801:2,0x9ff6:2	0x13d:4,0xf05f:4,0xed01:2,0x6ef4:2,0xe298:2	0x2be9:4,0x63fc:4,0x13d:3,0x77a0:2,0x13ec:2	0xf657:4,0xcb8e:4,0x8f94:2,0xbf7e:2,0xc085:2
222	0xa5f3c	14	8	tail@0xa646d:14	114@0x90319:6,18@0x7be9b:3,258@0xadf2c:2,3@0x78c77:2,35@0x7fd4d:1	+0x5:14	0xb360:4,0x4f22:2,0xd857:2,0x2661:2,0x962:1	0xfb0f:5,0x3d00:3,0x7e54:2,0x2ba4:2,0x4c:1	0x3d00:4,0x2caa:2,0x9a17:2,0x3701:2,0x13d:1	0x8b01:4,0x52b5:2,0xd74f:2,0xb106:2,0xc27c:1	0x6676:4,0xc79:2,0x6a8d:2,0x1086:2,0x1c9:1	0x7390:4,0xa0:2,0x223a:2,0x905f:2,0x5b4e:1
208	0xa2361	13	7	tail@0xa2933:13	258@0xadf2c:4,83@0x8947b:2,203@0xa1484:2,333@0xbd8af:2,43@0x8173d:2	+0x5:13	0xcf74:4,0x5319:2,0x914f:2,0xa57:2,0x5e8:1	0xcb9e:4,0x3d00:2,0xbf4f:2,0xb3:2,0x8883:1	0x8529:4,0x4201:2,0x266d:2,0x983:2,0x9c53:1	0x3d00:4,0x92a1:2,0x8e:2,0xf65c:2,0x19df:1	0x6701:4,0x3600:2,0x13d:2,0x6790:2,0x60:1	0x6597:4,0xf603:2,0xbdf1:2,0x92:2,0x13d:1
311	0xb86f8	12	3	dispatch@0xc80b9:12	169@0x9af18:8,310@0xb8556:4	+0xa:12	0x162:4,0x1e8:4,0xab:4	0x1e8:8,0xa5:4	0x1c:4,0x12:4,0x151:4	0xaa0:4,0x158:4,0x93e8:4	0x810:4,0x4d3a:4,0x99:4	0x991a:4,0x3180:4,0xcf63:4
48	0x82477	12	7	tail@0x8281e:12	18@0x7be9b:4,317@0xba1e2:3,28@0x7e390:2,291@0xb4edd:1,154@0x97ce6:1	+0x5:12	0x640:4,0x868:2,0xd15f:2,0x49a7:1,0x2b26:1	0xd150:4,0x70:2,0xc7c4:2,0x3d64:1,0x773:1	0x12e1:4,0x13d:2,0xded7:2,0xc1a4:1,0x1196:1	0x185f:4,0xbe17:2,0xc07:2,0xee3a:1,0x13d:1	0xff09:4,0x9787:2,0x18:2,0xaff7:1,0xa585:1	0x1cb3:4,0x761c:2,0x49b8:2,0x13d:1,0x0:1
95	0x8c41c	10	3	dispatch@0xc80b9:10	169@0x9af18:4,310@0xb8556:4,86@0x8a37f:2	+0xa:8,+0x2341b:2	0xab:4,0x1e8:4,0x136:2	0x1e8:4,0xab:4,0x0:2	0x129:4,0x42:4,0x1e8:2	0xe31:4,0x93b1:4,0xa5:2	0xc2eb:4,0xf13a:4,0x42:2	0x6129:4,0x3464:4,0x9831:2
291	0xb4edd	9	3	tail@0xb540d:9	28@0x7e390:4,79@0x885b0:4,122@0x9170d:1	+0x4:9	0x88:4,0x4b20:4,0x1196:1	0x13d:5,0xae15:4	0x50f0:4,0xea00:4,0xa585:1	0x9dd0:4,0x1002:4,0x0:1	0x3d00:4,0xaff:4,0x5e00:1	0x6301:4,0x225f:4,0x0:1
264	0xaf4cf	8	2	dispatch@0xc80b9:8	310@0xb8556:4,169@0x9af18:4	+0xa:8	0x1e8:4,0xa5:4	0xa5:4,0x1e8:4	0x154:4,0x1c:4	0x17d4:4,0xa68:4	0x99:4,0x7310:4	0xef7f:4,0x99e9:4
122	0x9170d	6	2	tail@0x91a57:6	246@0xab427:5,334@0xbdd18:1	+0x5:6	0x162:5,0xa5:1	0x0:6	0x23e:5,0x5e:1	0x0:6	0x13d:6	0x5e22:5,0x8322:1
242	0xaa87d	5	2	tail@0xaab67:5	145@0x95b5c:4,114@0x90319:1	+0x5:5	0xa5:4,0x814a:1	0x0:4,0x4953:1	0xbec:4,0xcc61:1	0x0:4,0x69de:1	0x13d:4,0x918a:1	0x6022:4,0x133d:1
317	0xba1e2	5	4	tail@0xba680:5	121@0x91379:2,18@0x7be9b:1,48@0x82477:1,199@0xa0631:1	+0x4:5	0xded7:2,0xc1a4:1,0x6b0:1,0x5267:1	0xc07:2,0xee3a:1,0x5c50:1,0xd742:1	0x18:2,0xaff7:1,0x8aa6:1,0xea38:1	0x49b8:2,0x13d:1,0xdf59:1,0x6444:1	0xc3:2,0xa5:1,0x933a:1,0x98d4:1	0x13d:2,0x0:1,0x146f:1,0x3202:1
86	0x8a37f	4	1	tail@0x8a49b:4	310@0xb8556:4	+0x4:4	0x1e8:4	0xa5:4	0x42:4	0x9831:4	0x763a:4	0x9919:4
250	0xac802	4	1	tail@0xacbc3:4	43@0x8173d:4	+0x3:4	0x793:4	0x79ef:4	0xc7fc:4	0xb3:4	0x8962:4	0xf7f8:4
145	0x95b5c	4	1	tail@0x9634f:4	165@0x9a24c:4	+0xbec:4	0xc7:4	0x480f:4	0x2a3a:4	0x3389:4	0xeebc:4	0x6e8d:4
356	0xc291a	4	1	dispatch@0xc80b9:4	310@0xb8556:4	+0xa:4	0x1e8:4	0x162:4	0x10c:4	0x1c4a:4	0x67ae:4	0x15e:4
65	0x85371	4	2	tail@0x855fc:4	199@0xa0631:2,43@0x8173d:2	+0x4:4	0xfcfa:2,0xff8d:2	0xcba5:2,0x8be1:2	0x68c1:2,0x12c8:2	0xfe00:2,0x16a:2	0xc5bc:2,0x90c8:2	0xf:2,0x8558:2
248	0xac110	4	2	tail@0xac43d:4	189@0x9e7af:2,157@0x98a9a:2	+0x4:4	0xfe00:2,0x8233:2	0xdbd8:2,0x68:2	0x7560:2,0xb8de:2	0xe34:2,0x4286:2	0x8391:2,0xad9b:2	0x923:2,0x200:2
130	0x931d3	4	1	tail@0x937cd:4	144@0x95887:4	+0x5:4	0x985f:4	0x5513:4	0x5848:4	0x5f3a:4	0x8b00:4	0xcb:4
302	0xb7586	4	1	tail@0xb7699:4	354@0xc2241:4	-0x24c:4	0xa8:4	0x147:4	0xd1aa:4	0x7175:4	0x2152:4	0x865f:4
330	0xbc9b8	3	2	tail@0xbcfc5:3	269@0xb045b:2,49@0x82820:1	+0x5:3	0x3d00:2,0x9800:1	0x1701:2,0x3da3:1	0x4af:2,0xcb01:1	0xbcda:2,0x1256:1	0x3a9a:2,0x680b:1	0xe058:2,0x8f00:1
62	0x84aa3	2	1	tail@0x84e1b:2	157@0x98a9a:2	+0x4:2	0xbff3:2	0x68:2	0x6cd6:2	0x1f8f:2	0xe829:2	0xc30:2
92	0x8b8cb	2	2	tail@0x8bcec:2	330@0xbc9b8:1,301@0xb708d:1	+0x4:2	0x188:1,0x3d00:1	0xcc50:1,0xdb01:1	0x5f:1,0xd717:1	0xa398:1,0x96a1:1	0x13d:1,0x906:1	0x56cb:1,0xe180:1
129	0x92f21	2	2	tail@0x931d0:2	172@0x9b68a:1,300@0xb6c36:1	+0x3:2	0xab91:1,0x67cf:1	0x833:1,0x85:1	0x3c5a:1,0x8aca:1	0x7be6:1,0xfea6:1	0x69b:1,0xec8:1	0x578c:1,0x50:1
348	0xc0d7d	2	2	tail@0xc1409:2	160@0x994cf:1,173@0x9ba74:1	+0x5:2	0x2fe9:1,0xdd2:1	0x142:1,0x72:1	0x13:1,0x5ed9:1	0x9657:1,0xaca6:1	0x8b7b:1,0x64b6:1	0x68:1,0x57cf:1
195	0x9fb50	1	1	dispatch@0xc80b9:1	86@0x8a37f:1	-0x2306:1	0x136:1	0x0:1	0x1e8:1	0xa5:1	0x42:1	0x9831:1
308	0xb837c	1	1	tail@0xb84a4:1	171@0x9b4b3:1	+0x54:1	0x40:1	0xaa7e:1	0x68:1	0xea2e:1	0xdc5a:1	0x1e8:1
282	0xb3128	1	1	tail@0xb360f:1	124@0x91e81:1	+0x5:1	0x5524:1	0x5600:1	0xc007:1	0xba4a:1	0x3dbf:1	0xab01:1
266	0xaf8af	1	1	tail@0xafa1d:1	354@0xc2241:1	+0x54:1	0xb9:1	0xab63:1	0xdb3a:1	0x6803:1	0x8300:1	0x6807:1
117	0x90acd	1	1	tail@0x90c21:1	165@0x9a24c:1	+0x54:1	0x1c:1	0x560:1	0x7b10:1	0xe3ae:1	0xc70e:1	0x1fe0:1
35	0x7fd4d	1	1	tail@0x8009e:1	256@0xad849:1	+0x5:1	0x4408:1	0x9a6:1	0xe9a6:1	0x778:1	0x3ab1:1	0x81a1:1
285	0xb3ff4	1	1	tail@0xb42df:1	160@0x994cf:1	+0x5:1	0x2c18:1	0xd027:1	0xdfa5:1	0xb170:1	0xd5b0:1	0xf5d3:1
217	0xa4b11	1	1	tail@0xa4df4:1	352@0xc1ec4:1	+0x5:1	0xfc04:1	0x162:1	0x0:1	0x20d:1	0x0:1	0x13d:1
334	0xbdd18	1	1	tail@0xbe55b:1	354@0xc2241:1	+0x20d:1	0xc7:1	0x4cdf:1	0x663a:1	0x1a56:1	0x862a:1	0x8839:1
246	0xab427	1	1	tail@0xabc56:1	354@0xc2241:1	+0x23e:1	0x2b:1	0x79ac:1	0x68:1	0x0:1	0xe0c4:1	0x5568:1
74	0x86d43	1	1	tail@0x873fa:1	144@0x95887:1	+0x5:1	0x9f6f:1	0xd670:1	0x997d:1	0x4699:1	0xeedc:1	0x9e3f:1
