segment	start	end	size	events	unique_start_ips	unique_sources	conflict_offsets	conflict_events	sha256	top_sources	top_targets	top_deltas	hex_prefix	hex_suffix
0	0xd0ac0	0xd1002	0x542	811	351	83	0	0	a236691971e5ba900732b0392cdac0f126fed3aa0851828c1946225eabe264f6	18:56,64:39,347:38,297:31,114:29,189:27,28:26,66:26	18:56,64:39,347:38,297:31,114:29,189:27,28:26,66:26	+0x4:494,+0x3:199,+0x5:43,+0x2:40,+0x6:22,+0x11:4,+0xe:4,-0x24c:4	e801a5001c000002108252183bc9c31d9fe8012087d80a0013bdaf08df916797e801e1f3affb57c5404f320458d6d7569ee8016449ea189bc12cc43628001512	3ffffb0f3be80179fe81c5f57c91295c6baae801a00aa44b052800c2f3e8011ade349a80056ce801784297ff00e0a00b46e8017d7681c565fc009febab96e801
1	0xd1010	0xd1284	0x274	167	167	59	0	0	fa67d21d20ead0f7720e0884bc9d8248a6c19dcb7be490c78023cd09c549e783	340:11,18:10,258:7,199:7,337:6,114:6,189:6,347:5	340:11,18:10,258:7,199:7,337:6,114:6,189:6,347:5	+0x4:102,+0x3:41,+0x5:11,+0x2:9,+0x6:4	120058063adf9235b73c00de00e796e801e9af3ab152cd2c9880ab00e801e9f9d215b25a6c866c6ccf8cdb35a1e80102557b9d55a01eab5ef6d66d52e801ec8f	3254ae4701d8f5e801c13ef60317a82423fbe80184a334dac005f2fa1ae80173c03940388900e8018ae23c59ab001214449278e801d53db4e0748960e801821e
2	0xd1292	0xd1445	0x1b3	116	116	37	0	0	5106d1eb961d97bcab873679eefc8a9be087ab6024e8eb6dfb48aa6bb7cfbc9b	66:7,185:7,18:6,258:6,28:5,337:5,43:5,114:5	66:7,185:7,18:6,258:6,28:5,337:5,43:5,114:5	+0x4:80,+0x3:32,+0x6:2,+0x2:1,+0x5:1	1c00680a1073e99900b7112617e801ca053f2dab00a00a9db822ab0062cae80103a78900f8051acea3349f32f2e801d9002cb2045e7fa4d71dd3c781e8011ebc	f934cef27587bce801900b3ba46f5a26b974e8010cfe2800fa0e84fab3e8016e88196c585caa8a74e801900327ed560a9ee8017ab5b1de8fda9325dbe8015db3
3	0xd3fac	0xd4889	0x8dd	459	459	84	0	0	6e6c6d33c6077ec1665d70d43c411976c1a5e66524af50ef9a9b71d3c2867346	114:21,340:20,64:20,215:18,28:18,18:17,337:16,297:15	114:21,340:20,64:20,215:18,28:18,18:17,337:16,297:15	+0x4:288,+0x3:116,+0x5:22,+0x2:20,+0x6:10,+0x11:2,+0x20d:1	6201e801290131cee56859a5d9900be2463aaee801a01a320411ab00b80ecc757d94e801700f4a0138101c6dc596fbe80111f8dba62e658b4adc8e25221be801	b663ef47e7e8015e5110088e566cd7dbae25e801880a461c959cb1e801ceb8370b3ac4f1caf476d8e801d0914d01d3043a0936e801acbc99000805ce8dd5e801
4	0xd4897	0xd5ebc	0x1625	1324	1324	102	0	0	f73607718984d0a752e71d7c90f5e8d88b63ac68b2d5ae55bdfec8cd5bcbf1e4	28:64,189:59,347:57,64:56,18:56,114:49,66:48,337:45	28:64,189:59,347:57,64:56,18:56,114:49,66:48,337:45	+0x4:853,+0x3:354,+0x5:40,+0x2:34,+0x6:30,+0xe:5,+0xd:4,+0x11:3	510188949900530c3a14689dd9d23ce801e08a3adc5f22ca72ecadd7c23ce801f248f95840059cc941a5d9d420e801638928005801bd808b54f73626e8015b6d	3a291adbdbe80132c0a1caeadb0df40b20cce801439b3a228e1bdbe801eb5a13013a78665ce7aa79e801e60832015d574870fbe80158833a1477c174b492e801
5	0xd718e	0xd790a	0x77c	492	492	77	0	0	ddaa2dad374bca66dc25473734d56dbc2cedb97f8ebf5c1b39a2e107f3be5b6a	64:25,347:22,66:21,18:21,114:21,337:19,43:17,185:17	64:25,347:22,66:21,18:21,114:21,337:19,43:17,185:17	+0x4:323,+0x3:125,+0x5:16,+0x2:13,+0x6:11,+0xe:2,+0x11:1,+0x2aa5:1	e801a500bd009900bcefdff2ba93c89900e801c0efd80a5b5f8b73018f91679780f8e8018d8d09f85801e8a28a0efeb615e801baa255c109f180a01f0c6b4a0e	c8e8013d01cd2de801e03e10f85fb2433a95305ebafa753f76fb017353a13d01ab000000a52a00003d01223ae7bda6db049b10e8010b126800d80dabd4fa6880
6	0xda38f	0xda607	0x278	158	158	58	0	0	f2d53db15b2c0ddfdb54bff8b9ea4d71a811460a72a772e25370c6caa50dde3b	18:10,258:8,114:7,64:7,189:6,28:6,199:6,66:5	18:10,258:8,114:7,64:7,189:6,28:6,199:6,66:5	+0x4:99,+0x3:39,+0x2:7,+0x5:7,+0x6:4,+0xe:1,+0x670:1	7200a2635bacc8e12308a51c2ac0e45399881de801a8a03d0100c7b783cb5debc47f600148047001f8f6e3a23a4ac2003d011f9b7f881cdf3ea5aab0b7680033	2fc2dc22ad27753d01e54968979b6f5621629e18d00a10fe8a22c03d01715c8da5000000700600003d012239625fb3fe196bb0e801ff822308e4540cd417e73c
7	0xdac57	0xdaf39	0x2e2	195	195	56	0	0	b36510d2b5e04c3d39da8f69c1b9425471ef58251d9531f910e02974b2af3b01	340:12,64:12,18:10,307:8,123:8,258:8,347:7,185:7	340:12,64:12,18:10,307:8,123:8,258:8,347:7,185:7	+0x4:126,+0x3:53,+0x2:6,+0x5:5,+0x6:4,+0xe:1	5b011937310983837e398b06e801d027aee757fed5003d01033003763d36316fb806e8045cbbc468000e8a6c031cfd003d0134eefc80b30062cfbe900015af18	2a1ae11b4ce801fedec43e2301e09a3a9295e8015ba33a7c914d54fba5e801e07289d0f00428e8014b99a0998ad070353a3090e80148039900ba75affa5ae801
8	0x11ac5e	0x11d6a2	0x2a44	2757	2757	115	0	0	1170e0d520e7139ee3305435c8babcf69e4369fc80a449d525da75712aa66222	337:104,114:100,340:94,347:93,18:93,66:93,258:90,189:89	337:104,114:100,340:94,347:93,18:93,66:93,258:90,189:89	+0x4:1677,+0x3:662,+0x5:169,+0x2:150,+0x6:78,+0xe:15,+0x11:3,+0x54:3	ab00e801ac00b2afeb00348bde02f81356204ae801fd650d305c1144b198dce5ce94e8018bf889005245ad5386243b859ee8012006b0ad5454fe77f3dcc24296	f4e1a000bae80191f5041c2301f2a5aee8019e61625a48a74f273ae801e3c6d89700fec005a8ea31e801e834ab005714e2dab5e801938544cb800508e801cd88
9	0x11d6b0	0x11d91b	0x26b	164	164	63	0	0	d3f0f9ea4db528aa2277640c23d371fcc0cef6cad3f73fbff614225174203878	347:9,28:9,114:8,18:6,340:6,307:5,196:5,297:5	347:9,28:9,114:8,18:6,340:6,307:5,196:5,297:5	+0x4:100,+0x3:41,+0x5:10,+0x2:8,+0x6:5	c70057493a639c9900bc0958a0e801e084e5402a0e8cb202b3c3ab00e80131f518606ecf2838ba3e334cd4e801e1f00232a4c177bcdd77f728005d93e8015ad5	3ad2673ce5d62fe801d7813e3e0b6881e80151c5dd040afb52e49aca6be8013a8db4103d52090571e8013c6703aefca23a2ecee801d80ad3018f1d037217e801
10	0x11d929	0x11f4da	0x1bb1	1652	1652	109	0	0	2f1433da1f26eb023ee1d80326e6dddacfe43f5cfc4f9e062fe3f2a593876adf	347:65,337:65,340:60,114:59,189:56,18:56,64:55,28:55	347:65,337:65,340:60,114:59,189:56,18:56,64:55,28:55	+0x4:1035,+0x3:406,+0x5:86,+0x2:69,+0x6:38,+0xe:6,+0x11:2,+0x10:2	9d007fd799002cd03a5c679900e10ae8018d9d2b763f9e97deeb5ca6a677e80177bfc1d7159e0e4bd889005532e8017c1728002fe7dc87072800459be801d167	0144cf3d01e801e801c2d01095f96bfe849575f3f7aeb300a8072730a63d014d62010000181500003d012283ce456b9aae1b143d9157e8015033b3007abdaeb2
11	0x1209d2	0x120af4	0x122	78	78	38	0	0	19b0e6042fda75e5e91dce1c1f4d85b7b76ff52041863c35a3f8fc3f3474e8df	114:6,258:5,18:5,28:4,174:4,184:4,176:4,297:3	114:6,258:5,18:5,28:4,174:4,184:4,176:4,297:3	+0x4:45,+0x3:21,+0x2:5,+0x5:5,+0x6:2	4c011cd75fcce80132fe77ea680037426800b52e426a433d010008067f9f647a62299031b6a8cbead258f8090e3d01fe2a00779b7217f4e790243a3ac5bc38d4	43cd0f353ae801224727d13fb85dce9ce801dd901b4c28007575af8217e80110085e8c703d8be8012eddbe4949a62f803ae801968d90038e7b4d94ff7372e801
12	0x120b02	0x121924	0xe22	796	796	96	0	0	b91413ca0e89b1bb44c1f01f6715b88dd50e961c7790efbea173f85c9108d4ea	114:33,189:31,215:30,347:30,18:30,64:27,258:26,66:26	114:33,189:31,215:30,347:30,18:30,64:27,258:26,66:26	+0x4:491,+0x3:198,+0x5:43,+0x2:36,+0x6:22,+0xe:4,+0x238:1,+0x11:1	020146c20776685686d5d00088cf69e80173a2ab005d99a5bf854301c69ee8015d6a25f7e805f6ee4d349cb985e80147432cc3fd6e27b47d600116b8e801f45f	0c027005e863d7e801e805682d3f58a50675e801ae0c892d572800e801bd8085d81ca7f00448e80103948d960629d803915e6de80128793a1867f18418a4e801
13	0x121932	0x121c83	0x351	183	183	65	0	0	0434100dc7cb451987f88abba7d85710ac8596b3692f33f215a7818a3ecba1fc	114:9,337:8,18:8,307:7,28:7,189:7,258:7,66:7	114:9,337:8,18:8,307:7,28:7,189:7,258:7,66:7	+0x4:107,+0x3:43,+0x2:12,+0x5:12,+0x6:7,+0x2f:1,+0x77:1	40002da79900cb1b3a334a990076c4e80109570e9c8215af08aee300ecbfe80187038900bf5e38aa08018ce801e8bcac76a0f78f0ed4d772413482ece801a12f	0e020dac01fd57e801f8a44c81804f93b4c6e801e9971caaa00048e801a1ffc02816487f794bb736e80115afd17bc005263270e8019fda77dd1ee81132f5e801
14	0x121c91	0x121ec6	0x235	150	150	54	0	0	1db453675d6315e9c4d25a6ebddfbf23c531faa48dd6420dad70d40463e961f0	340:11,189:10,307:9,28:7,297:7,18:6,305:5,258:5	340:11,189:10,307:9,28:7,297:7,18:6,305:5,258:5	+0x4:95,+0x3:38,+0x5:7,+0x2:6,+0x6:4	33013a0db0ef9d3576bd74ecdbf0fbe8013a45ade9629e9cb7c3ab008e5de8019ffafc99ba9dae07c98900483be801e804188355280073900cb6e80191f0a00a	3a81fc44a0e801a427a03956ac742301e801e285371f1686d8039ada34e8012710bf04ac75af322fe801502cab0070051617d6e8014fdb3bf31835afe8011ace
15	0x121ed4	0x122196	0x2c2	157	157	56	0	0	062a67475b31aa2f8b545d774513f459d62fd62fa7c59fa1928e7e7c7f388cfb	18:9,340:7,189:7,337:6,185:6,347:6,43:6,64:6	18:9,340:7,189:7,337:6,185:6,347:6,43:6,64:6	+0x4:98,+0x3:39,+0x5:8,+0x2:7,+0x6:4,+0x77:1	420019983a5bade3f9cff09900e059e801680746aac4ab009833ab00e80139f993b4f3a4f58900bfff8900e80104341c6f2ce7c3253a9f9ff49ee59fe80188b7	b45c194701e80197fa5c2c08d4c0bdae3274e801ca969563ac28e6e801b6149491d34b7fa01f812ee801e0aa631a3275af32b5e80100022a022e6c9741dce801
16	0x1221a4	0x122466	0x2c2	157	157	59	0	0	486b76ee79139d8b440fb451a6b2cb321cd5f099e907ee01b3fd571cd22fc01f	114:9,258:8,347:7,66:7,157:6,307:6,18:6,297:5	114:9,258:8,347:7,66:7,157:6,307:6,18:6,297:5	+0x4:98,+0x3:39,+0x5:8,+0x2:7,+0x6:4,+0x77:1	9d0037cf99003c80a0002add8f5d93e8015ad5af616efcf8a305af415a99e80172597316db2ad30af80823f8c4e801cbf928005d86fb01880984d50ee801ea67	3aa9c0054eba8de80133ddf8d3e8141bee37e8014640f12d232800e80134fbbeba81ff3a25afd35ee801aa096c81220d54e8010d791b50b6ba9b0770e801547f
17	0x122474	0x122c7b	0x807	294	294	83	0	0	d96368b934513bfe38f7fcb8efab04f80bf12a8799aea2395c1959cbbc329d95	258:17,28:12,18:11,333:11,340:11,185:10,64:7,189:7	258:17,28:12,18:11,333:11,340:11,185:10,64:7,189:7	+0x4:150,+0x3:61,+0x5:37,+0x2:29,+0x6:14,+0x11:1,+0x380:1,+0x20:1	4000bda29900c71bab6f08092ae80174c169a923088c494c54ef72496da3e801aba63ae3f18900ea68714fda18e8017892cefb23933a5aa7bd695598e801e805	64a7a000ece8018577382b1614f7fbea0c16e8017b6528007546f0b1cee80110088abd01f364e801231ea00a7fecbdab001b0de801a00aee2c9e9900642ae801
18	0x122c89	0x122e3c	0x1b3	116	116	40	0	0	38f78ace51f2f4297484f6d57c3767df1420a8cb698f8134276a55f7f13d5b85	114:8,28:7,189:6,64:6,18:5,340:5,307:5,176:5	114:8,28:7,189:6,64:6,18:5,340:5,307:5,176:5	+0x4:80,+0x3:32,+0x6:2,+0x2:1,+0x5:1	c700574a3a853aece3cbfa990005dfe801f071897b9020da3b601d2a559ce801ab5f9ca9192c0d563f19fa66c0e8010002f8bda030383f5c2800e801bc88eb2a	9cff95a8f5e8018520086f7925fb38e06237e8010565e49ca05236e801a8f6565d481c0a4d1ab012e80133ca2bfe800500e801a81fe24d5d9f8497ba6f97e801
19	0x128952	0x128b72	0x220	145	145	52	0	0	f20e7ac09a092409569e18d61ed040ac237842a963e62688a013ae2f3a280e9d	185:9,340:8,64:7,347:7,66:7,258:6,307:6,161:6	185:9,340:8,64:7,347:7,66:7,258:6,307:6,161:6	+0x4:95,+0x3:37,+0x2:5,+0x5:5,+0x6:3	6201e8012b00257499001008e6dc726dd3e80184cdcc1aab004c55d30af8081360aee801a00a4b00228900e9cdcdd784ace8010641280054918fa05e85aa8e77	8e5644a43a5c68e801e4460caa7005086312e801e100e983d5422abdf3e801ecc598911dd2ede8010141260b3aeebd320171f8e801822f9900d294dabd38e801
20	0x128b80	0x128de7	0x267	163	163	59	0	0	51c7e6ca6093ad3507b8c4701c627825dd9f52bebbd3615165bf80420537339a	189:9,28:8,347:7,66:7,340:7,185:6,333:5,243:5	189:9,28:8,347:7,66:7,340:7,185:6,333:5,243:5	+0x4:101,+0x3:40,+0x5:9,+0x2:8,+0x6:5	5b0170396209b02f0c5b880902dcf0e801fbe0ab00a548c8f3991caa4d12e801609ce1752550a88578f4c9aa6be801ccc370dd453c0eab5e0edafa5ae8014f40	fceb8bff3a092ee80174bc2301b88790f809e801290fe980c013d68adae80121771cdf0bf33ae801d5ffa00afd606dab00e8015706d41b9900183f93ce71e801
21	0x128df5	0x12906f	0x27a	169	169	60	0	0	1754759a6d095dde6c3eae3c473aad94d85ada3179878f66de4c039900a2e8ec	307:9,18:8,340:8,114:7,215:7,64:6,347:6,199:5	307:9,18:8,340:8,114:7,215:7,64:6,347:6,199:5	+0x4:106,+0x3:41,+0x2:9,+0x5:9,+0x6:4	40009da7990097688ac3b799008c35e801cbe9ab00be857e024e85b42e2ae80179506dcfb0049e9351f4ffe80129f69f91c5a2be45ad8a8f1bdce801f8bc0022	cf2a55c208e8011cda81ae85c814dba37baee801fac58658762ecae8018b167eb4d0f4bda5aee801f6d53a55b40c0eab00e801857ca33c7cf47c072af8ffe801
22	0x1705a9	0x172877	0x22ce	2333	2333	98	0	0	7fee93ec5326e7c0f75eeeade2591c4aef0025ddf64e418a86a52e04c520eaf2	337:98,189:89,18:86,347:85,64:80,66:78,28:76,258:75	337:98,189:89,18:86,347:85,64:80,66:78,28:76,258:75	+0x4:1445,+0x3:567,+0x5:125,+0x2:119,+0x6:64,+0xe:13	ab00e801510138989900f7251a8621eb03e80111f8781bda2310946a3d7501a6e80129f64f91267a6dc65228348efee801e1f3a36143937bc6280045b93e9f0c	de7e9e4b3ae8013dbbd80a1f028ee601e801234c528c2ac605d0ebe801be3e45ce1ac4db74a2e801502617965bc04dea37cdcee801880a260b95caf1d33de801
23	0x172885	0x172aa1	0x21c	144	144	49	0	0	1b7bcb25673969a4ff2f404963dfc730d0996e98af5b06d371f8c29f607a7f2f	18:10,258:9,64:7,174:7,43:6,307:6,215:6,340:6	18:10,258:9,64:7,174:7,43:6,307:6,215:6,340:6	+0x4:94,+0x3:37,+0x2:5,+0x5:5,+0x6:3	0201a6bf077658013af1744509e801e9f9480dab4f6aa31173ab1976e801e4c49909657a0f906cb863ab0672c3e801e804c88a0d2800ee20aee2e80171f2e917	2aaa080c82af49e801a00aa89c0423013ff8e801860d09d45d448eca42e801df79f9fd18643a4689e801d98339018ff72ae801966173318aebca080d1b51e801
24	0x172aaf	0x172d58	0x2a9	181	181	63	0	0	04b74905268a53a941fbad7ac511e323883627c4e7196788d7cfc7c6516e4a27	337:9,189:8,199:8,114:8,64:6,307:6,185:6,215:6	337:9,189:8,199:8,114:8,64:6,307:6,185:6,215:6	+0x4:110,+0x3:43,+0x5:12,+0x2:11,+0x6:5	5101e8939900e3d09900755ad8d59ae80193a37b003c5a5e2b774db1859ee8011f6acc00c89087ef0b7c01e80129f1f052542bdfa43a92b7dcdade1de801a00a	d28e83bc23affde801bb3f14fc6725af8356e8014278522bfa75afba4fe80134390c09a000a2e801f97a9c7a3cead803286523e8015741f876c3f03a91d8e801
25	0x172d66	0x173043	0x2dd	194	194	65	0	0	72081a050dd036fbddeebc7cc688df0d5cfa6c8d22252743b438bec684d17e2b	185:10,258:9,340:8,189:8,28:8,18:7,337:6,268:5	185:10,258:9,340:8,189:8,28:8,18:7,337:6,268:5	+0x4:115,+0x3:45,+0x5:14,+0x2:13,+0x6:7	0c014a1c866c006f99001229c4e801eabeaf0b7f7a79075e59f83d850380e801890076d8098db4f00aca86e80161f8ca00fd92172716d6d000a86785e80124e9	fbdd700572d02ee801880a45446e67f6049ee8010cd3102cd328005b96e8015ce98900c005ce9c6de8011fe218e0baa5aee8018632b32470e7f51a0ee801ec6a
26	0x173051	0x1732b3	0x262	162	162	57	0	0	fcb80dcc61f08f646fc78f64ec858182d0d294ef144b64410e12d19e1b3f1b91	64:8,66:8,347:7,199:6,258:6,28:6,18:5,340:5	64:8,66:8,347:7,199:6,258:6,28:6,18:5,340:5	+0x4:101,+0x3:40,+0x2:8,+0x5:8,+0x6:5	c4004f6efcf8b90c9d41149bbba78ee801ace3ab007666ebd4d3e2b69e6de80157048900897dae20b4ec9ee51de801288016d6d80adcb1017b82d59ee8011391	4701cf908c3233e8015f187200488d50e801030b08899794eceefe6f97e8011245adeb22a45ae8015ad88c4cab00d74dece8015ea19c0020830ae51407a2e801
27	0x1732c1	0x1734dd	0x21c	144	144	51	0	0	376d8f419e55d8cd90a6cf3e805afb11d8bfd8146f313a8bb25b71ed104d47ac	258:8,199:8,64:8,215:7,189:7,114:6,18:6,158:6	258:8,199:8,64:8,215:7,189:7,114:6,18:6,158:6	+0x4:94,+0x3:37,+0x2:5,+0x5:5,+0x6:3	c4004f6e34f6160e4ddbdb083a5dfce8016f0b9a079a577abf271785cda0e80137440ad9da85c6d5e8b6d8e801a9fa268e2c03ca0c3a08cf4c00e80182ccb045	727da4074c07abe801dd85a8a0e7823ae80176cfdf9ea24ff0049ee80170d742132ec4c3d0f7e80198e3bfb5b31908051bb1d4e801ca5495940b99c69366e801
28	0x1734eb	0x173707	0x21c	144	144	53	0	0	f350df11e09c70ded71e5879642d7e93babc07f1f6af5deb14bf5e0edb65794e	114:9,28:8,64:8,185:7,18:7,33:6,123:6,340:5	114:9,28:8,64:8,185:7,18:7,33:6,123:6,340:5	+0x4:94,+0x3:37,+0x2:5,+0x5:5,+0x6:3	7200ab678cac3af5ae9900d6cfe801ccc30002c628933a4b8a6d55d6ad9de80193a33a0393fcd93aeee30afa41e801b4f440805806660f99c4d6e80174cd0475	12f763053ac92ee801a7f2d74b448602e801a8dae3d97c145a28002553e8018d10fd550b80fe72f6e8014c7cab008a0e14382ee801b78230cea00044e801857f
29	0x173715	0x1739be	0x2a9	181	181	62	0	0	4f34a267e8bafebf187aa9f2ee5faa514bee3f2266f21ff30e0fe7b14aa28b3e	189:9,337:8,18:8,43:7,215:7,174:7,28:6,258:6	189:9,337:8,18:8,43:7,215:7,174:7,28:6,258:6	+0x4:110,+0x3:43,+0x5:12,+0x2:11,+0x6:5	510170999900580166955b4127e6c1e80168220c5c709c9fa4c5caa8aa97e801e67e68af580180bac016be4f4ae8018f57dacbae6e275b582800accbe8016005	c580a0068e7879e8017a2c6e102e0c57332fe8010a8db4998c31000547e801aa000d85a5005cf710e80166a201865244a5e8017a1c9003049b65fcae6e71e801
30	0x1739cc	0x173ca9	0x2dd	194	194	67	0	0	bf345619a4ebae66e23eaf008349924e3f9b5159b729f55338cc228fe208d906	307:9,258:9,185:8,337:8,168:8,347:7,340:7,199:7	307:9,258:9,185:8,337:8,168:8,347:7,340:7,199:7	+0x4:115,+0x3:45,+0x5:14,+0x2:13,+0x6:7	b900a3a43a37dbeb004001dc02e80199f42b46ab0008b2ab002317889edee80117d8f2d1da85e6bbdccfa76d9de8012b9a3afecd28001a5d1a0e43a8e8015f77	dbeb07096a8746e80114183a566e132ce274e8014b6e049b08703eda57e801f4978f806b3136e801ce16040aab006c25af932ee801f7e0f0f5fcb371e801ac76
31	0x173cb7	0x173f19	0x262	162	162	55	0	0	9208ca91fb7866a3ea53bcf8ad3bfeffb9248351863c5d8bd1d18fa28f46b825	199:9,18:8,258:7,307:7,347:7,340:7,64:7,114:6	199:9,18:8,258:7,307:7,347:7,340:7,64:7,114:6	+0x4:101,+0x3:40,+0x2:8,+0x5:8,+0x6:5	4d01fbe69900c16dffd4dc85aa2677e801fa6dfb0f4b2b3a41680eaa20d8e801740cd082bd2b7b032eb517629ce801b7402800368f8c02fa8295e4f7e8010c24	ba207dfaebe801017f5eb8b76b1b863ab9f3e8011afc3aa2112800e801bd0629dafc190f3a1be801d2dd039735f33b7f894c89e801461239e409ae81e801f571
32	0x173f27	0x174143	0x21c	144	144	49	0	0	74029cf4bff5a6afc53f137d05a6ef8255ed6dd052b4933cdd5104027441b802	189:8,18:8,114:7,203:7,337:7,185:6,66:5,307:5	189:8,18:8,114:7,203:7,337:7,185:6,66:5,307:5	+0x4:94,+0x3:37,+0x2:5,+0x5:5,+0x6:3	4200f1923ae1aedb0f6ae75cda3650e801948b3add51f20193f0ab00685de801df92757a3c07ce80bc8db3e80199f48fad280001b7a3ff6fbdaae801c4480398	5c4a2dfbebe801d2ce582bfafc6ddbeae801e6fca24d10dff02cbae8019cbcf80fae2a99e4e7e801d3fecc66a3afd4ad3aec67e801718ddd131f0e3ae80149e5
33	0x174151	0x17436d	0x21c	144	144	50	0	0	6c8dd4ee96189e69a0bce0f499e59f2900570ad768589fe33844d5301be80dc3	28:8,258:7,189:6,64:6,66:6,123:6,307:5,337:5	28:8,258:7,189:6,64:6,66:6,123:6,307:5,337:5	+0x4:94,+0x3:37,+0x2:5,+0x5:5,+0x6:3	bd0099001ce0bad5af4ff6fc98e80129f64f91479a6dc672b45cb0dee8013e483b2c330806408c7933d7385c20e8010bf128008544384496fce56518e8012006	2e315363aa4461e801580b3aebb9770a1406e8012aa93a30bd7e54e801a12a44152a5131396bc626e80100022698d1527bebbfe801900333f66fb025e2fde801
34	0x17437b	0x17452e	0x1b3	116	116	38	0	0	6601dbe617fc9eb2e94911543f958035a669527bc47cc601b7e882566703a53c	66:7,18:7,340:6,347:5,258:5,185:5,114:5,189:4	66:7,18:7,340:6,347:5,258:5,185:5,114:5,189:4	+0x4:80,+0x3:32,+0x6:2,+0x2:1,+0x5:1	420079933a79f5b0e3706666d66598e801d80a30df86f306df91679be80111f5456223023b7d33ec1ae6e5a483e801c42a280036f83a53c32800049ce8014228	d7f50b5c1b27f3e8017a3e1d0ec700a5e801ae37024acc387c292ad899e8016839ae953d4d0ce801bf522ef03a645afa11f977e801f8babea0695f28fc07e801
35	0x176883	0x177ca2	0x141f	1314	1314	114	0	0	8cdca622f997f0bbbb231f2c027605f56a0f916da72dbb0440f27a02fd42b65c	28:58,307:53,64:52,337:47,114:45,340:44,258:42,189:41	28:58,307:53,64:52,337:47,114:45,340:44,258:42,189:41	+0x4:797,+0x3:312,+0x5:84,+0x2:73,+0x6:38,+0xe:7,+0x57:1,+0x10:1	ab00e8015b01d033620940059cdda4cdcfe8011cc9026c7d0a5e6629d56882ac70d6e8010b4f2ef0158900b6660eeedeace80102c49b4ee8047983c12800d690	16f43d0100af0112a8bcd0023abf1d9fef986d46012d75bd26f97da33d01379f62010000c1220000290131eee281d7cbb4025b3308be3b7b613319003d01582f
36	0x179f43	0x17a420	0x4dd	327	327	63	0	0	dedd59d5fb72e6e2faee96512fe8b16768b64405c4a54b1d6fb3cd2a180bdb7f	64:22,18:20,189:16,114:15,66:15,215:14,347:12,258:12	64:22,18:20,189:16,114:15,66:15,215:14,347:12,258:12	+0x4:212,+0x3:88,+0x2:9,+0x5:9,+0x6:7,+0xe:2	4c011cd77fcfdc4be801aaf6509a4185bda7a21db2003d01b730ce23d981125db8065801e88389effedea80feb3d01262a002a88291c2106828d14013acd7647	68f7e7d4e0e80176484b0f1f58f8896e9eafe8019ac5b1878056443949e801c20aac7a448900696fe801902ac89bd528e44234e80110085c0d59ebc26a74e801
37	0x18b66f	0x18bd8c	0x71d	479	479	82	0	0	8b5f5baced959005375fdeebdd00cdb4f8f35b79f13a6dbb2de700cef2b8910c	18:25,347:21,337:20,28:18,189:17,199:16,258:16,114:16	18:25,347:21,337:20,28:18,189:17,199:16,258:16,114:16	+0x4:301,+0x3:118,+0x5:25,+0x2:22,+0x6:11,+0xe:2	ab00e8012b003d7999005cab3ac495bd54e801ce7eefdd8fcbdfed46cff00b36987ee801f254e62e97503ab27703505d63e801bc4604efabd62800d000004783	bc3b084b83e8018946a41a23019b74dee80172d969d22aed0b2f805a58e801c0b50f817b68aee801e2d788343a0c7133e1ecebe8013ab5ab25a799007437e801
38	0x18bd9a	0x18c07a	0x2e0	192	192	66	0	0	36aa21f9504ed7a0adf9d303a8db5a1bb93dc2e1d96baf4ac33100faed730084	340:12,307:9,66:8,43:7,199:7,114:7,189:6,347:6	340:12,307:9,66:8,43:7,199:7,114:7,189:6,347:6	+0x4:115,+0x3:45,+0x5:14,+0x2:12,+0x6:5,+0x11:1	1c006005108aae93003cd399002200e801d8f5ae93d7c6d4c4c654e9ba7ae8010ba81fd2071ffa2409de802c91e801aa66bd2ef5eed04b990cdbe801c9f6680a	2ca1f004c4e801a753a00ae1b85d2301f958e801cb95280041dd18e801f0adf5891141a000a7e801dd7a7cfa74e6f7bb0a1659e801de8e99009e9dbee801b972
39	0x18c088	0x18c467	0x3df	262	262	56	0	0	259df6a768ab7db2d35787d0080c4bfbae312f1c27e0010f27384b6377b96cfa	114:15,64:14,66:14,189:13,315:11,199:10,258:10,185:9	114:15,64:14,66:14,189:13,315:11,199:10,258:10,185:9	+0x4:174,+0x3:69,+0x2:7,+0x5:6,+0x6:5,+0xe:1	c7000f483a8b8364bc12e1eb03e80171f2721bdf5b2d1a1cc3e8ab00e80161f275132847cf8900fc6d7dfbe80151f61daa8d008a65b9c0a3449fa6cee8015801	2a9b945afae8017f83c8779fbf20923aa29ae801f509370011595a5eefe801f390cc6169dded4427e801ef9c9bf0fa35afe8017a3db1eefe92fd99006a6ae801
40	0x1a480d	0x1a6041	0x1834	1578	1578	126	0	0	f01378713d284a522ed97969f87fc4badf854d369c438b62804180d596e46a61	28:66,337:65,307:56,258:55,64:54,18:53,340:51,189:48	28:66,337:65,307:56,258:55,64:54,18:53,340:51,189:48	+0x4:947,+0x3:375,+0x5:108,+0x2:85,+0x6:49,+0xe:6,+0x11:4,+0x10:2	ab00e80151016895990017af9900d00adc29a9e801cd6fbc3f7331173c973b0be801fcba97f4890070873a74a689000a2be801179ac5d5b5713aba47280007c8	6a2162b4ade801eaae3a55b42c122301e8bae8011008c892941c03e801ee37cb172a5c908900e801d3906e04b28474073ae80194e2880a288b75424b93d9e801
41	0x1ec0ab	0x1ed483	0x13d8	1325	1325	103	0	0	46dcabcfdcfb226097b37ec743b00833dcfa307797ff704786dcd1064181a7c1	258:56,340:54,66:53,347:51,18:46,28:43,114:43,64:42	258:56,340:54,66:53,347:51,18:46,28:43,114:43,64:42	+0x4:813,+0x3:323,+0x5:74,+0x2:67,+0x6:40,+0xe:7,+0x11:1	e801ab004d0173e9990037f026178809e8a90be801c82aee9858015f3088d4fce801f0f8740bce426005684228cb02ce9ce801ed3dfca792f47974142800e801	23e0a1bf028af1e8014b203ad1e624e75045e8019a0f9bc37abdae0a77e8012fc694d6933046e80166174a45adc1838ecc54b4e801e5a57eb2ac24e2e573e801
42	0x22fe2d	0x2304b8	0x68b	73367	437	97	0	0	ec2adce75e4c985462306890231cdee01f6e73c3820df3080766683cf48a6e7d	258:3589,347:2567,28:2562,215:2561,114:2312,66:2059,189:2057,199:2054	258:3589,347:2567,28:2562,215:2561,114:2312,66:2059,189:2057,199:2054	+0x4:39519,+0x3:15653,+0x5:8968,+0x2:7431,+0x6:1028,+0x11:257,-0x6d:255,-0x3c4:255	6201e801020146c2077668565ecfd00cbaf45be80110a3db0f7de18ce2d3d0b6ba3fe80189c675d8099daf81001ce6fd9fe801b47e7007b8f81ce5bb7c3ae801	470119d8dc9475e801ba6914d94fc69ae8010654fc1a280099d55ce801187d53913a540cce00d830e8010489e31c0f5005c8ebe801b80ada427f801e126fe801
43	0x230722	0x231237	0xb15	42881	742	113	0	0	cd0cd2ce3fdfbab1e24029221da798b011b29f2b70ec8d20fb64d3799ffb7bcc	347:1606,258:1540,307:1410,337:1284,18:1223,28:1221,66:1219,64:1158	347:1606,258:1540,307:1410,337:1284,18:1223,28:1221,66:1219,64:1158	+0x4:22999,+0x3:9634,+0x5:5059,+0x2:4163,+0x6:770,+0x11:128,+0xd:64,-0x9de:64	e8016201d700680a88c3f99900fc801c08e801340481868e424c0d2a2a56a6cf26bbe801189cc2685e35399cbb5c91e801e9f9bed5afdef524f14bae53259093	c56f2d220557623748c53d013ffa143aab00cbd0ab00f8038c99a12b3d0127f9ab000000de090080e5525a9b2f6dfa2257e801e8015f6d3d018cb7d9775361de
44	0x2316bf	0x2319b3	0x2f4	199	199	57	0	0	1c2bb6fd52175cfd72242daa10b4b29cfa5eecb7aeb2361475d0d78e6c374bdb	66:16,258:12,18:10,340:9,64:8,161:8,114:8,189:7	66:16,258:12,18:10,340:9,64:8,161:8,114:8,189:7	+0x4:128,+0x3:54,+0x5:7,+0x2:5,+0x6:4,+0xd:1	a500e8012b00757b99005fbf0776f7533a821de801d84a1ca85806c8df9157c3e80129f69798961a90131e3662e0f685dbe8014de3cfd96008cdc8097d6be801	b48cff4701e801bf5813a1fe81964ed9c4c4e801ae115747f004aae8016c1e137e343d8db6ad8185e801da3bddd1642950ba74e8019b643a990a1d81284ce801
45	0x2319c1	0x231b74	0x1b3	116	116	39	0	0	02924caf9b96832be0f1c7cab0f8f14a6f716a233fd08f0fd76168c5deb98d7b	189:9,18:7,307:6,347:6,215:5,258:5,123:5,168:4	189:9,18:7,307:6,347:6,215:5,258:5,123:5,168:4	+0x4:80,+0x3:32,+0x6:2,+0x2:1,+0x5:1	a800990096d45b8b3a429a9900646fe801736b3ad4f3a3094c611baffca0e801f24445d3957cf6073189002e29e801ce9daf2888b4eca8542eda543de8015806	62fda461abe80139fa3b8b3adc3ad87be49de801f87b50641807923ad7e801fbe324ab6d74bae801be3f08272e3882c4e1d9ebe80124430caa7005882375e801
46	0x249468	0x24bd2a	0x28c2	5444	2722	109	0	0	77468a5191d53f4c6ac3ad8465ce3033d967140115168a009e18c1cbd41ec5dc	18:240,28:206,258:206,337:194,340:192,64:188,114:180,189:174	18:240,28:206,258:206,337:194,340:192,64:188,114:180,189:174	+0x4:3296,+0x3:1314,+0x5:334,+0x2:292,+0x6:178,+0xe:28,+0x2341b:2	6201e801bd009900bcef4ffebab5cf19bbc439e801c9bd87c48db9c9633aab00e801588bac3181f6cf1ad49e7213346a9fe801dbcf2800d80a7c91820bc3e801	2ee3bd5b495ef8e80107e7ad21a000e5e8018b31241a280008056815d9e8011616890016415bbe74e8010b9698921dc232e8010f7fb4b5ab750f4158e8017e70
47	0x26cd71	0x26cf3b	0x1ca	452	113	56	0	0	9b96b14cdfda0107b080fdf5985bb5c7712c23c860eb0958aefd5c0e045ff5a6	66:28,340:20,189:20,307:20,43:20,337:20,157:16,287:16	66:28,340:20,189:20,307:20,43:20,337:20,157:16,287:16	+0x4:272,+0x3:96,+0x5:40,+0x2:28,+0x6:12,+0xbec:4	36010000e801a500420031983a761999004b4399004414e801144aab007fdfab00e0892ae80199f5f08afc904015afa2afe3006e34e8017d2bfa73d82800930f	f791821eb6000aaf3d01e92b57f66b8bb0fd600a14ac21765506ae3d01695848a5000000ec0b00003d01226005cfb8eb00c5036f80909d5a47e8015ead78020e
48	0x26db07	0x26f097	0x1590	5745	1437	101	0	0	8303f731d40bba8c2a8e801d91d0f2c8c299c6d67b7fbf35c066e498909d8a07	340:232,258:224,18:220,28:220,66:208,337:196,114:188,64:184	340:232,258:224,18:220,28:220,66:208,337:196,114:188,64:184	+0x4:3440,+0x3:1392,+0x5:352,+0x2:308,+0x6:220,+0xa:32,-0x2306:1	c7000f483a2a8933bcee8d6e3e4005e801b4d4fed5003d01dc3f912abd4937b01068912836a140129ae35516d93d01be2e00f625c40cb300780114793aad9458	f88e01a00004e801adf6719dafab0834ebeabfe8013ab5ab6d8e99f8f273e8017e56060080009c5050ff3424488b04244883c4084883c40848c70424a9000000
49	0x292986	0x292b48	0x1c2	120	120	39	0	0	6dd2c3f4c5c63d40a461948c889535f9daa1090d09287a81c506b5e7b36eaa8b	64:10,307:7,297:6,66:6,347:5,189:5,158:5,337:4	64:10,307:7,297:6,66:6,347:5,189:5,158:5,337:4	+0x4:83,+0x3:33,+0x6:2,+0x2:1,+0x5:1	e801a500b9004bab3a8c91ce5499d09ed8e801a9faef80ef026b1795ff9057b6364fe8010fb680ff97d3890052c50d5a26e801ec71d51c477c3e68caccbde801	1cdb0b8b81e8016fc6bf45ad198516bee8013e55eaadd96a04423a67e8e801ab4898d3ad123de80149764c2dab00f004a3e801b5e3c786faf2d11350b934e801
50	0x292b56	0x292de8	0x292	175	175	62	0	0	2b9b02cb80521e0d96765933091cc67856c40c797eb8f67d7bc2c15f0eca77a4	28:11,18:9,114:8,258:6,268:6,64:6,340:6,185:5	28:11,18:9,114:8,258:6,268:6,64:6,340:6,185:5	+0x4:107,+0x3:42,+0x5:12,+0x2:10,+0x6:4	0201bec207765b843aa6f8c285c684e8017c152b0077507cd44b803a4578e8019e433a6d0ef552a1fc38d4e80129f155247159a21510d8b7de40e8013ac5079a	e3ef84a3bde1d5e801f4ff37e052979abd87e8010002b0d98a574de8010d649c1a89001acffc6578e8016808ab00f00488e8018d54e84a9a093edd89e801194e
51	0x292df6	0x293470	0x67a	773	431	75	0	0	5c74f84126d0722aa43a06c6da2e25ec8ca49228a196e9532e014209cf4f002a	28:38,189:37,18:36,114:33,258:32,340:31,297:25,307:24	28:38,189:37,18:36,114:33,258:32,340:31,297:25,307:24	+0x4:496,+0x3:203,+0x5:29,+0x2:24,+0x6:17,+0x11:3,+0xe:1	1200e8053aaea5d4a22fb1e3001fabe801979b47c6b1931646ab887143dfe801417e7dde680a7ac7e78900829de8017c133a060e2c02523f28000a20e801cc8b	4701ec55aae801966dd3a81bffffa5aee801cedcd80a9efe8e6cc2ba2ae801a5bc98dd4c7afb08f6e80199acca760d3283e80122d20b17cc59d80308b526e801
52	0x29347e	0x293689	0x20b	116	116	51	0	0	8a244524cb0c538dc93343589aa037ca45586e25116ef2659538cc633d9ad9e9	28:7,66:6,347:5,172:5,189:5,268:4,64:4,287:4	28:7,66:6,347:5,172:5,189:5,268:4,64:4,287:4	+0x4:64,+0x3:24,+0x5:11,+0x6:8,+0x2:4,+0x11:4,+0x10:1	4d01a3e59900d80a00b90a9d820e34e80192b841fb6008427bca6169a59ae801659d89005d6c18b79463e8fe2de801468edb0fda0464e45d347ace6ae8019f09	00003d0100b48ce4adb300a61a097bc5d3090d43f05007c0dabcb93d01a5000000910100003d01225dede1a7ec0024f8f9fde7d4c5c6b24cdd772a63ee3d014b
53	0x2bec2e	0x2bed4f	0x121	78	78	36	0	0	de094c975f11e415d66b56b5c385eea13bba2d3ffed9dc48f8dc2095e4fa3012	64:6,189:5,20:5,185:4,199:4,184:4,174:3,176:3	64:6,189:5,20:5,185:4,199:4,184:4,174:3,176:3	+0x4:46,+0x3:21,+0x2:5,+0x5:4,+0x6:2	9a00a038e801c30be801bc9a3a99301f2943ba3cd6e1c7003d013706c184125de805c30dec90c01db453f7680000acc73d01f922c3dab3001e8936082cb68f7a	9cef267629aa73e8019003e629471683e801c21ff94e7d291df8a8e8011ec38b2d7aebdcc33a07a9e80135b5abc30c5378d202e801d80e3ac98bed01682ce801
54	0x2bed5d	0x2bef26	0x1c9	121	121	40	0	0	842368020892963bd491416c4605779fc822471549a3608a33f9642a6c1065e9	64:10,258:8,297:7,199:7,66:6,333:6,168:5,315:4	64:10,258:8,297:7,199:7,66:6,333:6,168:5,315:4	+0x4:82,+0x3:33,+0x6:3,+0x5:2,+0x2:1	2901312ee7a86545f8606071ef6cf5e801c9ec5189f364e3ace82932e80139f973bf8ea82c3d23999776d6b69ae80168932a3af6c0e3ff65e6d8e000e8014005	e8227434e3d819e8011177062c02a5aee8019ed21702f2221924c6edd6e8018fc5b1e691c7456949e80170d783ab4dc51ee801dcd501e5bdb905cc8ce8013951
55	0x2bef37	0x2bf3b8	0x481	151	151	56	0	0	2603e12968e95749da4aa93eea3f87ddc1f6c266f1ee526ef8af56017dc22d3d	114:9,347:9,185:8,337:7,18:7,66:6,307:6,340:6	114:9,347:9,185:8,337:7,18:7,66:6,307:6,340:6	+0x4:97,+0x3:38,+0x2:6,+0x5:6,+0x6:3,+0x24f:1	5101609c990005d0a875f814ca226de80168a34febe804845304ab007c1de80112153a1529bb00e4b59b55e462e801f9827850d59202848fdd75559fe801e16e	3ad866c7afe8014127714bb68f2b501de8017397aaf23ae0037e05c89ce8010064ceed0fe182e255e801836b405bf0043be801058ec05af244539900b55de801
56	0x2bf3c6	0x2bf50f	0x149	79	79	34	0	0	05d9517072e087526dbc97f7b7ab3e60af7e5ef342fc94864f10247be0c10809	199:7,33:7,340:7,64:4,43:4,66:3,315:3,268:3	199:7,33:7,340:7,64:4,43:4,66:3,315:3,268:3	+0x4:53,+0x3:18,+0x5:3,+0x2:2,+0x6:2,+0x48d:1	4000bda29900471aab6ff5aa989adbe80113083cf3a77bb3011746fae80129f1289af4ef897b79f821897ce8017ec497d862b9c08a4f7cde30b1e801cc76584c	025b474ed227f73d01dff7582bdf3e18a5b3000dc7ab4019ff9b0da9e63d01ada50000008d0400003d012213cf8f7d9b716b541142c13be801401e359809881a
57	0x2bf97c	0x2bf9cc	0x50	14	14	12	0	0	b7b2c828352df54bca6c9bf6e791ed6631dea88823540d1dc7a7c27d82628a7c	165:2,157:2,258:1,185:1,124:1,49:1,144:1,322:1	157:2,258:1,185:1,124:1,49:1,144:1,165:1,322:1	+0x4:5,+0x2:3,+0x3:2,+0x5:2,+0x6:1,+0x4c3:1	0201d4c22176eb81504be7b300b18600512fc000f3d53d01d79b4201b3007796038db3007b86771712eb5d3d01136a8762010000c30400003d01227a970ca72c	512fc000f3d53d01d79b4201b3007796038db3007b86771712eb5d3d01136a8762010000c30400003d01227a970ca72c7c1446e8016b1a680010be68004b0d68
58	0x2bfe6f	0x2bff90	0x121	78	78	39	0	0	2be8da100497f394a9b337bafec4437ded83cdd51426f678b41ecafdb5f2db4a	123:5,347:5,66:5,189:4,340:4,20:4,199:3,337:3	123:5,347:5,66:5,189:4,340:4,20:4,199:3,337:3	+0x4:46,+0x3:21,+0x2:5,+0x5:4,+0x6:2	40005eac68009ff468003f2d77f5930fe8012f3dab00f0653d0177b78ebbd0eaf4ec225fcbab680aca1be16800fb42003d01eef63f9e7fbe7bb7a65cd76f5b10	4701daa5aee801fe677db0fafba9a288e80114796252adf47a8be3848de8010c193a590dcd43202de8013a387499cbd29caa78e801f48a2003115b5ae80135be
59	0x2bff9e	0x2c0230	0x292	175	175	63	0	0	ecd6f90c50a7a8376f283a500f790487a67dbb31c9e5092041aa330a546777ab	66:10,64:10,185:9,337:8,199:6,347:6,189:6,258:5	66:10,64:10,185:9,337:8,199:6,347:6,189:6,258:5	+0x4:107,+0x3:42,+0x5:12,+0x2:10,+0x6:4	0201eec40776c66731df91367ae80151f6c0bb55a1f18a3a27a30d0b2dcbe80176c48900d80a84cd808d01381ce8012717d6d558017a9074f409d4fbe80153a1	6869b15694e801b618db45ade96216adb35ae801a00a08af052800e801821fd23db400157100ec17e80177063a7f1b97c6a213e8017c5e990077a0dce80176fa
60	0x2c023e	0x2c045a	0x21c	144	144	50	0	0	ba0f911592e6572ba57f758a0ed6616908f36bc3d00912bd30eb2e3abbb7223e	114:8,258:8,28:7,66:6,307:6,168:6,64:6,161:6	114:8,258:8,28:7,66:6,307:6,168:6,64:6,161:6	+0x4:94,+0x3:37,+0x2:5,+0x5:5,+0x6:3	4200e98e3a9b73ff0dd0a29af2eccbe801cea9d30a900321a5a64aeae6cde80137f723026d7a33f2203db3f8d5e8014f08fa3a63739bdcbf0ed0fadce801e804	f57c10062ee801108f3fd702712b8ee35bace801863db4ff9520ffe801cd19f69069d0a0001ce801233399568e1546a5aee80196b500026eeaceac758dc8e801
61	0x2c0468	0x2c05b1	0x149	79	79	34	0	0	9d12a353da42b85be57c12ed17ed55fe0f124f2fb4ea8d86cb23a4a642838231	26:7,189:5,268:5,287:5,258:4,64:4,43:3,28:3	26:7,189:5,268:5,287:5,258:4,64:4,43:3,28:3	+0x4:53,+0x3:18,+0x5:3,+0x2:2,+0x6:2,+0xbc5:1	2b00f5749900e8053aaea57c9ee801b4815801c6136cd71512f340e48e86e8014812625e39b4e67f32e30abefce80103a4377bbe280024e057746abce801c5d7	a3453c92f7bc313d01bbce0d4e77ded0ed4072d8d4b3005610ae005e653d0143ab000000c50b00003d012273c50858ed2bbcef70761009e8013d5de2931d8b35
62	0x2c1156	0x2c13ed	0x297	166	166	64	0	0	b429c504d5e2da7d489085d229b068cfa0b7a8374c2b2a9918ca20eb679565b5	258:9,66:9,114:7,189:6,215:6,337:6,28:6,157:6	258:9,66:9,114:7,189:6,215:6,337:6,28:6,157:6	+0x4:101,+0x3:40,+0x2:9,+0x5:9,+0x6:5,+0xe:1,-0x2e48f:1	1e00101fe8010b0ee801b4295ff9f1acdcf7614dac0086003d01cc687a24dc9753f66800102601013ea0f80a323d01f66b004a0b1cd7ffc7660bba8244143069	3d017e6e007ee56851934ff4921326f6cb100250275f9158a4863c3d0119e12cab0000008fe4028033013a45ad12635bacbd8bf552e30ae801f31c6800618400
63	0x30e872	0x316692	0x7e20	502609	8445	140	0	0	4daca1e9518594046015ef292baf05b08476ef8a6e90667b9106bd6f732f5ad7	337:19246,258:18656,340:18486,28:18049,114:17691,189:17599,18:17504,64:17496	337:19246,258:18656,340:18486,28:18049,114:17691,189:17599,18:17504,64:17496	+0x4:320545,+0x3:125271,+0x5:21047,+0x2:20144,+0x6:11911,+0xa:3199,+0x2d:182,+0x10:91	0000a9006201e8014200b1933af164fc002106dd61b01ae8015a5eb58ff9ab00144bab000514e801e4978900b29a0eeed809f0e80129f16605727f96c38963b0	061bc8c454a2e8017e2671823c9e88b2006117e80121a5ec933a8dadf6c9e8015133070080000f95c09c41535241554d89dd4c89ea415d4989d35a5548bda900
64	0x31aa27	0x31e23f	0x3818	4934	3574	147	0	0	9eab328e56f52334af4d412f66e4559560454e12780eafe056fb0539bf414813	18:159,258:137,28:136,66:135,337:131,189:129,347:123,307:113	18:159,258:137,28:136,66:135,337:131,189:129,347:123,307:113	+0x4:2384,+0x3:951,+0x5:715,+0x2:569,+0x6:252,+0x16:14,-0x40:14,+0x11:12	e8016201020126c20776a7ae7b03fdbdfbdeade801323134686eab00335eab00e80151f6e4defcfd1008fc8d417bb76ab0e8015801940f377349db5d2800e801	4701fcb7b7528ee8014cf33a90ee3acce80153ab2a963acc7524e5a849e801f103aca3efb6ba0acee801c0905ffc339af8e801a95e235b34a0bdc60269dae801
65	0x31e24d	0x31e42c	0x1df	124	124	42	0	0	5ffce026ab1f573cb8353715d3a4c4682fe04627e8e01e6c5fbdbf08812ed313	18:8,258:8,337:8,66:7,340:6,28:5,20:5,333:4	18:8,258:8,337:8,66:7,340:6,28:5,20:5,333:4	+0x4:84,+0x3:34,+0x6:2,+0x5:2,+0x2:1,+0x11:1	4d017bdf990018a82a6c628dabada3e8018bac3af0902052fee43b0be8017cf8063db448944180dbd08900e801b2fc341c2800b4a768b3692800e5a1e80123fd	e89f3a8dad2ecfe801001b230103a358b221e801a5aa98744d19ebe273e801e92c549ac0054e3a52e8016fb581fb3a9a3a9af3e8010b913a2b8d69db1a79e801
66	0x31e43a	0x31f2b1	0xe77	793	793	100	0	0	0d72502b119c246b781aa12712df958d01d9aac7b0328070b344dfa67bd3802e	189:31,28:30,297:29,114:29,337:29,347:28,64:27,340:26	189:31,28:30,297:29,114:29,337:29,347:28,64:27,340:26	+0x4:487,+0x3:197,+0x5:42,+0x2:36,+0x6:22,+0xe:3,+0x11:2,+0x1d02e:1	2901310eebba22613ad292b6efda10e801a00a3a144aab00cbf0ab00e801b2f50b896c4c7bde89003c9f3e68d3e8010002bf51fcf468448b5ed0e8016ccd0373	2a5066c7af4d74e801e805e864f168e7de70e8014b564c55082d80e8013475f1caa5b7c005048a2de801af37ec9f708dadb64be801075e3a4c2099004088e801
67	0x33170b	0x3334ac	0x1da1	3465	1961	126	0	0	8ba702e10a61e28aa94a3ac99ab902e5cbe3ac68df10e65c4d22a19288cd95ce	18:128,258:115,340:109,347:108,189:105,297:98,28:97,64:93	18:128,258:115,340:109,347:108,189:105,297:98,28:97,64:93	+0x4:1786,+0x3:714,+0x5:413,+0x2:335,+0x6:160,+0x16:17,-0x40:17,+0x11:10	6201e801bd00990094eb593f2a8f91655e4801e80131eedd10bda309cc5f8bab4cb6e80111a65dd3d58900beab0ca95ddee8015801884bc78fbeab4188dae801	2a6f3bcb89e801022e40323f709386210d75e801f6fe596d0128003885e801bb8b4cc427013a6d78e801a4b3ab00ff96820a33e801d80a5641093d81d29be801
68	0x3334ba	0x333bc9	0x70f	454	454	82	0	0	9a3db5b377a0c09a05501d655e4f1138e3022796e185cc8041cc3133473fbfd8	64:18,215:18,189:18,114:18,185:18,337:16,199:15,340:15	64:18,215:18,189:18,114:18,185:18,337:16,199:15,340:15	+0x4:284,+0x3:114,+0x5:22,+0x2:20,+0x6:11,+0xe:2,+0x55:1	4000a5a69900e92286d58809fc2553e8014a0dabdfeebb90b790f06f3dbae80101074cec972d8900eaad35a326e80110088872971c03f8b666d0e801ccc34005	ae26f00c37e80172d97a19bddd12915b30d0e80194b20e75c3803ab283e80179c944e380050ee801205c13953c13601137e80149f9a00a1f1e059900ed5be801
69	0x334a3d	0x3369f2	0x1fb5	3376	2100	135	0	0	61351866c5329108712069cbf93212300cbb182e84362871ebf85b8e1369d8cb	64:114,340:91,28:89,18:87,307:86,66:85,337:84,43:83	64:114,340:91,28:89,18:87,307:86,66:85,337:84,43:83	+0x4:1598,+0x3:628,+0x5:511,+0x2:408,+0x6:182,+0x16:14,-0x40:14,+0xa:6	0000a9006201e8015401c40e990052033e77e248b4a2e5e801b41bcacd1ad5afa16ebc961e9ae8018c7ff00134128900880948a951e8010eea8cff430bd4da28	f8eb8031f7e8019122c8a14601d80353ca36e801c7a5c89670492a307ce801e805bd6ee800e4e8018875241aab007005a86d4fe801d2521432489900e8014f4c
70	0x3369fc	0x33710f	0x713	457	457	87	0	0	d5f49356ceae70e30f5c4d4b155796e1440ac9713bb7940f66d4fb4ce46408c0	258:21,114:19,337:16,185:16,297:16,18:16,66:16,28:15	258:21,114:19,337:16,185:16,297:16,18:16,66:16,28:15	+0x4:287,+0x3:114,+0x5:22,+0x2:20,+0x6:11,+0xa:2,+0x55:1	ab00e8019d006fd599001008531c2729e33d9ae801a77b3301880a480c96344d06c9e80140059c0d6d65d293691c218651e801e09270ec387c3adf91247be801	4a366a231d2b99e801c31c3eec3b23010be4e8016ab45a75dabdaec273e801e3f43a887704a4e801187791225cebf5cd16e801bc9e1e858ce7365089e8012ece
71	0x337e84	0x339faf	0x212b	3710	2193	125	0	0	40f5c28e324b6b77834086e69fc13172ba1ec10f8d7e92a72f4cf74e6d21c294	18:125,28:113,340:110,189:108,258:107,64:106,297:102,66:99	18:125,28:113,340:110,189:108,258:107,64:106,297:102,66:99	+0x4:1868,+0x3:742,+0x5:494,+0x2:393,+0x6:192,+0x11:10,+0xe:6,-0x78e:4	6201e8015101f0949900ecfc7b03fba85be80119fa93f8ab005255b44c0eab00bb6ae8016e34fb0f4a0f3a9faec12ae80129f6e798d59ad80afc32817020529e	fa0355d0489ba0e8011c4634daf00492e801f0d82e46a77d0dbc3ae8010475538c2a750544ede801a2d6a0b2be2cedab00e801e2cf21d6baaeab88e4e801ef7f
72	0x339fbd	0x33a6cc	0x70f	454	454	82	0	0	887ffc2fdb5b1d953047c63cadda91a5efae436e80cc983762781dea26b55460	189:23,337:21,185:20,258:19,114:19,18:18,66:16,297:16	189:23,337:21,185:20,258:19,114:19,18:18,66:16,297:16	+0x4:284,+0x3:114,+0x5:22,+0x2:20,+0x6:11,+0xe:2,+0x55:1	120020063adca30cdc50825ce0e22de8011d0b93003ce9ab00fa17440027e801d3f58900be8b84a6a93d1aed14e801e3f12800c558d8847aec9be0bce8015c9a	e6ae6e3c298f98e801a00a666c2e2301eca7e8010002c85a2c2354e801a17f0c3910891cf53acecee8019003f3994a2e02764fe801582b141c7e913ae801117c
73	0x33b647	0x33d2d9	0x1c92	3379	1892	135	0	0	f0c03809769d99b8a0b84f951e6d467290d32a2bd02a158505e327584390c262	18:112,28:100,337:92,340:88,189:87,258:86,43:85,347:82	18:112,28:100,337:92,340:88,189:87,258:86,43:85,347:82	+0x4:1567,+0x3:619,+0x5:548,+0x2:430,+0x6:199,+0xa:5,+0x11:4,-0x767:4	00003601e80162012b00e57e9900d4139900f457c3fd19e8014ff5f381d80a4ca2076e818998e80185e0eed6e079792bf8085c4eade801573688f563df280098	f69f11c8ccde71e8017465ba1504c390a197e801dfad34e4a0008ee8018d76713db4f095794fe801962007506e168c42c15c2ce80167123ae90e9d42e8012f8f
74	0x33db28	0x33ea02	0xeda	8230	951	115	0	0	5369ce995a0b379649a28dab9eecfe8f24d318506ffd583efff2aed2017a165a	337:357,340:351,189:324,258:318,28:291,18:285,297:264,199:261	337:357,340:351,189:324,258:318,28:291,18:285,297:264,199:261	+0x4:5136,+0x3:2052,+0x5:414,+0x2:324,+0x6:219,+0x11:33,+0xe:30,+0x60:9	e801ab009d0037cf9900cc81a000faadb2da36e8018fcfab0008b21a58997ed7183be801e404d8e26fd989005285b44e0fe8013154da32a9f6d0743728a0e801	723ab08d8900e8016d972482ab00f00488e8018d9b5518d7c03deef3e80149fe7950070080000f92c09c689a07ed63558f0424555d415149b9a9000000000000
75	0x33f278	0x34556c	0x62f4	11845	6541	159	0	0	389cefd6dd1ad8b83af3ced180f3ce022f307a1d0c5c17275d2dc3c65026719a	28:355,189:311,18:300,340:297,66:293,258:275,114:273,337:273	28:355,189:311,18:300,340:297,66:293,258:275,114:273,337:273	+0x4:5403,+0x3:2150,+0x5:1900,+0x2:1521,+0x6:659,+0x16:70,-0x40:70,+0x11:18	36010000e80162019d00ffd79900ae00f8bb6510bae801e1f07a4d34faa4ab000106d165e801ccc8cfbbacdf15a615d6b232c6e801a202c38f3aece75d700e98	8b863b20cee28ce8010002c6f84e3ebc693be801658baf02815acae801e5bb88bb7858a007aee801d81cd80acc8b8d0f01e801da89df3db4d064997fe8012a30
76	0x3603af	0x364c68	0x48b9	6604	4847	146	0	0	6c49ae6dfcbc75160fe5ee1acd9ad6e4bf4df57dfb930746066c6e4bca7da315	18:211,337:209,66:190,189:180,64:170,340:170,28:167,114:167	18:211,337:209,66:190,189:180,64:170,340:170,28:167,114:167	+0x4:3344,+0x3:1308,+0x5:898,+0x2:706,+0x6:305,+0xa:16,+0x10:6,-0x2ce:6	a9000000a500e801c4004f6e5cf41b22a6326217508e46e801dabc2e1970ce0dbd941a3a20e4e801ed82daff632cc17ce35ed8e009e80193e928001336280007	e3dfa0008ce801a3496e2cf7eb4a8dad565fe801bc9c7b6571ba0c8e58e8015e8e89009025fae801bcf7b9468612d8036a265ee801b8ac9900543f87e801b4d6
77	0x364c72	0x364e55	0x1e3	125	125	43	0	0	64afd83259bdfec275c25663ab82a93b0d09ba01c9c88884e7a3bda544d91de9	347:9,297:7,337:6,340:6,215:6,307:6,305:5,66:5	347:9,297:7,337:6,340:6,215:6,307:6,305:5,66:5	+0x4:85,+0x3:34,+0x6:2,+0x5:2,+0x2:1,+0x11:1	e801ab00c700f74e3afc949100ec74bb03fe0ce801228e2c03a80e3adf919787e80129f6a79296f61c1489002a0434e80162c110291674b9196d09b63918d983	8700818ef4a8ede8011b7b84eb693a1a1ce1e80190039c8a9893dee80186b5f59e6caa6e8900096ee8010946fe9d232ce09e3ce801f80b6203f004f4e801281b
78	0x364e5f	0x365042	0x1e3	125	125	42	0	0	d6c32b3d60820c03c8ca914cc82ef955c50bee3f39f28e49e766c3420f03b7be	340:11,18:11,258:6,66:6,333:5,64:5,297:5,307:4	340:11,18:11,258:6,66:6,333:5,64:5,297:5,307:4	+0x4:86,+0x3:33,+0x6:2,+0x5:2,+0x2:1,+0x10:1	e801a5004d0173e9990057e926175abdaae80154cddbe7ab001b7811d5c7d42ae80111f8e622fe2c183889002185b41e97e80181df8aeb6d0eda85b9bd4862d1	0a04dc163a5a3de8014cc32301d26414e80125772523bcea0abdae9a59e8017a96890081bdae4277e801136748a04aab00e80165cda8273abee404e2e8014c77
79	0x36504c	0x3655e4	0x598	204	204	75	0	0	233b607693cc7e30757e293d5f1dfedee15089d220444450cdf0bcbd51438fdd	340:9,189:9,66:8,168:8,258:8,18:7,28:7,185:7	340:9,189:9,66:8,168:8,258:8,18:7,28:7,185:7	+0x4:114,+0x3:46,+0x5:17,+0x2:16,+0x6:8,+0x2f:1,+0x21a:1,+0x58:1	e80162010c014a1c7665ea3e358b65c37e5abae801fc863ace63d34bcff0019eb27be80173ac07d17ab5ab2dab4900e80199f4573c28003fb5abbe60285fe801	b556c0012ee801257d7a0e2a52b5a6f4e801e4df4811a0168bfc94776be801c93990eba3922eb35ee8013c29ab00aa4e34e801d57f1008fd5c6c693be80182d2
80	0x3674c3	0x36a0bc	0x2bf9	8565	2869	141	0	0	977871db1a567f9ee25aa91ea8dc18a84d71d43502ad04f8ff5c43d60e3216d9	340:283,66:270,114:265,189:235,347:230,297:226,199:220,215:218	340:283,66:270,114:265,189:235,347:230,297:226,199:220,215:218	+0x4:4218,+0x3:1690,+0x5:1170,+0x2:922,+0x6:422,+0x16:39,-0x40:39,+0x11:24	a500e801120000023a922e8c97a54f15d7649ae80150aa54a65c1c5ffbd9d53a1dd4e801894e858e48ea360fa39fc9cacce801c2666faebfd01ed5db2b3ae801	ca58200f8af8f232e801d80a6e8b0a2f81fc4de801bcd9e114d8031cd9e6e801517c070080000f92c09c415241564d89d64156415349bb41b8f76d000000004c
81	0x36b124	0x36db0d	0x29e9	8524	2737	137	0	0	2c811723c160154e1349f37b314123c0448af9d0e081633f5b7e6dd1797aa7b9	18:359,258:297,114:284,189:264,199:264,66:249,337:248,347:247	18:359,258:297,114:284,189:264,199:264,66:249,337:248,347:247	+0x4:4556,+0x3:1830,+0x5:905,+0x2:722,+0x6:358,+0x16:41,-0x40:41,+0x11:33	ab00e801510130989900bf500cbc63173a6d9ce8010fd5ab000cdaab0070920ae80139f9f32f54e0e4ccf9f87987e82abae801580188ebc08fbef7ba9941f7ae	b5abc5a68900f333e801b4873ab0a2ab00e8019d7b5f97f0ddfbfc3ae8016f8fad7e0700800069d2fd4303009c686259b11a41538f04244d89db5148b9360100
82	0x36ecdc	0x371ff7	0x331b	51881	3240	140	0	0	51799cd3ed1d1f8cb32e29f71c3f3aa073649380fe5f17c389c0b20dab568827	18:1735,28:1696,340:1552,337:1452,64:1421,66:1399,189:1384,347:1288	18:1735,28:1696,340:1552,337:1452,64:1421,66:1399,189:1384,347:1288	+0x4:25921,+0x3:10465,+0x5:6604,+0x2:5343,+0x6:2727,+0x11:183,+0xe:155,+0x139:125	e801a500bd009900cce0898e1a1ba599006a62e801e040ee6c60d456dc591ba8cef4e801033595ce6005ec9abcab0df520e801c12d6aeb5736d1a25294384e29	5fc95d85ad76e8015eff60b6ab00a0009ae8019b38f09499fe05bb280ba3e801f681070080000f95c09c4881ec080000006833fc0f0241578f04248f04244d89
