kind	source_entry	source_target	target_entry	target	delta	events	unique_start_ips	unique_end_ips	source_blocks	target_blocks	source_sites	target_sites	missing_start_ips	missing_end_ips	byte_statuses	operand_min_len	operand_shape	lifted_ir
long_branch_backedge	75	0x873fc	171	0x9b4b3	-0x6d	255	1	1	14@0x22fe2d-0x2304be:1	14@0x22fe2d-0x2304be:1	14@0x22fe2d-0x2304be+0x184:1	14@0x22fe2d-0x2304be+0x117:1	0	0	backedge_sample:255	0xb	target_u32@+0,delta_u32@+4,u16_8@+0x8,b10@+0xa	next = table[171], ip -= 0x6d
long_branch_backedge	316	0xb987b	165	0x9a24c	-0x3c4	255	1	1	14@0x22fe2d-0x2304be:1	14@0x22fe2d-0x2304be:1	14@0x22fe2d-0x2304be+0x581:1	14@0x22fe2d-0x2304be+0x1bd:1	0	0	backedge_sample:255	0xb	target_u32@+0,delta_u32@+4,u16_8@+0x8,b10@+0xa	next = table[165], ip -= 0x3c4
long_branch_backedge	266	0xaf8af	354	0xc2241	-0x2e8	125	1	1	36@0x36ecdc-0x371ff7:1	36@0x36ecdc-0x371ff7:1	36@0x36ecdc-0x371ff7+0x2a38:1	36@0x36ecdc-0x371ff7+0x2750:1	0	0	backedge_sample:125	0x8	target_u32@+0,delta_u32@+4	next = table[354], ip -= 0x2e8
long_branch_forward	145	0x95b5c	354	0xc2241	+0x139	125	1	1	36@0x36ecdc-0x371ff7:1	36@0x36ecdc-0x371ff7:1	36@0x36ecdc-0x371ff7+0x28b2:1	36@0x36ecdc-0x371ff7+0x29eb:1	0	0	prefix_32_of_313:125	0xb	target_u32@+0,delta_u32@+4,u16_8@+0x8,b10@+0xa	next = table[354], ip += 0x139
long_branch_backedge	308	0xb837c	171	0x9b4b3	-0x51a4	91	1	1	25@0x30e872-0x316692:1	25@0x30e872-0x316692:1	25@0x30e872-0x316692+0x744e:1	25@0x30e872-0x316692+0x22aa:1	0	0	backedge_sample:91	0x8	target_u32@+0,delta_u32@+4	next = table[171], ip -= 0x51a4
long_branch_forward	316	0xb987b	171	0x9b4b3	+0x2d	91	1	1	25@0x30e872-0x316692:1	25@0x30e872-0x316692:1	25@0x30e872-0x316692+0x6f6f:1	25@0x30e872-0x316692+0x6f9c:1	0	0	prefix_32_of_45:91	0xb	target_u32@+0,delta_u32@+4,u16_8@+0x8,b10@+0xa	next = table[171], ip += 0x2d
long_branch_forward	316	0xb987b	354	0xc2241	+0x2d	91	1	1	25@0x30e872-0x316692:1	25@0x30e872-0x316692:1	25@0x30e872-0x316692+0x410b:1	25@0x30e872-0x316692+0x4138:1	0	0	prefix_32_of_45:91	0xb	target_u32@+0,delta_u32@+4,u16_8@+0x8,b10@+0xa	next = table[354], ip += 0x2d
long_branch_backedge	308	0xb837c	171	0x9b4b3	-0x9de	64	1	1	15@0x230722-0x231237:1	15@0x230722-0x231237:1	15@0x230722-0x231237+0xaf5:1	15@0x230722-0x231237+0x117:1	0	0	backedge_sample:64	0x8	target_u32@+0,delta_u32@+4	next = table[171], ip -= 0x9de
long_branch_backedge	117	0x90acd	354	0xc2241	-0x40	56	3	3	32@0x33f278-0x345572:2,35@0x36b124-0x36db0d:1	32@0x33f278-0x345572:2,35@0x36b124-0x36db0d:1	32@0x33f278-0x345572+0x490:1,32@0x33f278-0x345572+0x4cbc:1,35@0x36b124-0x36db0d+0x262:1	32@0x33f278-0x345572+0x450:1,32@0x33f278-0x345572+0x4c7c:1,35@0x36b124-0x36db0d+0x222:1	0	0	backedge_sample:56	0x8	target_u32@+0,delta_u32@+4	next = table[354], ip -= 0x40
long_branch_backedge	266	0xaf8af	171	0x9b4b3	-0x40	52	4	4	32@0x33f278-0x345572:3,26@0x31aa27-0x31f2b7:1	32@0x33f278-0x345572:3,26@0x31aa27-0x31f2b7:1	26@0x31aa27-0x31f2b7+0x1606:1,32@0x33f278-0x345572+0x1ccb:1,32@0x33f278-0x345572+0x27f5:1,32@0x33f278-0x345572+0x357d:1	26@0x31aa27-0x31f2b7+0x15c6:1,32@0x33f278-0x345572+0x1c8b:1,32@0x33f278-0x345572+0x27b5:1,32@0x33f278-0x345572+0x353d:1	0	0	backedge_sample:52	0x8	target_u32@+0,delta_u32@+4	next = table[171], ip -= 0x40
long_branch_backedge	302	0xb7586	171	0x9b4b3	-0x40	39	1	1	34@0x3674c3-0x36a0bc:1	34@0x3674c3-0x36a0bc:1	34@0x3674c3-0x36a0bc+0x262:1	34@0x3674c3-0x36a0bc+0x222:1	0	0	backedge_sample:39	0x8	target_u32@+0,delta_u32@+4	next = table[171], ip -= 0x40
long_branch_backedge	117	0x90acd	165	0x9a24c	-0x40	27	2	2	25@0x30e872-0x316692:1,28@0x334a3d-0x337115:1	25@0x30e872-0x316692:1,28@0x334a3d-0x337115:1	25@0x30e872-0x316692+0x670:1,28@0x334a3d-0x337115+0x266:1	25@0x30e872-0x316692+0x630:1,28@0x334a3d-0x337115+0x226:1	0	0	backedge_sample:27	0x8	target_u32@+0,delta_u32@+4	next = table[165], ip -= 0x40
long_branch_backedge	308	0xb837c	171	0x9b4b3	-0x17ed	25	1	1	36@0x36ecdc-0x371ff7:1	36@0x36ecdc-0x371ff7:1	36@0x36ecdc-0x371ff7+0x2d67:1	36@0x36ecdc-0x371ff7+0x157a:1	0	0	backedge_sample:25	0x8	target_u32@+0,delta_u32@+4	next = table[171], ip -= 0x17ed
long_branch_forward	246	0xab427	165	0x9a24c	+0x78	25	1	1	36@0x36ecdc-0x371ff7:1	36@0x36ecdc-0x371ff7:1	36@0x36ecdc-0x371ff7+0x2a70:1	36@0x36ecdc-0x371ff7+0x2ae8:1	0	0	prefix_32_of_120:25	0xb	target_u32@+0,delta_u32@+4,u16_8@+0x8,b10@+0xa	next = table[165], ip += 0x78
long_branch_forward	302	0xb7586	171	0x9b4b3	+0x22	25	1	1	36@0x36ecdc-0x371ff7:1	36@0x36ecdc-0x371ff7:1	36@0x36ecdc-0x371ff7+0x1a8c:1	36@0x36ecdc-0x371ff7+0x1aae:1	0	0	prefix_32_of_34:25	0x8	target_u32@+0,delta_u32@+4	next = table[171], ip += 0x22
long_branch_forward	334	0xbdd18	354	0xc2241	+0x2a5	25	1	1	36@0x36ecdc-0x371ff7:1	36@0x36ecdc-0x371ff7:1	36@0x36ecdc-0x371ff7+0x279b:1	36@0x36ecdc-0x371ff7+0x2a40:1	0	0	prefix_32_of_677:25	0xb	target_u32@+0,delta_u32@+4,u16_8@+0x8,b10@+0xa	next = table[354], ip += 0x2a5
long_branch_backedge	308	0xb837c	171	0x9b4b3	-0x40	24	2	2	26@0x31aa27-0x31f2b7:1,27@0x33170b-0x333bcf:1	26@0x31aa27-0x31f2b7:1,27@0x33170b-0x333bcf:1	26@0x31aa27-0x31f2b7+0x91c:1,27@0x33170b-0x333bcf+0x262:1	26@0x31aa27-0x31f2b7+0x8dc:1,27@0x33170b-0x333bcf+0x222:1	0	0	backedge_sample:24	0x8	target_u32@+0,delta_u32@+4	next = table[171], ip -= 0x40
long_branch_backedge	302	0xb7586	165	0x9a24c	-0x40	22	1	1	36@0x36ecdc-0x371ff7:1	36@0x36ecdc-0x371ff7:1	36@0x36ecdc-0x371ff7+0x262:1	36@0x36ecdc-0x371ff7+0x222:1	0	0	backedge_sample:22	0x8	target_u32@+0,delta_u32@+4	next = table[165], ip -= 0x40
long_branch_backedge	308	0xb837c	354	0xc2241	-0x40	10	1	1	32@0x33f278-0x345572:1	32@0x33f278-0x345572:1	32@0x33f278-0x345572+0xf43:1	32@0x33f278-0x345572+0xf03:1	0	0	backedge_sample:10	0x8	target_u32@+0,delta_u32@+4	next = table[354], ip -= 0x40
long_branch_backedge	308	0xb837c	171	0x9b4b3	-0x584	10	1	1	35@0x36b124-0x36db0d:1	35@0x36b124-0x36db0d:1	35@0x36b124-0x36db0d+0x9f2:1	35@0x36b124-0x36db0d+0x46e:1	0	0	backedge_sample:10	0x8	target_u32@+0,delta_u32@+4	next = table[171], ip -= 0x584
long_branch_backedge	117	0x90acd	165	0x9a24c	-0xbc1	9	1	1	31@0x33db28-0x33ea02:1	31@0x33db28-0x33ea02:1	31@0x33db28-0x33ea02+0xdae:1	31@0x33db28-0x33ea02+0x1ed:1	0	0	backedge_sample:9	0x8	target_u32@+0,delta_u32@+4	next = table[165], ip -= 0xbc1
long_branch_backedge	302	0xb7586	165	0x9a24c	-0x55d	9	1	1	34@0x3674c3-0x36a0bc:1	34@0x3674c3-0x36a0bc:1	34@0x3674c3-0x36a0bc+0x9cb:1	34@0x3674c3-0x36a0bc+0x46e:1	0	0	backedge_sample:9	0x8	target_u32@+0,delta_u32@+4	next = table[165], ip -= 0x55d
long_branch_forward	75	0x873fc	165	0x9a24c	+0x60	9	1	1	31@0x33db28-0x33ea02:1	31@0x33db28-0x33ea02:1	31@0x33db28-0x33ea02+0xd01:1	31@0x33db28-0x33ea02+0xd61:1	0	0	prefix_32_of_96:9	0xb	target_u32@+0,delta_u32@+4,u16_8@+0x8,b10@+0xa	next = table[165], ip += 0x60
long_branch_backedge	117	0x90acd	354	0xc2241	-0x584	6	2	2	27@0x33170b-0x333bcf:1,32@0x33f278-0x345572:1	27@0x33170b-0x333bcf:1,32@0x33f278-0x345572:1	27@0x33170b-0x333bcf+0x9f2:1,32@0x33f278-0x345572+0x16d3:1	27@0x33170b-0x333bcf+0x46e:1,32@0x33f278-0x345572+0x114f:1	0	0	backedge_sample:6	0x8	target_u32@+0,delta_u32@+4	next = table[354], ip -= 0x584
long_branch_backedge	117	0x90acd	165	0x9a24c	-0x55d	5	1	1	36@0x36ecdc-0x371ff7:1	36@0x36ecdc-0x371ff7:1	36@0x36ecdc-0x371ff7+0x9cb:1	36@0x36ecdc-0x371ff7+0x46e:1	0	0	backedge_sample:5	0x8	target_u32@+0,delta_u32@+4	next = table[165], ip -= 0x55d
long_branch_backedge	302	0xb7586	171	0x9b4b3	-0x2ce	5	2	2	32@0x33f278-0x345572:1,33@0x3603af-0x3655ea:1	32@0x33f278-0x345572:1,33@0x3603af-0x3655ea:1	32@0x33f278-0x345572+0x412d:1,33@0x3603af-0x3655ea+0x2bba:1	32@0x33f278-0x345572+0x3e5f:1,33@0x3603af-0x3655ea+0x28ec:1	0	0	backedge_sample:5	0x8	target_u32@+0,delta_u32@+4	next = table[171], ip -= 0x2ce
long_branch_backedge	308	0xb837c	354	0xc2241	-0x2ce	5	2	2	28@0x334a3d-0x337115:1,34@0x3674c3-0x36a0bc:1	28@0x334a3d-0x337115:1,34@0x3674c3-0x36a0bc:1	28@0x334a3d-0x337115+0xe16:1,34@0x3674c3-0x36a0bc+0xe12:1	28@0x334a3d-0x337115+0xb48:1,34@0x3674c3-0x36a0bc+0xb44:1	0	0	backedge_sample:5	0x8	target_u32@+0,delta_u32@+4	next = table[354], ip -= 0x2ce
long_branch_backedge	117	0x90acd	354	0xc2241	-0x767	4	1	1	30@0x33b647-0x33d2df:1	30@0x33b647-0x33d2df:1	30@0x33b647-0x33d2df+0xf69:1	30@0x33b647-0x33d2df+0x802:1	0	0	backedge_sample:4	0x8	target_u32@+0,delta_u32@+4	next = table[354], ip -= 0x767
long_branch_backedge	266	0xaf8af	165	0x9a24c	-0x55d	4	1	1	32@0x33f278-0x345572:1	32@0x33f278-0x345572:1	32@0x33f278-0x345572+0x2434:1	32@0x33f278-0x345572+0x1ed7:1	0	0	backedge_sample:4	0x8	target_u32@+0,delta_u32@+4	next = table[165], ip -= 0x55d
long_branch_backedge	266	0xaf8af	354	0xc2241	-0x78e	4	1	1	29@0x337e84-0x33a6d2:1	29@0x337e84-0x33a6d2:1	29@0x337e84-0x33a6d2+0xf8c:1	29@0x337e84-0x33a6d2+0x7fe:1	0	0	backedge_sample:4	0x8	target_u32@+0,delta_u32@+4	next = table[354], ip -= 0x78e
long_branch_backedge	302	0xb7586	354	0xc2241	-0x24c	4	1	1	0@0xd0ac0-0xd144b:1	0@0xd0ac0-0xd144b:1	0@0xd0ac0-0xd144b+0x3eb:1	0@0xd0ac0-0xd144b+0x19f:1	0	0	backedge_sample:4	0x8	target_u32@+0,delta_u32@+4	next = table[354], ip -= 0x24c
long_branch_backedge	308	0xb837c	171	0x9b4b3	-0x55d	4	1	1	32@0x33f278-0x345572:1	32@0x33f278-0x345572:1	32@0x33f278-0x345572+0x3ce6:1	32@0x33f278-0x345572+0x3789:1	0	0	backedge_sample:4	0x8	target_u32@+0,delta_u32@+4	next = table[171], ip -= 0x55d
long_branch_forward	145	0x95b5c	165	0x9a24c	+0xbec	4	1	1	18@0x26cd71-0x26cf3b:1	19@0x26db07-0x26f097:1	18@0x26cd71-0x26cf3b+0x1aa:1	19@0x26db07-0x26f097+0x0:1	0	0	prefix_32_of_3052:4	0xb	target_u32@+0,delta_u32@+4,u16_8@+0x8,b10@+0xa	next = table[165], ip += 0xbec
long_branch_backedge	117	0x90acd	171	0x9b4b3	-0x2ce	3	1	1	26@0x31aa27-0x31f2b7:1	26@0x31aa27-0x31f2b7:1	26@0x31aa27-0x31f2b7+0x21bf:1	26@0x31aa27-0x31f2b7+0x1ef1:1	0	0	backedge_sample:3	0x8	target_u32@+0,delta_u32@+4	next = table[171], ip -= 0x2ce
long_branch_backedge	117	0x90acd	165	0x9a24c	-0xbc0	3	1	1	34@0x3674c3-0x36a0bc:1	34@0x3674c3-0x36a0bc:1	34@0x3674c3-0x36a0bc+0x265d:1	34@0x3674c3-0x36a0bc+0x1a9d:1	0	0	backedge_sample:3	0x8	target_u32@+0,delta_u32@+4	next = table[165], ip -= 0xbc0
long_branch_backedge	117	0x90acd	354	0xc2241	-0xbc0	3	1	1	35@0x36b124-0x36db0d:1	35@0x36b124-0x36db0d:1	35@0x36b124-0x36db0d+0x244d:1	35@0x36b124-0x36db0d+0x188d:1	0	0	backedge_sample:3	0x8	target_u32@+0,delta_u32@+4	next = table[354], ip -= 0xbc0
long_branch_backedge	266	0xaf8af	354	0xc2241	-0x557	3	1	1	25@0x30e872-0x316692:1	25@0x30e872-0x316692:1	25@0x30e872-0x316692+0xdd3:1	25@0x30e872-0x316692+0x87c:1	0	0	backedge_sample:3	0x8	target_u32@+0,delta_u32@+4	next = table[354], ip -= 0x557
long_branch_backedge	266	0xaf8af	171	0x9b4b3	-0x55d	3	1	1	28@0x334a3d-0x337115:1	28@0x334a3d-0x337115:1	28@0x334a3d-0x337115+0x9cf:1	28@0x334a3d-0x337115+0x472:1	0	0	backedge_sample:3	0x8	target_u32@+0,delta_u32@+4	next = table[171], ip -= 0x55d
long_branch_backedge	302	0xb7586	165	0x9a24c	-0x2ce	3	1	1	26@0x31aa27-0x31f2b7:1	26@0x31aa27-0x31f2b7:1	26@0x31aa27-0x31f2b7+0x1455:1	26@0x31aa27-0x31f2b7+0x1187:1	0	0	backedge_sample:3	0x8	target_u32@+0,delta_u32@+4	next = table[165], ip -= 0x2ce
long_branch_backedge	308	0xb837c	171	0x9b4b3	-0x2ce	3	1	1	33@0x3603af-0x3655ea:1	33@0x3603af-0x3655ea:1	33@0x3603af-0x3655ea+0x144b:1	33@0x3603af-0x3655ea+0x117d:1	0	0	backedge_sample:3	0x8	target_u32@+0,delta_u32@+4	next = table[171], ip -= 0x2ce
long_branch_forward	145	0x95b5c	354	0xc2241	+0x60	3	1	1	34@0x3674c3-0x36a0bc:1	34@0x3674c3-0x36a0bc:1	34@0x3674c3-0x36a0bc+0x25b0:1	34@0x3674c3-0x36a0bc+0x2610:1	0	0	prefix_32_of_96:3	0xb	target_u32@+0,delta_u32@+4,u16_8@+0x8,b10@+0xa	next = table[354], ip += 0x60
long_branch_forward	210	0xa2da3	171	0x9b4b3	+0x30	3	3	3	32@0x33f278-0x345572:2,27@0x33170b-0x333bcf:1	32@0x33f278-0x345572:2,27@0x33170b-0x333bcf:1	27@0x33170b-0x333bcf+0x23a:1,32@0x33f278-0x345572+0xf1b:1,32@0x33f278-0x345572+0x3555:1	27@0x33170b-0x333bcf+0x26a:1,32@0x33f278-0x345572+0xf4b:1,32@0x33f278-0x345572+0x3585:1	0	0	prefix_32_of_48:3	0xb	target_u32@+0,delta_u32@+4,u16_8@+0x8,b10@+0xa	next = table[171], ip += 0x30
long_branch_forward	210	0xa2da3	354	0xc2241	+0x60	3	1	1	35@0x36b124-0x36db0d:1	35@0x36b124-0x36db0d:1	35@0x36b124-0x36db0d+0x23a0:1	35@0x36b124-0x36db0d+0x2400:1	0	0	prefix_32_of_96:3	0xb	target_u32@+0,delta_u32@+4,u16_8@+0x8,b10@+0xa	next = table[354], ip += 0x60
long_branch_forward	246	0xab427	165	0x9a24c	+0x792	3	1	1	31@0x33db28-0x33ea02:1	31@0x33db28-0x33ea02:1	31@0x33db28-0x33ea02+0x624:1	31@0x33db28-0x33ea02+0xdb6:1	0	0	prefix_32_of_1938:3	0xb	target_u32@+0,delta_u32@+4,u16_8@+0x8,b10@+0xa	next = table[165], ip += 0x792
long_branch_backedge	117	0x90acd	165	0x9a24c	-0x2ce	2	1	1	32@0x33f278-0x345572:1	32@0x33f278-0x345572:1	32@0x33f278-0x345572+0x33cc:1	32@0x33f278-0x345572+0x30fe:1	0	0	backedge_sample:2	0x8	target_u32@+0,delta_u32@+4	next = table[165], ip -= 0x2ce
long_branch_backedge	266	0xaf8af	165	0x9a24c	-0x2ce	2	1	1	36@0x36ecdc-0x371ff7:1	36@0x36ecdc-0x371ff7:1	36@0x36ecdc-0x371ff7+0xe12:1	36@0x36ecdc-0x371ff7+0xb44:1	0	0	backedge_sample:2	0x8	target_u32@+0,delta_u32@+4	next = table[165], ip -= 0x2ce
long_branch_backedge	266	0xaf8af	354	0xc2241	-0x2ce	2	1	1	32@0x33f278-0x345572:1	32@0x33f278-0x345572:1	32@0x33f278-0x345572+0x1b1a:1	32@0x33f278-0x345572+0x184c:1	0	0	backedge_sample:2	0x8	target_u32@+0,delta_u32@+4	next = table[354], ip -= 0x2ce
long_branch_backedge	308	0xb837c	354	0xc2241	-0x584	2	1	1	32@0x33f278-0x345572:1	32@0x33f278-0x345572:1	32@0x33f278-0x345572+0x2f85:1	32@0x33f278-0x345572+0x2a01:1	0	0	backedge_sample:2	0x8	target_u32@+0,delta_u32@+4	next = table[354], ip -= 0x584
long_branch_backedge	308	0xb837c	171	0x9b4b3	-0x5b6	2	1	1	33@0x3603af-0x3655ea:1	33@0x3603af-0x3655ea:1	33@0x3603af-0x3655ea+0x1004:1	33@0x3603af-0x3655ea+0xa4e:1	0	0	backedge_sample:2	0x8	target_u32@+0,delta_u32@+4	next = table[171], ip -= 0x5b6
long_branch_forward	75	0x873fc	165	0x9a24c	+0x288	2	2	2	28@0x334a3d-0x337115:1,33@0x3603af-0x3655ea:1	28@0x334a3d-0x337115:1,33@0x3603af-0x3655ea:1	28@0x334a3d-0x337115+0x74f:1,33@0x3603af-0x3655ea+0xd84:1	28@0x334a3d-0x337115+0x9d7:1,33@0x3603af-0x3655ea+0x100c:1	0	0	prefix_32_of_648:2	0xb	target_u32@+0,delta_u32@+4,u16_8@+0x8,b10@+0xa	next = table[165], ip += 0x288
long_branch_forward	75	0x873fc	165	0x9a24c	+0x30	2	2	2	26@0x31aa27-0x31f2b7:1,32@0x33f278-0x345572:1	26@0x31aa27-0x31f2b7:1,32@0x33f278-0x345572:1	26@0x31aa27-0x31f2b7+0x15de:1,32@0x33f278-0x345572+0x1ca3:1	26@0x31aa27-0x31f2b7+0x160e:1,32@0x33f278-0x345572+0x1cd3:1	0	0	prefix_32_of_48:2	0xb	target_u32@+0,delta_u32@+4,u16_8@+0x8,b10@+0xa	next = table[165], ip += 0x30
long_branch_forward	145	0x95b5c	354	0xc2241	+0x30	2	2	2	28@0x334a3d-0x337115:1,32@0x33f278-0x345572:1	28@0x334a3d-0x337115:1,32@0x33f278-0x345572:1	28@0x334a3d-0x337115+0x23e:1,32@0x33f278-0x345572+0x27cd:1	28@0x334a3d-0x337115+0x26e:1,32@0x33f278-0x345572+0x27fd:1	0	0	prefix_32_of_48:2	0xb	target_u32@+0,delta_u32@+4,u16_8@+0x8,b10@+0xa	next = table[354], ip += 0x30
long_branch_forward	145	0x95b5c	171	0x9b4b3	+0x77	2	2	2	6@0x1209d2-0x122e42:2	6@0x1209d2-0x122e42:2	6@0x1209d2-0x122e42+0x10e8:1,6@0x1209d2-0x122e42+0x18fb:1	6@0x1209d2-0x122e42+0x115f:1,6@0x1209d2-0x122e42+0x1972:1	0	0	prefix_32_of_119:2	0xb	target_u32@+0,delta_u32@+4,u16_8@+0x8,b10@+0xa	next = table[171], ip += 0x77
long_branch_forward	210	0xa2da3	354	0xc2241	+0x288	2	2	2	34@0x3674c3-0x36a0bc:1,35@0x36b124-0x36db0d:1	34@0x3674c3-0x36a0bc:1,35@0x36b124-0x36db0d:1	34@0x3674c3-0x36a0bc+0x74b:1,35@0x36b124-0x36db0d+0x772:1	34@0x3674c3-0x36a0bc+0x9d3:1,35@0x36b124-0x36db0d+0x9fa:1	0	0	prefix_32_of_648:2	0xb	target_u32@+0,delta_u32@+4,u16_8@+0x8,b10@+0xa	next = table[354], ip += 0x288
long_branch_forward	210	0xa2da3	171	0x9b4b3	+0x28b	2	2	2	28@0x334a3d-0x337115:1,32@0x33f278-0x345572:1	28@0x334a3d-0x337115:1,32@0x33f278-0x345572:1	28@0x334a3d-0x337115+0xb93:1,32@0x33f278-0x345572+0x1897:1	28@0x334a3d-0x337115+0xe1e:1,32@0x33f278-0x345572+0x1b22:1	0	0	prefix_32_of_651:2	0xb	target_u32@+0,delta_u32@+4,u16_8@+0x8,b10@+0xa	next = table[171], ip += 0x28b
long_branch_forward	246	0xab427	354	0xc2241	+0x28b	2	2	2	32@0x33f278-0x345572:1,33@0x3603af-0x3655ea:1	32@0x33f278-0x345572:1,33@0x3603af-0x3655ea:1	32@0x33f278-0x345572+0x3149:1,33@0x3603af-0x3655ea+0x11c8:1	32@0x33f278-0x345572+0x33d4:1,33@0x3603af-0x3655ea+0x1453:1	0	0	prefix_32_of_651:2	0xb	target_u32@+0,delta_u32@+4,u16_8@+0x8,b10@+0xa	next = table[354], ip += 0x28b
sampled_operand_forward	95	0x8c41c	86	0x8a37f	+0x2341b	2	1	1	17@0x249468-0x24bd30:1	18@0x26cd71-0x26cf3b:1	17@0x249468-0x24bd30+0x4ee:1	18@0x26cd71-0x26cf3b+0x0:1	0	0	prefix_32_of_144411:2	0xa	u16_0@+0x0,u32_0@+0x0,u16_2@+0x2,u16_4@+0x4,u16_6@+0x6,u32_6@+0x6	sampled operand footprint 0xa; observed target table[86], delta +0x2341b
long_branch_backedge	117	0x90acd	354	0xc2241	-0x50d	1	1	1	33@0x3603af-0x3655ea:1	33@0x3603af-0x3655ea:1	33@0x3603af-0x3655ea+0x2773:1	33@0x3603af-0x3655ea+0x2266:1	0	0	backedge_sample:1	0x8	target_u32@+0,delta_u32@+4	next = table[354], ip -= 0x50d
long_branch_backedge	266	0xaf8af	171	0x9b4b3	-0x2e48f	1	1	1	24@0x2c1156-0x2c13ed:1	20@0x292986-0x293694:1	24@0x2c1156-0x2c13ed+0x277:1	20@0x292986-0x293694+0x5b8:1	0	0	backedge_sample:1	0x8	target_u32@+0,delta_u32@+4	next = table[171], ip -= 0x2e48f
long_branch_backedge	266	0xaf8af	165	0x9a24c	-0x4e0	1	1	1	33@0x3603af-0x3655ea:1	33@0x3603af-0x3655ea:1	33@0x3603af-0x3655ea+0x3eb5:1	33@0x3603af-0x3655ea+0x39d5:1	0	0	backedge_sample:1	0x8	target_u32@+0,delta_u32@+4	next = table[165], ip -= 0x4e0
long_branch_backedge	266	0xaf8af	165	0x9a24c	-0x566	1	1	1	26@0x31aa27-0x31f2b7:1	26@0x31aa27-0x31f2b7:1	26@0x31aa27-0x31f2b7+0x1d78:1	26@0x31aa27-0x31f2b7+0x1812:1	0	0	backedge_sample:1	0x8	target_u32@+0,delta_u32@+4	next = table[165], ip -= 0x566
long_branch_backedge	308	0xb837c	171	0x9b4b3	-0x4e6	1	1	1	32@0x33f278-0x345572:1	32@0x33f278-0x345572:1	32@0x33f278-0x345572+0xb82:1	32@0x33f278-0x345572+0x69c:1	0	0	backedge_sample:1	0x8	target_u32@+0,delta_u32@+4	next = table[171], ip -= 0x4e6
long_branch_backedge	308	0xb837c	354	0xc2241	-0x4e6	1	1	1	26@0x31aa27-0x31f2b7:1	26@0x31aa27-0x31f2b7:1	26@0x31aa27-0x31f2b7+0x100e:1	26@0x31aa27-0x31f2b7+0xb28:1	0	0	backedge_sample:1	0x8	target_u32@+0,delta_u32@+4	next = table[354], ip -= 0x4e6
long_branch_forward	75	0x873fc	165	0x9a24c	+0x1d9	1	1	1	5@0x11ac5e-0x11f4da:1	5@0x11ac5e-0x11f4da:1	5@0x11ac5e-0x11f4da+0x373d:1	5@0x11ac5e-0x11f4da+0x3916:1	0	0	prefix_32_of_473:1	0xb	target_u32@+0,delta_u32@+4,u16_8@+0x8,b10@+0xa	next = table[165], ip += 0x1d9
long_branch_forward	75	0x873fc	354	0xc2241	+0x211	1	1	1	26@0x31aa27-0x31f2b7:1	26@0x31aa27-0x31f2b7:1	26@0x31aa27-0x31f2b7+0xe05:1	26@0x31aa27-0x31f2b7+0x1016:1	0	0	prefix_32_of_529:1	0xb	target_u32@+0,delta_u32@+4,u16_8@+0x8,b10@+0xa	next = table[354], ip += 0x211
long_branch_forward	75	0x873fc	354	0xc2241	+0x23e	1	1	1	1@0xd3fac-0xd5ec2:1	1@0xd3fac-0xd5ec2:1	1@0xd3fac-0xd5ec2+0x1828:1	1@0xd3fac-0xd5ec2+0x1a66:1	0	0	prefix_32_of_574:1	0xb	target_u32@+0,delta_u32@+4,u16_8@+0x8,b10@+0xa	next = table[354], ip += 0x23e
long_branch_forward	75	0x873fc	165	0x9a24c	+0x24f	1	1	1	21@0x2bec2e-0x2bf50f:1	21@0x2bec2e-0x2bf50f:1	21@0x2bec2e-0x2bf50f+0x41a:1	21@0x2bec2e-0x2bf50f+0x669:1	0	0	prefix_32_of_591:1	0xb	target_u32@+0,delta_u32@+4,u16_8@+0x8,b10@+0xa	next = table[165], ip += 0x24f
long_branch_forward	75	0x873fc	165	0x9a24c	+0x28b	1	1	1	34@0x3674c3-0x36a0bc:1	34@0x3674c3-0x36a0bc:1	34@0x3674c3-0x36a0bc+0xb8f:1	34@0x3674c3-0x36a0bc+0xe1a:1	0	0	prefix_32_of_651:1	0xb	target_u32@+0,delta_u32@+4,u16_8@+0x8,b10@+0xa	next = table[165], ip += 0x28b
long_branch_forward	75	0x873fc	354	0xc2241	+0x28b	1	1	1	32@0x33f278-0x345572:1	32@0x33f278-0x345572:1	32@0x33f278-0x345572+0x3eaa:1	32@0x33f278-0x345572+0x4135:1	0	0	prefix_32_of_651:1	0xb	target_u32@+0,delta_u32@+4,u16_8@+0x8,b10@+0xa	next = table[354], ip += 0x28b
long_branch_forward	75	0x873fc	171	0x9b4b3	+0x2aa5	1	1	1	2@0xd718e-0xd790a:1	3@0xda38f-0xda607:1	2@0xd718e-0xd790a+0x75c:1	3@0xda38f-0xda607+0x0:1	0	0	prefix_32_of_10917:1	0xb	target_u32@+0,delta_u32@+4,u16_8@+0x8,b10@+0xa	next = table[171], ip += 0x2aa5
long_branch_forward	75	0x873fc	354	0xc2241	+0x4f0e	1	1	1	25@0x30e872-0x316692:1	25@0x30e872-0x316692:1	25@0x30e872-0x316692+0x2548:1	25@0x30e872-0x316692+0x7456:1	0	0	prefix_32_of_20238:1	0xb	target_u32@+0,delta_u32@+4,u16_8@+0x8,b10@+0xa	next = table[354], ip += 0x4f0e
long_branch_forward	117	0x90acd	354	0xc2241	+0x22	1	1	1	26@0x31aa27-0x31f2b7:1	26@0x31aa27-0x31f2b7:1	26@0x31aa27-0x31f2b7+0x3d36:1	26@0x31aa27-0x31f2b7+0x3d58:1	0	0	prefix_32_of_34:1	0x8	target_u32@+0,delta_u32@+4	next = table[354], ip += 0x22
long_branch_forward	117	0x90acd	165	0x9a24c	+0x54	1	1	1	5@0x11ac5e-0x11f4da:1	5@0x11ac5e-0x11f4da:1	5@0x11ac5e-0x11f4da+0x15f8:1	5@0x11ac5e-0x11f4da+0x164c:1	0	0	prefix_32_of_84:1	0x8	target_u32@+0,delta_u32@+4	next = table[165], ip += 0x54
long_branch_forward	117	0x90acd	165	0x9a24c	+0x55	1	1	1	12@0x1a480d-0x1a6047:1	12@0x1a480d-0x1a6047:1	12@0x1a480d-0x1a6047+0x16db:1	12@0x1a480d-0x1a6047+0x1730:1	0	0	prefix_32_of_85:1	0x8	target_u32@+0,delta_u32@+4	next = table[165], ip += 0x55
long_branch_forward	145	0x95b5c	354	0xc2241	+0x279	1	1	1	36@0x36ecdc-0x371ff7:1	36@0x36ecdc-0x371ff7:1	36@0x36ecdc-0x371ff7+0x181b:1	36@0x36ecdc-0x371ff7+0x1a94:1	0	0	prefix_32_of_633:1	0xb	target_u32@+0,delta_u32@+4,u16_8@+0x8,b10@+0xa	next = table[354], ip += 0x279
long_branch_forward	145	0x95b5c	165	0x9a24c	+0x288	1	1	1	32@0x33f278-0x345572:1	32@0x33f278-0x345572:1	32@0x33f278-0x345572+0x3a66:1	32@0x33f278-0x345572+0x3cee:1	0	0	prefix_32_of_648:1	0xb	target_u32@+0,delta_u32@+4,u16_8@+0x8,b10@+0xa	next = table[165], ip += 0x288
long_branch_forward	145	0x95b5c	171	0x9b4b3	+0x28b	1	1	1	36@0x36ecdc-0x371ff7:1	36@0x36ecdc-0x371ff7:1	36@0x36ecdc-0x371ff7+0xb8f:1	36@0x36ecdc-0x371ff7+0xe1a:1	0	0	prefix_32_of_651:1	0xb	target_u32@+0,delta_u32@+4,u16_8@+0x8,b10@+0xa	next = table[171], ip += 0x28b
long_branch_forward	145	0x95b5c	354	0xc2241	+0x28b	1	1	1	26@0x31aa27-0x31f2b7:1	26@0x31aa27-0x31f2b7:1	26@0x31aa27-0x31f2b7+0x11d2:1	26@0x31aa27-0x31f2b7+0x145d:1	0	0	prefix_32_of_651:1	0xb	target_u32@+0,delta_u32@+4,u16_8@+0x8,b10@+0xa	next = table[354], ip += 0x28b
long_branch_forward	145	0x95b5c	171	0x9b4b3	+0x30	1	1	1	36@0x36ecdc-0x371ff7:1	36@0x36ecdc-0x371ff7:1	36@0x36ecdc-0x371ff7+0x23a:1	36@0x36ecdc-0x371ff7+0x26a:1	0	0	prefix_32_of_48:1	0xb	target_u32@+0,delta_u32@+4,u16_8@+0x8,b10@+0xa	next = table[171], ip += 0x30
long_branch_forward	145	0x95b5c	165	0x9a24c	+0x74b	1	1	1	29@0x337e84-0x33a6d2:1	29@0x337e84-0x33a6d2:1	29@0x337e84-0x33a6d2+0x849:1	29@0x337e84-0x33a6d2+0xf94:1	0	0	prefix_32_of_1867:1	0xb	target_u32@+0,delta_u32@+4,u16_8@+0x8,b10@+0xa	next = table[165], ip += 0x74b
long_branch_forward	210	0xa2da3	354	0xc2241	+0x211	1	1	1	26@0x31aa27-0x31f2b7:1	26@0x31aa27-0x31f2b7:1	26@0x31aa27-0x31f2b7+0x1b6f:1	26@0x31aa27-0x31f2b7+0x1d80:1	0	0	prefix_32_of_529:1	0xb	target_u32@+0,delta_u32@+4,u16_8@+0x8,b10@+0xa	next = table[354], ip += 0x211
long_branch_forward	210	0xa2da3	354	0xc2241	+0x28b	1	1	1	26@0x31aa27-0x31f2b7:1	26@0x31aa27-0x31f2b7:1	26@0x31aa27-0x31f2b7+0x1f3c:1	26@0x31aa27-0x31f2b7+0x21c7:1	0	0	prefix_32_of_651:1	0xb	target_u32@+0,delta_u32@+4,u16_8@+0x8,b10@+0xa	next = table[354], ip += 0x28b
long_branch_forward	210	0xa2da3	165	0x9a24c	+0x30	1	1	1	25@0x30e872-0x316692:1	25@0x30e872-0x316692:1	25@0x30e872-0x316692+0x648:1	25@0x30e872-0x316692+0x678:1	0	0	prefix_32_of_48:1	0xb	target_u32@+0,delta_u32@+4,u16_8@+0x8,b10@+0xa	next = table[165], ip += 0x30
long_branch_forward	210	0xa2da3	165	0x9a24c	+0x670	1	1	1	3@0xda38f-0xda607:1	4@0xdac57-0xdaf3f:1	3@0xda38f-0xda607+0x258:1	4@0xdac57-0xdaf3f+0x0:1	0	0	prefix_32_of_1648:1	0xb	target_u32@+0,delta_u32@+4,u16_8@+0x8,b10@+0xa	next = table[165], ip += 0x670
long_branch_forward	210	0xa2da3	171	0x9b4b3	+0x77	1	1	1	5@0x11ac5e-0x11f4da:1	5@0x11ac5e-0x11f4da:1	5@0x11ac5e-0x11f4da+0x4290:1	5@0x11ac5e-0x11f4da+0x4307:1	0	0	prefix_32_of_119:1	0xb	target_u32@+0,delta_u32@+4,u16_8@+0x8,b10@+0xa	next = table[171], ip += 0x77
long_branch_forward	246	0xab427	165	0x9a24c	+0x211	1	1	1	32@0x33f278-0x345572:1	32@0x33f278-0x345572:1	32@0x33f278-0x345572+0x979:1	32@0x33f278-0x345572+0xb8a:1	0	0	prefix_32_of_529:1	0xb	target_u32@+0,delta_u32@+4,u16_8@+0x8,b10@+0xa	next = table[165], ip += 0x211
long_branch_forward	246	0xab427	165	0x9a24c	+0x21a	1	1	1	33@0x3603af-0x3655ea:1	33@0x3603af-0x3655ea:1	33@0x3603af-0x3655ea+0x4e8f:1	33@0x3603af-0x3655ea+0x50a9:1	0	0	prefix_32_of_538:1	0xb	target_u32@+0,delta_u32@+4,u16_8@+0x8,b10@+0xa	next = table[165], ip += 0x21a
long_branch_forward	246	0xab427	354	0xc2241	+0x21a	1	1	1	26@0x31aa27-0x31f2b7:1	26@0x31aa27-0x31f2b7:1	26@0x31aa27-0x31f2b7+0x3e1b:1	26@0x31aa27-0x31f2b7+0x4035:1	0	0	prefix_32_of_538:1	0xb	target_u32@+0,delta_u32@+4,u16_8@+0x8,b10@+0xa	next = table[354], ip += 0x21a
long_branch_forward	246	0xab427	354	0xc2241	+0x23e	1	1	1	0@0xd0ac0-0xd144b:1	0@0xd0ac0-0xd144b:1	0@0xd0ac0-0xd144b+0x1b5:1	0@0xd0ac0-0xd144b+0x3f3:1	0	0	prefix_32_of_574:1	0xb	target_u32@+0,delta_u32@+4,u16_8@+0x8,b10@+0xa	next = table[354], ip += 0x23e
long_branch_forward	246	0xab427	165	0x9a24c	+0x288	1	1	1	36@0x36ecdc-0x371ff7:1	36@0x36ecdc-0x371ff7:1	36@0x36ecdc-0x371ff7+0x74b:1	36@0x36ecdc-0x371ff7+0x9d3:1	0	0	prefix_32_of_648:1	0xb	target_u32@+0,delta_u32@+4,u16_8@+0x8,b10@+0xa	next = table[165], ip += 0x288
long_branch_forward	246	0xab427	171	0x9b4b3	+0x288	1	1	1	32@0x33f278-0x345572:1	32@0x33f278-0x345572:1	32@0x33f278-0x345572+0x2d05:1	32@0x33f278-0x345572+0x2f8d:1	0	0	prefix_32_of_648:1	0xb	target_u32@+0,delta_u32@+4,u16_8@+0x8,b10@+0xa	next = table[171], ip += 0x288
long_branch_forward	246	0xab427	354	0xc2241	+0x57	1	1	1	9@0x176883-0x177ca2:1	9@0x176883-0x177ca2:1	9@0x176883-0x177ca2+0xa79:1	9@0x176883-0x177ca2+0xad0:1	0	0	prefix_32_of_87:1	0xb	target_u32@+0,delta_u32@+4,u16_8@+0x8,b10@+0xa	next = table[354], ip += 0x57
long_branch_forward	246	0xab427	171	0x9b4b3	+0x724	1	1	1	30@0x33b647-0x33d2df:1	30@0x33b647-0x33d2df:1	30@0x33b647-0x33d2df+0x84d:1	30@0x33b647-0x33d2df+0xf71:1	0	0	prefix_32_of_1828:1	0xb	target_u32@+0,delta_u32@+4,u16_8@+0x8,b10@+0xa	next = table[171], ip += 0x724
long_branch_forward	246	0xab427	354	0xc2241	+0x791	1	1	1	34@0x3674c3-0x36a0bc:1	34@0x3674c3-0x36a0bc:1	34@0x3674c3-0x36a0bc+0x1ed4:1	34@0x3674c3-0x36a0bc+0x2665:1	0	0	prefix_32_of_1937:1	0xb	target_u32@+0,delta_u32@+4,u16_8@+0x8,b10@+0xa	next = table[354], ip += 0x791
long_branch_forward	266	0xaf8af	354	0xc2241	+0x54	1	1	1	5@0x11ac5e-0x11f4da:1	5@0x11ac5e-0x11f4da:1	5@0x11ac5e-0x11f4da+0x12ab:1	5@0x11ac5e-0x11f4da+0x12ff:1	0	0	prefix_32_of_84:1	0x8	target_u32@+0,delta_u32@+4	next = table[354], ip += 0x54
long_branch_forward	266	0xaf8af	171	0x9b4b3	+0x66	1	1	1	5@0x11ac5e-0x11f4da:1	5@0x11ac5e-0x11f4da:1	5@0x11ac5e-0x11f4da+0x31db:1	5@0x11ac5e-0x11f4da+0x3241:1	0	0	prefix_32_of_102:1	0x8	target_u32@+0,delta_u32@+4	next = table[171], ip += 0x66
long_branch_forward	302	0xb7586	165	0x9a24c	+0x55	1	1	1	28@0x334a3d-0x337115:1	28@0x334a3d-0x337115:1	28@0x334a3d-0x337115+0x2336:1	28@0x334a3d-0x337115+0x238b:1	0	0	prefix_32_of_85:1	0x8	target_u32@+0,delta_u32@+4	next = table[165], ip += 0x55
long_branch_forward	302	0xb7586	171	0x9b4b3	+0x55	1	1	1	27@0x33170b-0x333bcf:1	27@0x33170b-0x333bcf:1	27@0x33170b-0x333bcf+0x2122:1	27@0x33170b-0x333bcf+0x2177:1	0	0	prefix_32_of_85:1	0x8	target_u32@+0,delta_u32@+4	next = table[171], ip += 0x55
long_branch_forward	308	0xb837c	171	0x9b4b3	+0x20	1	1	1	6@0x1209d2-0x122e42:1	6@0x1209d2-0x122e42:1	6@0x1209d2-0x122e42+0x20d8:1	6@0x1209d2-0x122e42+0x20f8:1	0	0	exact:1	0x8	target_u32@+0,delta_u32@+4	next = table[171], ip += 0x20
long_branch_forward	308	0xb837c	354	0xc2241	+0x22c1	1	1	1	9@0x176883-0x177ca2:1	10@0x179f43-0x17a426:1	9@0x176883-0x177ca2+0x13ff:1	10@0x179f43-0x17a426+0x0:1	0	0	prefix_32_of_8897:1	0x8	target_u32@+0,delta_u32@+4	next = table[354], ip += 0x22c1
long_branch_forward	308	0xb837c	171	0x9b4b3	+0x54	1	1	1	5@0x11ac5e-0x11f4da:1	5@0x11ac5e-0x11f4da:1	5@0x11ac5e-0x11f4da+0xf76:1	5@0x11ac5e-0x11f4da+0xfca:1	0	0	prefix_32_of_84:1	0x8	target_u32@+0,delta_u32@+4	next = table[171], ip += 0x54
long_branch_forward	308	0xb837c	354	0xc2241	+0x55	1	1	1	29@0x337e84-0x33a6d2:1	29@0x337e84-0x33a6d2:1	29@0x337e84-0x33a6d2+0x24ac:1	29@0x337e84-0x33a6d2+0x2501:1	0	0	prefix_32_of_85:1	0x8	target_u32@+0,delta_u32@+4	next = table[354], ip += 0x55
long_branch_forward	316	0xb987b	165	0x9a24c	+0x12c3	1	1	1	36@0x36ecdc-0x371ff7:1	36@0x36ecdc-0x371ff7:1	36@0x36ecdc-0x371ff7+0x1ac4:1	36@0x36ecdc-0x371ff7+0x2d87:1	0	0	prefix_32_of_4803:1	0xb	target_u32@+0,delta_u32@+4,u16_8@+0x8,b10@+0xa	next = table[165], ip += 0x12c3
long_branch_forward	316	0xb987b	165	0x9a24c	+0x211	1	1	1	33@0x3603af-0x3655ea:1	33@0x3603af-0x3655ea:1	33@0x3603af-0x3655ea+0x3cac:1	33@0x3603af-0x3655ea+0x3ebd:1	0	0	prefix_32_of_529:1	0xb	target_u32@+0,delta_u32@+4,u16_8@+0x8,b10@+0xa	next = table[165], ip += 0x211
long_branch_forward	316	0xb987b	171	0x9b4b3	+0x211	1	1	1	33@0x3603af-0x3655ea:1	33@0x3603af-0x3655ea:1	33@0x3603af-0x3655ea+0x256a:1	33@0x3603af-0x3655ea+0x277b:1	0	0	prefix_32_of_529:1	0xb	target_u32@+0,delta_u32@+4,u16_8@+0x8,b10@+0xa	next = table[171], ip += 0x211
long_branch_forward	316	0xb987b	171	0x9b4b3	+0x288	1	1	1	25@0x30e872-0x316692:1	25@0x30e872-0x316692:1	25@0x30e872-0x316692+0xb53:1	25@0x30e872-0x316692+0xddb:1	0	0	prefix_32_of_648:1	0xb	target_u32@+0,delta_u32@+4,u16_8@+0x8,b10@+0xa	next = table[171], ip += 0x288
long_branch_forward	316	0xb987b	354	0xc2241	+0x288	1	1	1	32@0x33f278-0x345572:1	32@0x33f278-0x345572:1	32@0x33f278-0x345572+0x1453:1	32@0x33f278-0x345572+0x16db:1	0	0	prefix_32_of_648:1	0xb	target_u32@+0,delta_u32@+4,u16_8@+0x8,b10@+0xa	next = table[354], ip += 0x288
long_branch_forward	316	0xb987b	165	0x9a24c	+0x30	1	1	1	26@0x31aa27-0x31f2b7:1	26@0x31aa27-0x31f2b7:1	26@0x31aa27-0x31f2b7+0x8f4:1	26@0x31aa27-0x31f2b7+0x924:1	0	0	prefix_32_of_48:1	0xb	target_u32@+0,delta_u32@+4,u16_8@+0x8,b10@+0xa	next = table[165], ip += 0x30
long_branch_forward	316	0xb987b	171	0x9b4b3	+0x30	1	1	1	35@0x36b124-0x36db0d:1	35@0x36b124-0x36db0d:1	35@0x36b124-0x36db0d+0x23a:1	35@0x36b124-0x36db0d+0x26a:1	0	0	prefix_32_of_48:1	0xb	target_u32@+0,delta_u32@+4,u16_8@+0x8,b10@+0xa	next = table[171], ip += 0x30
long_branch_forward	316	0xb987b	354	0xc2241	+0x30	1	1	1	32@0x33f278-0x345572:1	32@0x33f278-0x345572:1	32@0x33f278-0x345572+0x4c94:1	32@0x33f278-0x345572+0x4cc4:1	0	0	prefix_32_of_48:1	0xb	target_u32@+0,delta_u32@+4,u16_8@+0x8,b10@+0xa	next = table[354], ip += 0x30
long_branch_forward	316	0xb987b	354	0xc2241	+0x4c3	1	1	1	22@0x2bf97c-0x2bf9cc:1	23@0x2bfe6f-0x2c05b1:1	22@0x2bf97c-0x2bf9cc+0x30:1	23@0x2bfe6f-0x2c05b1+0x0:1	0	0	prefix_32_of_1219:1	0xb	target_u32@+0,delta_u32@+4,u16_8@+0x8,b10@+0xa	next = table[354], ip += 0x4c3
long_branch_forward	316	0xb987b	354	0xc2241	+0x58	1	1	1	26@0x31aa27-0x31f2b7:1	26@0x31aa27-0x31f2b7:1	26@0x31aa27-0x31f2b7+0x4065:1	26@0x31aa27-0x31f2b7+0x40bd:1	0	0	prefix_32_of_88:1	0xb	target_u32@+0,delta_u32@+4,u16_8@+0x8,b10@+0xa	next = table[354], ip += 0x58
long_branch_forward	334	0xbdd18	354	0xc2241	+0x1518	1	1	1	5@0x11ac5e-0x11f4da:1	6@0x1209d2-0x122e42:1	5@0x11ac5e-0x11f4da+0x485c:1	6@0x1209d2-0x122e42+0x0:1	0	0	prefix_32_of_5400:1	0xb	target_u32@+0,delta_u32@+4,u16_8@+0x8,b10@+0xa	next = table[354], ip += 0x1518
long_branch_forward	334	0xbdd18	171	0x9b4b3	+0x1fa	1	1	1	26@0x31aa27-0x31f2b7:1	26@0x31aa27-0x31f2b7:1	26@0x31aa27-0x31f2b7+0x336e:1	26@0x31aa27-0x31f2b7+0x3568:1	0	0	prefix_32_of_506:1	0xb	target_u32@+0,delta_u32@+4,u16_8@+0x8,b10@+0xa	next = table[171], ip += 0x1fa
long_branch_forward	334	0xbdd18	354	0xc2241	+0x20d	1	1	1	1@0xd3fac-0xd5ec2:1	1@0xd3fac-0xd5ec2:1	1@0xd3fac-0xd5ec2+0x5b5:1	1@0xd3fac-0xd5ec2+0x7c2:1	0	0	prefix_32_of_525:1	0xb	target_u32@+0,delta_u32@+4,u16_8@+0x8,b10@+0xa	next = table[354], ip += 0x20d
long_branch_forward	334	0xbdd18	165	0x9a24c	+0x238	1	1	1	6@0x1209d2-0x122e42:1	6@0x1209d2-0x122e42:1	6@0x1209d2-0x122e42+0x4cc:1	6@0x1209d2-0x122e42+0x704:1	0	0	prefix_32_of_568:1	0xb	target_u32@+0,delta_u32@+4,u16_8@+0x8,b10@+0xa	next = table[165], ip += 0x238
long_branch_forward	334	0xbdd18	165	0x9a24c	+0x288	1	1	1	32@0x33f278-0x345572:1	32@0x33f278-0x345572:1	32@0x33f278-0x345572+0x21b4:1	32@0x33f278-0x345572+0x243c:1	0	0	prefix_32_of_648:1	0xb	target_u32@+0,delta_u32@+4,u16_8@+0x8,b10@+0xa	next = table[165], ip += 0x288
long_branch_forward	334	0xbdd18	354	0xc2241	+0x288	1	1	1	27@0x33170b-0x333bcf:1	27@0x33170b-0x333bcf:1	27@0x33170b-0x333bcf+0x772:1	27@0x33170b-0x333bcf+0x9fa:1	0	0	prefix_32_of_648:1	0xb	target_u32@+0,delta_u32@+4,u16_8@+0x8,b10@+0xa	next = table[354], ip += 0x288
long_branch_forward	334	0xbdd18	354	0xc2241	+0x28b	1	1	1	33@0x3603af-0x3655ea:1	33@0x3603af-0x3655ea:1	33@0x3603af-0x3655ea+0x2937:1	33@0x3603af-0x3655ea+0x2bc2:1	0	0	prefix_32_of_651:1	0xb	target_u32@+0,delta_u32@+4,u16_8@+0x8,b10@+0xa	next = table[354], ip += 0x28b
long_branch_forward	334	0xbdd18	165	0x9a24c	+0x2f	1	1	1	33@0x3603af-0x3655ea:1	33@0x3603af-0x3655ea:1	33@0x3603af-0x3655ea+0x4db2:1	33@0x3603af-0x3655ea+0x4de1:1	0	0	prefix_32_of_47:1	0xb	target_u32@+0,delta_u32@+4,u16_8@+0x8,b10@+0xa	next = table[165], ip += 0x2f
long_branch_forward	334	0xbdd18	171	0x9b4b3	+0x2f	1	1	1	6@0x1209d2-0x122e42:1	6@0x1209d2-0x122e42:1	6@0x1209d2-0x122e42+0x1089:1	6@0x1209d2-0x122e42+0x10b8:1	0	0	prefix_32_of_47:1	0xb	target_u32@+0,delta_u32@+4,u16_8@+0x8,b10@+0xa	next = table[171], ip += 0x2f
long_branch_forward	334	0xbdd18	171	0x9b4b3	+0x30	1	1	1	32@0x33f278-0x345572:1	32@0x33f278-0x345572:1	32@0x33f278-0x345572+0x468:1	32@0x33f278-0x345572+0x498:1	0	0	prefix_32_of_48:1	0xb	target_u32@+0,delta_u32@+4,u16_8@+0x8,b10@+0xa	next = table[171], ip += 0x30
long_branch_forward	334	0xbdd18	354	0xc2241	+0x30	1	1	1	34@0x3674c3-0x36a0bc:1	34@0x3674c3-0x36a0bc:1	34@0x3674c3-0x36a0bc+0x23a:1	34@0x3674c3-0x36a0bc+0x26a:1	0	0	prefix_32_of_48:1	0xb	target_u32@+0,delta_u32@+4,u16_8@+0x8,b10@+0xa	next = table[354], ip += 0x30
long_branch_forward	334	0xbdd18	171	0x9b4b3	+0x380	1	1	1	6@0x1209d2-0x122e42:1	6@0x1209d2-0x122e42:1	6@0x1209d2-0x122e42+0x1cf4:1	6@0x1209d2-0x122e42+0x2074:1	0	0	prefix_32_of_896:1	0xb	target_u32@+0,delta_u32@+4,u16_8@+0x8,b10@+0xa	next = table[171], ip += 0x380
long_branch_forward	334	0xbdd18	165	0x9a24c	+0x48d	1	1	1	21@0x2bec2e-0x2bf50f:1	22@0x2bf97c-0x2bf9cc:1	21@0x2bec2e-0x2bf50f+0x8c1:1	22@0x2bf97c-0x2bf9cc+0x0:1	0	0	prefix_32_of_1165:1	0xb	target_u32@+0,delta_u32@+4,u16_8@+0x8,b10@+0xa	next = table[165], ip += 0x48d
long_branch_forward	334	0xbdd18	354	0xc2241	+0x58	1	1	1	33@0x3603af-0x3655ea:1	33@0x3603af-0x3655ea:1	33@0x3603af-0x3655ea+0x50d9:1	33@0x3603af-0x3655ea+0x5131:1	0	0	prefix_32_of_88:1	0xb	target_u32@+0,delta_u32@+4,u16_8@+0x8,b10@+0xa	next = table[354], ip += 0x58
long_branch_forward	334	0xbdd18	354	0xc2241	+0x77	1	1	1	6@0x1209d2-0x122e42:1	6@0x1209d2-0x122e42:1	6@0x1209d2-0x122e42+0x162b:1	6@0x1209d2-0x122e42+0x16a2:1	0	0	prefix_32_of_119:1	0xb	target_u32@+0,delta_u32@+4,u16_8@+0x8,b10@+0xa	next = table[354], ip += 0x77
long_branch_forward	334	0xbdd18	354	0xc2241	+0x791	1	1	1	35@0x36b124-0x36db0d:1	35@0x36b124-0x36db0d:1	35@0x36b124-0x36db0d+0x1cc4:1	35@0x36b124-0x36db0d+0x2455:1	0	0	prefix_32_of_1937:1	0xb	target_u32@+0,delta_u32@+4,u16_8@+0x8,b10@+0xa	next = table[354], ip += 0x791
long_branch_forward	334	0xbdd18	171	0x9b4b3	+0xbc5	1	1	1	23@0x2bfe6f-0x2c05b1:1	24@0x2c1156-0x2c13ed:1	23@0x2bfe6f-0x2c05b1+0x722:1	24@0x2c1156-0x2c13ed+0x0:1	0	0	prefix_32_of_3013:1	0xb	target_u32@+0,delta_u32@+4,u16_8@+0x8,b10@+0xa	next = table[171], ip += 0xbc5
sampled_operand_backedge	195	0x9fb50	86	0x8a37f	-0x2306	1	1	1	19@0x26db07-0x26f097:1	18@0x26cd71-0x26cf3b:1	19@0x26db07-0x26f097+0x1570:1	18@0x26cd71-0x26cf3b+0x0:1	0	0	backedge_sample:1	0x6	u16_0@+0x0,u32_0@+0x0,u16_2@+0x2,u16_4@+0x4	sampled operand footprint 0x6; observed target table[86], delta -0x2306
sampled_operand_backedge	195	0x9fb50	310	0xb8556	-0x542a	1	1	1	34@0x3674c3-0x36a0bc:1	33@0x3603af-0x3655ea:1	34@0x3674c3-0x36a0bc+0x2bd9:1	33@0x3603af-0x3655ea+0x48c3:1	0	0	backedge_sample:1	0x6	u16_0@+0x0,u32_0@+0x0,u16_2@+0x2,u16_4@+0x4	sampled operand footprint 0x6; observed target table[310], delta -0x542a
sampled_operand_backedge	195	0x9fb50	310	0xb8556	-0x8c8e	1	1	1	35@0x36b124-0x36db0d:1	33@0x3603af-0x3655ea:1	35@0x36b124-0x36db0d+0x29c9:1	33@0x3603af-0x3655ea+0x4ab0:1	0	0	backedge_sample:1	0x6	u16_0@+0x0,u32_0@+0x0,u16_2@+0x2,u16_4@+0x4	sampled operand footprint 0x6; observed target table[310], delta -0x8c8e
sampled_operand_backedge	299	0xb6bba	169	0x9af18	-0x7fe6	1	1	1	31@0x33db28-0x33ea02:1	28@0x334a3d-0x337115:1	31@0x33db28-0x33ea02+0xeba:1	28@0x334a3d-0x337115+0x1fbf:1	0	0	backedge_sample:1	0x6	u16_0@+0x0,u32_0@+0x0,u16_2@+0x2,u16_4@+0x4	sampled operand footprint 0x6; observed target table[169], delta -0x7fe6
sampled_operand_backedge	299	0xb6bba	310	0xb8556	-0xcf8b	1	1	1	36@0x36ecdc-0x371ff7:1	33@0x3603af-0x3655ea:1	36@0x36ecdc-0x371ff7+0x32fb:1	33@0x3603af-0x3655ea+0x4c9d:1	0	0	backedge_sample:1	0x6	u16_0@+0x0,u32_0@+0x0,u16_2@+0x2,u16_4@+0x4	sampled operand footprint 0x6; observed target table[310], delta -0xcf8b
sampled_operand_backedge	311	0xb86f8	42	0x815ea	-0x34ced	1	1	1	32@0x33f278-0x345572:1	25@0x30e872-0x316692:1	32@0x33f278-0x345572+0x42e7:1	25@0x30e872-0x316692+0x0:1	0	0	backedge_sample:1	0xa	b0@+0x0,u32_0@+0x0,u16_1@+0x1,u16_3@+0x3,u16_4@+0x4,u32_6@+0x6	sampled operand footprint 0xa; observed target table[42], delta -0x34ced
sampled_operand_forward	95	0x8c41c	42	0x815ea	+0x1d02e	1	1	1	26@0x31aa27-0x31f2b7:1	30@0x33b647-0x33d2df:1	26@0x31aa27-0x31f2b7+0x3bf2:1	30@0x33b647-0x33d2df+0x0:1	0	0	prefix_32_of_118830:1	0xa	u16_0@+0x0,u32_0@+0x0,u16_2@+0x2,u16_4@+0x4,u16_6@+0x6,u32_6@+0x6	sampled operand footprint 0xa; observed target table[42], delta +0x1d02e
sampled_operand_forward	175	0x9c08f	310	0xb8556	+0x2cef7	1	1	1	25@0x30e872-0x316692:1	32@0x33f278-0x345572:1	25@0x30e872-0x316692+0x7e00:1	32@0x33f278-0x345572+0x42f1:1	0	0	prefix_32_of_184055:1	0x6	u16_0@+0x0,u32_0@+0x0,u16_2@+0x2,u16_4@+0x4	sampled operand footprint 0x6; observed target table[310], delta +0x2cef7
sampled_operand_forward	278	0xb2342	323	0xbb6e6	+0x221770	1	1	1	5@0x11ac5e-0x11f4da:1	32@0x33f278-0x345572:1	5@0x11ac5e-0x11f4da+0x2eaa:1	32@0x33f278-0x345572+0x0:1	0	0	prefix_32_of_2234224:1	0xa	u16_0@+0x0,u32_0@+0x0,u16_2@+0x2,b4@+0x4,u16_4@+0x4,u32_6@+0x6	sampled operand footprint 0xa; observed target table[323], delta +0x221770
sampled_operand_forward	278	0xb2342	86	0x8a37f	+0x2426ba	1	1	1	5@0x11ac5e-0x11f4da:1	33@0x3603af-0x3655ea:1	5@0x11ac5e-0x11f4da+0x3097:1	33@0x3603af-0x3655ea+0x0:1	0	0	prefix_32_of_2369210:1	0xa	u16_0@+0x0,u32_0@+0x0,u16_2@+0x2,b4@+0x4,u16_4@+0x4,u32_6@+0x6	sampled operand footprint 0xa; observed target table[86], delta +0x2426ba
sampled_operand_forward	311	0xb86f8	42	0x815ea	+0x169eb	1	1	1	26@0x31aa27-0x31f2b7:1	28@0x334a3d-0x337115:1	26@0x31aa27-0x31f2b7+0x362b:1	28@0x334a3d-0x337115+0x0:1	0	0	prefix_32_of_92651:1	0xa	b0@+0x0,u32_0@+0x0,u16_1@+0x1,u16_3@+0x3,u16_4@+0x4,u32_6@+0x6	sampled operand footprint 0xa; observed target table[42], delta +0x169eb
