rank	kind	key	priority	events	unique_start_ips	unique_end_ips	sources	targets	deltas	statuses	sites	nearest_recovered	sample_starts	sample_ends	detail
1	decoded_long_branch_source	316	6705	447	0	0	316:447	165@0x9a24c:258,354@0xc2241:95,171@0x9b4b3:94	-0x3c4:255,+0x2d:182,+0x30:3,+0x288:2,+0x211:2	decoded_long_branch:447	tail@0xba0cc:447				source_target=0xb987b;unique_vm_ips=13;top_targets=165@0x9a24c:258,354@0xc2241:95,171@0x9b4b3:94;top_deltas=-0x3c4:255,+0x2d:182,+0x30:3,+0x288:2,+0x211:2;long_branch_events=447;long_branch_variants=13;long_branch_operand_lens=0xb:447;long_branch_operand_shapes=447=target_u32@+0,delta_u32@+4,u16_8@+0x8,b10@+0xa;long_branch_top_ir=255=next = table[165], ip -= 0x3c4,91=next = table[171], ip += 0x2d,91=next = table[354], ip += 0x2d,1=next = table[165], ip += 0x12c3,1=next = table[165], ip += 0x211
2	decoded_long_branch_source	75	4140	276	0	0	75:276	171@0x9b4b3:256,165@0x9a24c:16,354@0xc2241:4	-0x6d:255,+0x60:9,+0x30:2,+0x288:2,+0x28b:2	decoded_long_branch:276	tail@0x87c25:276				source_target=0x873fc;unique_vm_ips=14;top_targets=171@0x9b4b3:256,165@0x9a24c:16,354@0xc2241:4;top_deltas=-0x6d:255,+0x60:9,+0x30:2,+0x288:2,+0x28b:2;long_branch_events=276;long_branch_variants=12;long_branch_operand_lens=0xb:276;long_branch_operand_shapes=276=target_u32@+0,delta_u32@+4,u16_8@+0x8,b10@+0xa;long_branch_top_ir=255=next = table[171], ip -= 0x6d,9=next = table[165], ip += 0x60,2=next = table[165], ip += 0x288,2=next = table[165], ip += 0x30,1=next = table[165], ip += 0x1d9
3	decoded_long_branch_source	266	3000	200	0	0	266:200	354@0xc2241:135,171@0x9b4b3:57,165@0x9a24c:8	-0x2e8:125,-0x40:52,-0x55d:7,-0x78e:4,-0x2ce:4	decoded_long_branch:200	tail@0xafa1d:200				source_target=0xaf8af;unique_vm_ips=16;top_targets=354@0xc2241:135,171@0x9b4b3:57,165@0x9a24c:8;top_deltas=-0x2e8:125,-0x40:52,-0x55d:7,-0x78e:4,-0x2ce:4;long_branch_events=200;long_branch_variants=13;long_branch_operand_lens=0x8:200;long_branch_operand_shapes=200=target_u32@+0,delta_u32@+4;long_branch_top_ir=125=next = table[354], ip -= 0x2e8,52=next = table[171], ip -= 0x40,4=next = table[165], ip -= 0x55d,4=next = table[354], ip -= 0x78e,3=next = table[171], ip -= 0x55d
4	decoded_long_branch_source	145	2130	142	0	0	145:142	354@0xc2241:132,165@0x9a24c:6,171@0x9b4b3:4	+0x139:125,+0xbec:4,+0x30:3,+0x60:3,+0x28b:2	decoded_long_branch:142	tail@0x9634f:142				source_target=0x95b5c;unique_vm_ips=13;top_targets=354@0xc2241:132,165@0x9a24c:6,171@0x9b4b3:4;top_deltas=+0x139:125,+0xbec:4,+0x30:3,+0x60:3,+0x28b:2;long_branch_events=142;long_branch_variants=11;long_branch_operand_lens=0xb:142;long_branch_operand_shapes=142=target_u32@+0,delta_u32@+4,u16_8@+0x8,b10@+0xa;long_branch_top_ir=125=next = table[354], ip += 0x139,4=next = table[165], ip += 0xbec,3=next = table[354], ip += 0x60,2=next = table[171], ip += 0x77,2=next = table[354], ip += 0x30
5	decoded_long_branch_source	117	1830	122	0	0	117:122	354@0xc2241:71,165@0x9a24c:48,171@0x9b4b3:3	-0x40:83,-0xbc1:9,-0x584:6,-0xbc0:6,-0x2ce:5	decoded_long_branch:122	tail@0x90c21:122				source_target=0x90acd;unique_vm_ips=18;top_targets=354@0xc2241:71,165@0x9a24c:48,171@0x9b4b3:3;top_deltas=-0x40:83,-0xbc1:9,-0x584:6,-0xbc0:6,-0x2ce:5;long_branch_events=122;long_branch_variants=14;long_branch_operand_lens=0x8:122;long_branch_operand_shapes=122=target_u32@+0,delta_u32@+4;long_branch_top_ir=56=next = table[354], ip -= 0x40,27=next = table[165], ip -= 0x40,9=next = table[165], ip -= 0xbc1,6=next = table[354], ip -= 0x584,5=next = table[165], ip -= 0x55d
6	decoded_long_branch_source	302	1635	109	0	0	302:109	171@0x9b4b3:70,165@0x9a24c:35,354@0xc2241:4	-0x40:61,+0x22:25,-0x55d:9,-0x2ce:8,-0x24c:4	decoded_long_branch:109	tail@0xb7699:109				source_target=0xb7586;unique_vm_ips=10;top_targets=171@0x9b4b3:70,165@0x9a24c:35,354@0xc2241:4;top_deltas=-0x40:61,+0x22:25,-0x55d:9,-0x2ce:8,-0x24c:4;long_branch_events=109;long_branch_variants=9;long_branch_operand_lens=0x8:109;long_branch_operand_shapes=109=target_u32@+0,delta_u32@+4;long_branch_top_ir=39=next = table[171], ip -= 0x40,25=next = table[171], ip += 0x22,22=next = table[165], ip -= 0x40,9=next = table[165], ip -= 0x55d,5=next = table[171], ip -= 0x2ce
7	decoded_long_branch_sample	316->165:-0x3c4	1275	255	1	1	316:255	165:255	-0x3c4:255	backedge_sample:255	tail@0xba0cc:255	inside=42@0x22fe2d-0x2304b8+0x1bd	0x2303ae	0x22ffea	negative VM IP delta, exact consumed bytes unavailable from forward lookahead; long_branch_events=255;operand_min_len=0xb;operand_shape=target_u32@+0,delta_u32@+4,u16_8@+0x8,b10@+0xa;ir=next = table[165], ip -= 0x3c4
8	decoded_long_branch_sample	75->171:-0x6d	1275	255	1	1	75:255	171:255	-0x6d:255	backedge_sample:255	tail@0x87c25:255	inside=42@0x22fe2d-0x2304b8+0x117	0x22ffb1	0x22ff44	negative VM IP delta, exact consumed bytes unavailable from forward lookahead; long_branch_events=255;operand_min_len=0xb;operand_shape=target_u32@+0,delta_u32@+4,u16_8@+0x8,b10@+0xa;ir=next = table[171], ip -= 0x6d
9	decoded_long_branch_source	334	630	42	0	0	334:42	354@0xc2241:33,171@0x9b4b3:5,165@0x9a24c:4	+0x2a5:25,+0x288:2,+0x30:2,+0x2f:2,+0x20d:1	decoded_long_branch:42	tail@0xbe55b:42				source_target=0xbdd18;unique_vm_ips=18;top_targets=354@0xc2241:33,171@0x9b4b3:5,165@0x9a24c:4;top_deltas=+0x2a5:25,+0x288:2,+0x30:2,+0x2f:2,+0x20d:1;long_branch_events=42;long_branch_variants=18;long_branch_operand_lens=0xb:42;long_branch_operand_shapes=42=target_u32@+0,delta_u32@+4,u16_8@+0x8,b10@+0xa;long_branch_top_ir=25=next = table[354], ip += 0x2a5,1=next = table[165], ip += 0x238,1=next = table[165], ip += 0x288,1=next = table[165], ip += 0x2f,1=next = table[165], ip += 0x48d
10	decoded_long_branch_sample	266->354:-0x2e8	625	125	1	1	266:125	354:125	-0x2e8:125	backedge_sample:125	tail@0xafa1d:125	inside=82@0x36ecdc-0x371ff7+0x2750	0x371714	0x37142c	negative VM IP delta, exact consumed bytes unavailable from forward lookahead; long_branch_events=125;operand_min_len=0x8;operand_shape=target_u32@+0,delta_u32@+4;ir=next = table[354], ip -= 0x2e8
11	decoded_long_branch_source	246	585	39	0	0	246:39	165@0x9a24c:31,354@0xc2241:6,171@0x9b4b3:2	+0x78:25,+0x792:3,+0x21a:2,+0x288:2,+0x28b:2	decoded_long_branch:39	tail@0xabc56:39				source_target=0xab427;unique_vm_ips=13;top_targets=165@0x9a24c:31,354@0xc2241:6,171@0x9b4b3:2;top_deltas=+0x78:25,+0x792:3,+0x21a:2,+0x288:2,+0x28b:2;long_branch_events=39;long_branch_variants=12;long_branch_operand_lens=0xb:39;long_branch_operand_shapes=39=target_u32@+0,delta_u32@+4,u16_8@+0x8,b10@+0xa;long_branch_top_ir=25=next = table[165], ip += 0x78,3=next = table[165], ip += 0x792,2=next = table[354], ip += 0x28b,1=next = table[165], ip += 0x211,1=next = table[165], ip += 0x21a
12	decoded_long_branch_sample	308->171:-0x51a4	455	91	1	1	308:91	171:91	-0x51a4:91	backedge_sample:91	tail@0xb84a4:91	inside=63@0x30e872-0x316692+0x22aa	0x315cc0	0x310b1c	negative VM IP delta, exact consumed bytes unavailable from forward lookahead; long_branch_events=91;operand_min_len=0x8;operand_shape=target_u32@+0,delta_u32@+4;ir=next = table[171], ip -= 0x51a4
13	decoded_long_branch_sample	308->171:-0x9de	320	64	1	1	308:64	171:64	-0x9de:64	backedge_sample:64	tail@0xb84a4:64	inside=43@0x230722-0x231237+0x117	0x231217	0x230839	negative VM IP delta, exact consumed bytes unavailable from forward lookahead; long_branch_events=64;operand_min_len=0x8;operand_shape=target_u32@+0,delta_u32@+4;ir=next = table[171], ip -= 0x9de
14	decoded_long_branch_sample	117->354:-0x40	280	56	3	3	117:56	354:56	-0x40:56	backedge_sample:56	tail@0x90c21:56	inside=75@0x33f278-0x34556c+0x450	0x33f708,0x343f34,0x36b386	0x33f6c8,0x343ef4,0x36b346	negative VM IP delta, exact consumed bytes unavailable from forward lookahead; long_branch_events=56;operand_min_len=0x8;operand_shape=target_u32@+0,delta_u32@+4;ir=next = table[354], ip -= 0x40
15	decoded_long_branch_sample	266->171:-0x40	260	52	4	4	266:52	171:52	-0x40:52	backedge_sample:52	tail@0xafa1d:52	inside=64@0x31aa27-0x31e23f+0x15c6	0x31c02d,0x340f43,0x341a6d,0x3427f5	0x31bfed,0x340f03,0x341a2d,0x3427b5	negative VM IP delta, exact consumed bytes unavailable from forward lookahead; long_branch_events=52;operand_min_len=0x8;operand_shape=target_u32@+0,delta_u32@+4;ir=next = table[171], ip -= 0x40
16	decoded_long_branch_source	210	225	15	0	0	210:15	354@0xc2241:7,171@0x9b4b3:6,165@0x9a24c:2	+0x30:4,+0x28b:3,+0x60:3,+0x288:2,+0x670:1	decoded_long_branch:15	tail@0xa35dd:15				source_target=0xa2da3;unique_vm_ips=13;top_targets=354@0xc2241:7,171@0x9b4b3:6,165@0x9a24c:2;top_deltas=+0x30:4,+0x28b:3,+0x60:3,+0x288:2,+0x670:1;long_branch_events=15;long_branch_variants=9;long_branch_operand_lens=0xb:15;long_branch_operand_shapes=15=target_u32@+0,delta_u32@+4,u16_8@+0x8,b10@+0xa;long_branch_top_ir=3=next = table[171], ip += 0x30,3=next = table[354], ip += 0x60,2=next = table[171], ip += 0x28b,2=next = table[354], ip += 0x288,1=next = table[165], ip += 0x30
17	uncovered_exact_destination	0x24bd2a	200	2	1	1	20:2	299:2	+0x4:2	exact:2	tail@0x7ca96:2	prev=46@0x249468-0x24bd2a+0x0;next=47@0x26cd71-0x26cf3b-0x21047	0x24bd26	0x24bd2a	exact positive instruction exits recovered bytecode coverage
18	decoded_long_branch_sample	302->171:-0x40	195	39	1	1	302:39	171:39	-0x40:39	backedge_sample:39	tail@0xb7699:39	inside=80@0x3674c3-0x36a0bc+0x222	0x367725	0x3676e5	negative VM IP delta, exact consumed bytes unavailable from forward lookahead; long_branch_events=39;operand_min_len=0x8;operand_shape=target_u32@+0,delta_u32@+4;ir=next = table[171], ip -= 0x40
19	decoded_long_branch_sample	117->165:-0x40	135	27	2	2	117:27	165:27	-0x40:27	backedge_sample:27	tail@0x90c21:27	inside=69@0x334a3d-0x3369f2+0x226	0x30eee2,0x334ca3	0x30eea2,0x334c63	negative VM IP delta, exact consumed bytes unavailable from forward lookahead; long_branch_events=27;operand_min_len=0x8;operand_shape=target_u32@+0,delta_u32@+4;ir=next = table[165], ip -= 0x40
20	decoded_long_branch_sample	308->171:-0x17ed	125	25	1	1	308:25	171:25	-0x17ed:25	backedge_sample:25	tail@0xb84a4:25	inside=82@0x36ecdc-0x371ff7+0x157a	0x371a43	0x370256	negative VM IP delta, exact consumed bytes unavailable from forward lookahead; long_branch_events=25;operand_min_len=0x8;operand_shape=target_u32@+0,delta_u32@+4;ir=next = table[171], ip -= 0x17ed
21	decoded_long_branch_sample	308->171:-0x40	120	24	2	2	308:24	171:24	-0x40:24	backedge_sample:24	tail@0xb84a4:24	inside=64@0x31aa27-0x31e23f+0x8dc	0x31b343,0x33196d	0x31b303,0x33192d	negative VM IP delta, exact consumed bytes unavailable from forward lookahead; long_branch_events=24;operand_min_len=0x8;operand_shape=target_u32@+0,delta_u32@+4;ir=next = table[171], ip -= 0x40
22	decoded_long_branch_sample	302->165:-0x40	110	22	1	1	302:22	165:22	-0x40:22	backedge_sample:22	tail@0xb7699:22	inside=82@0x36ecdc-0x371ff7+0x222	0x36ef3e	0x36eefe	negative VM IP delta, exact consumed bytes unavailable from forward lookahead; long_branch_events=22;operand_min_len=0x8;operand_shape=target_u32@+0,delta_u32@+4;ir=next = table[165], ip -= 0x40
23	uncovered_exact_destination	0x11d6a2	100	1	1	1	176:1	95:1	+0x4:1	exact:1	tail@0x9c3f4:1	prev=8@0x11ac5e-0x11d6a2+0x0;next=9@0x11d6b0-0x11d91b-0xe	0x11d69e	0x11d6a2	exact positive instruction exits recovered bytecode coverage
24	uncovered_exact_destination	0x11d91b	100	1	1	1	123:1	264:1	+0x4:1	exact:1	tail@0x91e7f:1	prev=9@0x11d6b0-0x11d91b+0x0;next=10@0x11d929-0x11f4da-0xe	0x11d917	0x11d91b	exact positive instruction exits recovered bytecode coverage
25	uncovered_exact_destination	0x120af4	100	1	1	1	174:1	264:1	+0x4:1	exact:1	tail@0x9c08c:1	prev=11@0x1209d2-0x120af4+0x0;next=12@0x120b02-0x121924-0xe	0x120af0	0x120af4	exact positive instruction exits recovered bytecode coverage
26	uncovered_exact_destination	0x121924	100	1	1	1	123:1	278:1	+0x4:1	exact:1	tail@0x91e7f:1	prev=12@0x120b02-0x121924+0x0;next=13@0x121932-0x121c83-0xe	0x121920	0x121924	exact positive instruction exits recovered bytecode coverage
27	uncovered_exact_destination	0x121c83	100	1	1	1	184:1	95:1	+0x4:1	exact:1	tail@0x9d961:1	prev=13@0x121932-0x121c83+0x0;next=14@0x121c91-0x121ec6-0xe	0x121c7f	0x121c83	exact positive instruction exits recovered bytecode coverage
28	uncovered_exact_destination	0x121ec6	100	1	1	1	176:1	278:1	+0x4:1	exact:1	tail@0x9c3f4:1	prev=14@0x121c91-0x121ec6+0x0;next=15@0x121ed4-0x122196-0xe	0x121ec2	0x121ec6	exact positive instruction exits recovered bytecode coverage
29	uncovered_exact_destination	0x122196	100	1	1	1	174:1	356:1	+0x4:1	exact:1	tail@0x9c08c:1	prev=15@0x121ed4-0x122196+0x0;next=16@0x1221a4-0x122466-0xe	0x122192	0x122196	exact positive instruction exits recovered bytecode coverage
30	uncovered_exact_destination	0x122466	100	1	1	1	20:1	264:1	+0x4:1	exact:1	tail@0x7ca96:1	prev=16@0x1221a4-0x122466+0x0;next=17@0x122474-0x122c7b-0xe	0x122462	0x122466	exact positive instruction exits recovered bytecode coverage
31	uncovered_exact_destination	0x122c7b	100	1	1	1	184:1	278:1	+0x4:1	exact:1	tail@0x9d961:1	prev=17@0x122474-0x122c7b+0x0;next=18@0x122c89-0x122e3c-0xe	0x122c77	0x122c7b	exact positive instruction exits recovered bytecode coverage
32	uncovered_exact_destination	0x122e3c	100	1	1	1	174:1	299:1	+0x4:1	exact:1	tail@0x9c08c:1	prev=18@0x122c89-0x122e3c+0x0;next=19@0x128952-0x128b72-0x5b16	0x122e38	0x122e3c	exact positive instruction exits recovered bytecode coverage
33	uncovered_exact_destination	0x128b72	100	1	1	1	123:1	278:1	+0x4:1	exact:1	tail@0x91e7f:1	prev=19@0x128952-0x128b72+0x0;next=20@0x128b80-0x128de7-0xe	0x128b6e	0x128b72	exact positive instruction exits recovered bytecode coverage
34	uncovered_exact_destination	0x128de7	100	1	1	1	161:1	95:1	+0x4:1	exact:1	tail@0x99b3a:1	prev=20@0x128b80-0x128de7+0x0;next=21@0x128df5-0x12906f-0xe	0x128de3	0x128de7	exact positive instruction exits recovered bytecode coverage
35	uncovered_exact_destination	0x12906f	100	1	1	1	174:1	278:1	+0x4:1	exact:1	tail@0x9c08c:1	prev=21@0x128df5-0x12906f+0x0;next=22@0x1705a9-0x172877-0x4753a	0x12906b	0x12906f	exact positive instruction exits recovered bytecode coverage
36	uncovered_exact_destination	0x172877	100	1	1	1	174:1	311:1	+0x4:1	exact:1	tail@0x9c08c:1	prev=22@0x1705a9-0x172877+0x0;next=23@0x172885-0x172aa1-0xe	0x172873	0x172877	exact positive instruction exits recovered bytecode coverage
37	uncovered_exact_destination	0x172aa1	100	1	1	1	174:1	356:1	+0x4:1	exact:1	tail@0x9c08c:1	prev=23@0x172885-0x172aa1+0x0;next=24@0x172aaf-0x172d58-0xe	0x172a9d	0x172aa1	exact positive instruction exits recovered bytecode coverage
38	uncovered_exact_destination	0x172d58	100	1	1	1	161:1	356:1	+0x4:1	exact:1	tail@0x99b3a:1	prev=24@0x172aaf-0x172d58+0x0;next=25@0x172d66-0x173043-0xe	0x172d54	0x172d58	exact positive instruction exits recovered bytecode coverage
39	uncovered_exact_destination	0x173043	100	1	1	1	158:1	95:1	+0x4:1	exact:1	tail@0x992ca:1	prev=25@0x172d66-0x173043+0x0;next=26@0x173051-0x1732b3-0xe	0x17303f	0x173043	exact positive instruction exits recovered bytecode coverage
40	uncovered_exact_destination	0x1732b3	100	1	1	1	174:1	216:1	+0x4:1	exact:1	tail@0x9c08c:1	prev=26@0x173051-0x1732b3+0x0;next=27@0x1732c1-0x1734dd-0xe	0x1732af	0x1732b3	exact positive instruction exits recovered bytecode coverage
41	uncovered_exact_destination	0x1734dd	100	1	1	1	174:1	311:1	+0x4:1	exact:1	tail@0x9c08c:1	prev=27@0x1732c1-0x1734dd+0x0;next=28@0x1734eb-0x173707-0xe	0x1734d9	0x1734dd	exact positive instruction exits recovered bytecode coverage
42	uncovered_exact_destination	0x173707	100	1	1	1	20:1	278:1	+0x4:1	exact:1	tail@0x7ca96:1	prev=28@0x1734eb-0x173707+0x0;next=29@0x173715-0x1739be-0xe	0x173703	0x173707	exact positive instruction exits recovered bytecode coverage
43	uncovered_exact_destination	0x1739be	100	1	1	1	161:1	95:1	+0x4:1	exact:1	tail@0x99b3a:1	prev=29@0x173715-0x1739be+0x0;next=30@0x1739cc-0x173ca9-0xe	0x1739ba	0x1739be	exact positive instruction exits recovered bytecode coverage
44	uncovered_exact_destination	0x173ca9	100	1	1	1	20:1	311:1	+0x4:1	exact:1	tail@0x7ca96:1	prev=30@0x1739cc-0x173ca9+0x0;next=31@0x173cb7-0x173f19-0xe	0x173ca5	0x173ca9	exact positive instruction exits recovered bytecode coverage
45	uncovered_exact_destination	0x173f19	100	1	1	1	20:1	216:1	+0x4:1	exact:1	tail@0x7ca96:1	prev=31@0x173cb7-0x173f19+0x0;next=32@0x173f27-0x174143-0xe	0x173f15	0x173f19	exact positive instruction exits recovered bytecode coverage
46	uncovered_exact_destination	0x174143	100	1	1	1	176:1	278:1	+0x4:1	exact:1	tail@0x9c3f4:1	prev=32@0x173f27-0x174143+0x0;next=33@0x174151-0x17436d-0xe	0x17413f	0x174143	exact positive instruction exits recovered bytecode coverage
47	uncovered_exact_destination	0x17436d	100	1	1	1	184:1	264:1	+0x4:1	exact:1	tail@0x9d961:1	prev=33@0x174151-0x17436d+0x0;next=34@0x17437b-0x17452e-0xe	0x174369	0x17436d	exact positive instruction exits recovered bytecode coverage
48	uncovered_exact_destination	0x17452e	100	1	1	1	123:1	299:1	+0x4:1	exact:1	tail@0x91e7f:1	prev=34@0x17437b-0x17452e+0x0;next=35@0x176883-0x177ca2-0x2355	0x17452a	0x17452e	exact positive instruction exits recovered bytecode coverage
49	uncovered_exact_destination	0x17a420	100	1	1	1	161:1	175:1	+0x4:1	exact:1	tail@0x99b3a:1	prev=36@0x179f43-0x17a420+0x0;next=37@0x18b66f-0x18bd8c-0x1124f	0x17a41c	0x17a420	exact positive instruction exits recovered bytecode coverage
50	uncovered_exact_destination	0x18bd8c	100	1	1	1	184:1	216:1	+0x4:1	exact:1	tail@0x9d961:1	prev=37@0x18b66f-0x18bd8c+0x0;next=38@0x18bd9a-0x18c07a-0xe	0x18bd88	0x18bd8c	exact positive instruction exits recovered bytecode coverage
51	uncovered_exact_destination	0x18c07a	100	1	1	1	20:1	311:1	+0x4:1	exact:1	tail@0x7ca96:1	prev=38@0x18bd9a-0x18c07a+0x0;next=39@0x18c088-0x18c467-0xe	0x18c076	0x18c07a	exact positive instruction exits recovered bytecode coverage
52	uncovered_exact_destination	0x18c467	100	1	1	1	184:1	195:1	+0x4:1	exact:1	tail@0x9d961:1	prev=39@0x18c088-0x18c467+0x0;next=40@0x1a480d-0x1a6041-0x183a6	0x18c463	0x18c467	exact positive instruction exits recovered bytecode coverage
53	uncovered_exact_destination	0x1a6041	100	1	1	1	174:1	175:1	+0x4:1	exact:1	tail@0x9c08c:1	prev=40@0x1a480d-0x1a6041+0x0;next=41@0x1ec0ab-0x1ed483-0x4606a	0x1a603d	0x1a6041	exact positive instruction exits recovered bytecode coverage
54	uncovered_exact_destination	0x1ed483	100	1	1	1	161:1	195:1	+0x4:1	exact:1	tail@0x99b3a:1	prev=41@0x1ec0ab-0x1ed483+0x0;next=42@0x22fe2d-0x2304b8-0x429aa	0x1ed47f	0x1ed483	exact positive instruction exits recovered bytecode coverage
55	uncovered_exact_destination	0x2304b8	100	1	1	1	184:1	195:1	+0x4:1	exact:1	tail@0x9d961:1	prev=42@0x22fe2d-0x2304b8+0x0;next=43@0x230722-0x231237-0x26a	0x2304b4	0x2304b8	exact positive instruction exits recovered bytecode coverage
56	uncovered_exact_destination	0x2319b3	100	1	1	1	174:1	278:1	+0x4:1	exact:1	tail@0x9c08c:1	prev=44@0x2316bf-0x2319b3+0x0;next=45@0x2319c1-0x231b74-0xe	0x2319af	0x2319b3	exact positive instruction exits recovered bytecode coverage
57	uncovered_exact_destination	0x231b74	100	1	1	1	174:1	195:1	+0x4:1	exact:1	tail@0x9c08c:1	prev=45@0x2319c1-0x231b74+0x0;next=46@0x249468-0x24bd2a-0x178f4	0x231b70	0x231b74	exact positive instruction exits recovered bytecode coverage
58	uncovered_exact_destination	0x292b48	100	1	1	1	174:1	95:1	+0x4:1	exact:1	tail@0x9c08c:1	prev=49@0x292986-0x292b48+0x0;next=50@0x292b56-0x292de8-0xe	0x292b44	0x292b48	exact positive instruction exits recovered bytecode coverage
59	uncovered_exact_destination	0x292de8	100	1	1	1	20:1	278:1	+0x4:1	exact:1	tail@0x7ca96:1	prev=50@0x292b56-0x292de8+0x0;next=51@0x292df6-0x293470-0xe	0x292de4	0x292de8	exact positive instruction exits recovered bytecode coverage
60	uncovered_exact_destination	0x293470	100	1	1	1	123:1	216:1	+0x4:1	exact:1	tail@0x91e7f:1	prev=51@0x292df6-0x293470+0x0;next=52@0x29347e-0x293689-0xe	0x29346c	0x293470	exact positive instruction exits recovered bytecode coverage
61	uncovered_exact_destination	0x293689	100	1	1	1	122:1	246:1	+0x5:1	exact:1	tail@0x91a57:1	prev=52@0x29347e-0x293689+0x0;next=53@0x2bec2e-0x2bed4f-0x2b5a5	0x293684	0x293689	exact positive instruction exits recovered bytecode coverage
62	uncovered_exact_destination	0x2bed4f	100	1	1	1	184:1	264:1	+0x4:1	exact:1	tail@0x9d961:1	prev=53@0x2bec2e-0x2bed4f+0x0;next=54@0x2bed5d-0x2bef26-0xe	0x2bed4b	0x2bed4f	exact positive instruction exits recovered bytecode coverage
63	uncovered_exact_destination	0x2bef26	100	1	1	1	176:1	80:1	+0x4:1	exact:1	tail@0x9c3f4:1	prev=54@0x2bed5d-0x2bef26+0x0;next=55@0x2bef37-0x2bf3b8-0x11	0x2bef22	0x2bef26	exact positive instruction exits recovered bytecode coverage
64	uncovered_exact_destination	0x2bf3b8	100	1	1	1	123:1	216:1	+0x4:1	exact:1	tail@0x91e7f:1	prev=55@0x2bef37-0x2bf3b8+0x0;next=56@0x2bf3c6-0x2bf50f-0xe	0x2bf3b4	0x2bf3b8	exact positive instruction exits recovered bytecode coverage
65	uncovered_exact_destination	0x2bff90	100	1	1	1	176:1	216:1	+0x4:1	exact:1	tail@0x9c3f4:1	prev=58@0x2bfe6f-0x2bff90+0x0;next=59@0x2bff9e-0x2c0230-0xe	0x2bff8c	0x2bff90	exact positive instruction exits recovered bytecode coverage
66	uncovered_exact_destination	0x2c0230	100	1	1	1	158:1	264:1	+0x4:1	exact:1	tail@0x992ca:1	prev=59@0x2bff9e-0x2c0230+0x0;next=60@0x2c023e-0x2c045a-0xe	0x2c022c	0x2c0230	exact positive instruction exits recovered bytecode coverage
67	uncovered_exact_destination	0x2c045a	100	1	1	1	123:1	356:1	+0x4:1	exact:1	tail@0x91e7f:1	prev=60@0x2c023e-0x2c045a+0x0;next=61@0x2c0468-0x2c05b1-0xe	0x2c0456	0x2c045a	exact positive instruction exits recovered bytecode coverage
68	uncovered_exact_destination	0x31e23f	100	1	1	1	123:1	216:1	+0x4:1	exact:1	tail@0x91e7f:1	prev=64@0x31aa27-0x31e23f+0x0;next=65@0x31e24d-0x31e42c-0xe	0x31e23b	0x31e23f	exact positive instruction exits recovered bytecode coverage
69	uncovered_exact_destination	0x31e42c	100	1	1	1	161:1	356:1	+0x4:1	exact:1	tail@0x99b3a:1	prev=65@0x31e24d-0x31e42c+0x0;next=66@0x31e43a-0x31f2b1-0xe	0x31e428	0x31e42c	exact positive instruction exits recovered bytecode coverage
70	uncovered_exact_destination	0x31f2b1	100	1	1	1	184:1	195:1	+0x4:1	exact:1	tail@0x9d961:1	prev=66@0x31e43a-0x31f2b1+0x0;next=67@0x33170b-0x3334ac-0x1245a	0x31f2ad	0x31f2b1	exact positive instruction exits recovered bytecode coverage
71	uncovered_exact_destination	0x3334ac	100	1	1	1	123:1	356:1	+0x4:1	exact:1	tail@0x91e7f:1	prev=67@0x33170b-0x3334ac+0x0;next=68@0x3334ba-0x333bc9-0xe	0x3334a8	0x3334ac	exact positive instruction exits recovered bytecode coverage
72	uncovered_exact_destination	0x333bc9	100	1	1	1	174:1	195:1	+0x4:1	exact:1	tail@0x9c08c:1	prev=68@0x3334ba-0x333bc9+0x0;next=69@0x334a3d-0x3369f2-0xe74	0x333bc5	0x333bc9	exact positive instruction exits recovered bytecode coverage
73	uncovered_exact_destination	0x3369f2	100	1	1	1	20:1	95:1	+0x4:1	exact:1	tail@0x7ca96:1	prev=69@0x334a3d-0x3369f2+0x0;next=70@0x3369fc-0x33710f-0xa	0x3369ee	0x3369f2	exact positive instruction exits recovered bytecode coverage
74	uncovered_exact_destination	0x33710f	100	1	1	1	176:1	299:1	+0x4:1	exact:1	tail@0x9c3f4:1	prev=70@0x3369fc-0x33710f+0x0;next=71@0x337e84-0x339faf-0xd75	0x33710b	0x33710f	exact positive instruction exits recovered bytecode coverage
75	uncovered_exact_destination	0x339faf	100	1	1	1	20:1	216:1	+0x4:1	exact:1	tail@0x7ca96:1	prev=71@0x337e84-0x339faf+0x0;next=72@0x339fbd-0x33a6cc-0xe	0x339fab	0x339faf	exact positive instruction exits recovered bytecode coverage
76	uncovered_exact_destination	0x33a6cc	100	1	1	1	176:1	299:1	+0x4:1	exact:1	tail@0x9c3f4:1	prev=72@0x339fbd-0x33a6cc+0x0;next=73@0x33b647-0x33d2d9-0xf7b	0x33a6c8	0x33a6cc	exact positive instruction exits recovered bytecode coverage
77	uncovered_exact_destination	0x33d2d9	100	1	1	1	176:1	195:1	+0x4:1	exact:1	tail@0x9c3f4:1	prev=73@0x33b647-0x33d2d9+0x0;next=74@0x33db28-0x33ea02-0x84f	0x33d2d5	0x33d2d9	exact positive instruction exits recovered bytecode coverage
78	uncovered_exact_destination	0x34556c	100	1	1	1	176:1	175:1	+0x4:1	exact:1	tail@0x9c3f4:1	prev=75@0x33f278-0x34556c+0x0;next=76@0x3603af-0x364c68-0x1ae43	0x345568	0x34556c	exact positive instruction exits recovered bytecode coverage
79	uncovered_exact_destination	0x364c68	100	1	1	1	158:1	264:1	+0x4:1	exact:1	tail@0x992ca:1	prev=76@0x3603af-0x364c68+0x0;next=77@0x364c72-0x364e55-0xa	0x364c64	0x364c68	exact positive instruction exits recovered bytecode coverage
80	uncovered_exact_destination	0x364e55	100	1	1	1	158:1	216:1	+0x4:1	exact:1	tail@0x992ca:1	prev=77@0x364c72-0x364e55+0x0;next=78@0x364e5f-0x365042-0xa	0x364e51	0x364e55	exact positive instruction exits recovered bytecode coverage
81	uncovered_exact_destination	0x365042	100	1	1	1	20:1	264:1	+0x4:1	exact:1	tail@0x7ca96:1	prev=78@0x364e5f-0x365042+0x0;next=79@0x36504c-0x3655e4-0xa	0x36503e	0x365042	exact positive instruction exits recovered bytecode coverage
82	uncovered_exact_destination	0x3655e4	100	1	1	1	158:1	195:1	+0x4:1	exact:1	tail@0x992ca:1	prev=79@0x36504c-0x3655e4+0x0;next=80@0x3674c3-0x36a0bc-0x1edf	0x3655e0	0x3655e4	exact positive instruction exits recovered bytecode coverage
83	uncovered_exact_destination	0xd1002	100	1	1	1	174:1	95:1	+0x4:1	exact:1	tail@0x9c08c:1	prev=0@0xd0ac0-0xd1002+0x0;next=1@0xd1010-0xd1284-0xe	0xd0ffe	0xd1002	exact positive instruction exits recovered bytecode coverage
84	uncovered_exact_destination	0xd1284	100	1	1	1	176:1	356:1	+0x4:1	exact:1	tail@0x9c3f4:1	prev=1@0xd1010-0xd1284+0x0;next=2@0xd1292-0xd1445-0xe	0xd1280	0xd1284	exact positive instruction exits recovered bytecode coverage
85	uncovered_exact_destination	0xd1445	100	1	1	1	158:1	175:1	+0x4:1	exact:1	tail@0x992ca:1	prev=2@0xd1292-0xd1445+0x0;next=3@0xd3fac-0xd4889-0x2b67	0xd1441	0xd1445	exact positive instruction exits recovered bytecode coverage
86	uncovered_exact_destination	0xd4889	100	1	1	1	161:1	264:1	+0x4:1	exact:1	tail@0x99b3a:1	prev=3@0xd3fac-0xd4889+0x0;next=4@0xd4897-0xd5ebc-0xe	0xd4885	0xd4889	exact positive instruction exits recovered bytecode coverage
87	uncovered_exact_destination	0xd5ebc	100	1	1	1	123:1	195:1	+0x4:1	exact:1	tail@0x91e7f:1	prev=4@0xd4897-0xd5ebc+0x0;next=5@0xd718e-0xd790a-0x12d2	0xd5eb8	0xd5ebc	exact positive instruction exits recovered bytecode coverage
88	uncovered_exact_destination	0xdaf39	100	1	1	1	184:1	195:1	+0x4:1	exact:1	tail@0x9d961:1	prev=7@0xdac57-0xdaf39+0x0;next=8@0x11ac5e-0x11d6a2-0x3fd25	0xdaf35	0xdaf39	exact positive instruction exits recovered bytecode coverage
89	decoded_long_branch_sample	308->171:-0x584	50	10	1	1	308:10	171:10	-0x584:10	backedge_sample:10	tail@0xb84a4:10	inside=81@0x36b124-0x36db0d+0x46e	0x36bb16	0x36b592	negative VM IP delta, exact consumed bytes unavailable from forward lookahead; long_branch_events=10;operand_min_len=0x8;operand_shape=target_u32@+0,delta_u32@+4;ir=next = table[171], ip -= 0x584
90	decoded_long_branch_sample	308->354:-0x40	50	10	1	1	308:10	354:10	-0x40:10	backedge_sample:10	tail@0xb84a4:10	inside=75@0x33f278-0x34556c+0xf03	0x3401bb	0x34017b	negative VM IP delta, exact consumed bytes unavailable from forward lookahead; long_branch_events=10;operand_min_len=0x8;operand_shape=target_u32@+0,delta_u32@+4;ir=next = table[354], ip -= 0x40
91	decoded_long_branch_sample	117->165:-0xbc1	45	9	1	1	117:9	165:9	-0xbc1:9	backedge_sample:9	tail@0x90c21:9	inside=74@0x33db28-0x33ea02+0x1ed	0x33e8d6	0x33dd15	negative VM IP delta, exact consumed bytes unavailable from forward lookahead; long_branch_events=9;operand_min_len=0x8;operand_shape=target_u32@+0,delta_u32@+4;ir=next = table[165], ip -= 0xbc1
92	decoded_long_branch_sample	302->165:-0x55d	45	9	1	1	302:9	165:9	-0x55d:9	backedge_sample:9	tail@0xb7699:9	inside=80@0x3674c3-0x36a0bc+0x46e	0x367e8e	0x367931	negative VM IP delta, exact consumed bytes unavailable from forward lookahead; long_branch_events=9;operand_min_len=0x8;operand_shape=target_u32@+0,delta_u32@+4;ir=next = table[165], ip -= 0x55d
93	decoded_long_branch_sample	117->354:-0x584	30	6	2	2	117:6	354:6	-0x584:6	backedge_sample:6	tail@0x90c21:6	inside=67@0x33170b-0x3334ac+0x46e	0x3320fd,0x34094b	0x331b79,0x3403c7	negative VM IP delta, exact consumed bytes unavailable from forward lookahead; long_branch_events=6;operand_min_len=0x8;operand_shape=target_u32@+0,delta_u32@+4;ir=next = table[354], ip -= 0x584
94	decoded_long_branch_sample	117->165:-0x55d	25	5	1	1	117:5	165:5	-0x55d:5	backedge_sample:5	tail@0x90c21:5	inside=82@0x36ecdc-0x371ff7+0x46e	0x36f6a7	0x36f14a	negative VM IP delta, exact consumed bytes unavailable from forward lookahead; long_branch_events=5;operand_min_len=0x8;operand_shape=target_u32@+0,delta_u32@+4;ir=next = table[165], ip -= 0x55d
95	decoded_long_branch_sample	302->171:-0x2ce	25	5	2	2	302:5	171:5	-0x2ce:5	backedge_sample:5	tail@0xb7699:5	inside=75@0x33f278-0x34556c+0x3e5f	0x3433a5,0x362f69	0x3430d7,0x362c9b	negative VM IP delta, exact consumed bytes unavailable from forward lookahead; long_branch_events=5;operand_min_len=0x8;operand_shape=target_u32@+0,delta_u32@+4;ir=next = table[171], ip -= 0x2ce
96	decoded_long_branch_sample	308->354:-0x2ce	25	5	2	2	308:5	354:5	-0x2ce:5	backedge_sample:5	tail@0xb84a4:5	inside=69@0x334a3d-0x3369f2+0xb48	0x335853,0x3682d5	0x335585,0x368007	negative VM IP delta, exact consumed bytes unavailable from forward lookahead; long_branch_events=5;operand_min_len=0x8;operand_shape=target_u32@+0,delta_u32@+4;ir=next = table[354], ip -= 0x2ce
97	decoded_long_branch_sample	117->354:-0x767	20	4	1	1	117:4	354:4	-0x767:4	backedge_sample:4	tail@0x90c21:4	inside=73@0x33b647-0x33d2d9+0x802	0x33c5b0	0x33be49	negative VM IP delta, exact consumed bytes unavailable from forward lookahead; long_branch_events=4;operand_min_len=0x8;operand_shape=target_u32@+0,delta_u32@+4;ir=next = table[354], ip -= 0x767
98	decoded_long_branch_sample	145->165:prefix_32_of_3052	20	4	1	1	145:4	165:4	+0xbec:4	prefix_32_of_3052:4	tail@0x9634f:4	inside=48@0x26db07-0x26f097+0x0	0x26cf1b	0x26db07	positive VM IP delta exceeds logged byte window; long_branch_events=4;operand_min_len=0xb;operand_shape=target_u32@+0,delta_u32@+4,u16_8@+0x8,b10@+0xa;ir=next = table[165], ip += 0xbec
99	decoded_long_branch_sample	266->165:-0x55d	20	4	1	1	266:4	165:4	-0x55d:4	backedge_sample:4	tail@0xafa1d:4	inside=75@0x33f278-0x34556c+0x1ed7	0x3416ac	0x34114f	negative VM IP delta, exact consumed bytes unavailable from forward lookahead; long_branch_events=4;operand_min_len=0x8;operand_shape=target_u32@+0,delta_u32@+4;ir=next = table[165], ip -= 0x55d
100	decoded_long_branch_sample	266->354:-0x78e	20	4	1	1	266:4	354:4	-0x78e:4	backedge_sample:4	tail@0xafa1d:4	inside=71@0x337e84-0x339faf+0x7fe	0x338e10	0x338682	negative VM IP delta, exact consumed bytes unavailable from forward lookahead; long_branch_events=4;operand_min_len=0x8;operand_shape=target_u32@+0,delta_u32@+4;ir=next = table[354], ip -= 0x78e
101	decoded_long_branch_sample	302->354:-0x24c	20	4	1	1	302:4	354:4	-0x24c:4	backedge_sample:4	tail@0xb7699:4	inside=0@0xd0ac0-0xd1002+0x19f	0xd0eab	0xd0c5f	negative VM IP delta, exact consumed bytes unavailable from forward lookahead; long_branch_events=4;operand_min_len=0x8;operand_shape=target_u32@+0,delta_u32@+4;ir=next = table[354], ip -= 0x24c
102	decoded_long_branch_sample	308->171:-0x55d	20	4	1	1	308:4	171:4	-0x55d:4	backedge_sample:4	tail@0xb84a4:4	inside=75@0x33f278-0x34556c+0x3789	0x342f5e	0x342a01	negative VM IP delta, exact consumed bytes unavailable from forward lookahead; long_branch_events=4;operand_min_len=0x8;operand_shape=target_u32@+0,delta_u32@+4;ir=next = table[171], ip -= 0x55d
103	decoded_long_branch_sample	117->165:-0xbc0	15	3	1	1	117:3	165:3	-0xbc0:3	backedge_sample:3	tail@0x90c21:3	inside=80@0x3674c3-0x36a0bc+0x1a9d	0x369b20	0x368f60	negative VM IP delta, exact consumed bytes unavailable from forward lookahead; long_branch_events=3;operand_min_len=0x8;operand_shape=target_u32@+0,delta_u32@+4;ir=next = table[165], ip -= 0xbc0
104	decoded_long_branch_sample	117->171:-0x2ce	15	3	1	1	117:3	171:3	-0x2ce:3	backedge_sample:3	tail@0x90c21:3	inside=64@0x31aa27-0x31e23f+0x1ef1	0x31cbe6	0x31c918	negative VM IP delta, exact consumed bytes unavailable from forward lookahead; long_branch_events=3;operand_min_len=0x8;operand_shape=target_u32@+0,delta_u32@+4;ir=next = table[171], ip -= 0x2ce
105	decoded_long_branch_sample	117->354:-0xbc0	15	3	1	1	117:3	354:3	-0xbc0:3	backedge_sample:3	tail@0x90c21:3	inside=81@0x36b124-0x36db0d+0x188d	0x36d571	0x36c9b1	negative VM IP delta, exact consumed bytes unavailable from forward lookahead; long_branch_events=3;operand_min_len=0x8;operand_shape=target_u32@+0,delta_u32@+4;ir=next = table[354], ip -= 0xbc0
106	decoded_long_branch_sample	246->165:prefix_32_of_1938	15	3	1	1	246:3	165:3	+0x792:3	prefix_32_of_1938:3	tail@0xabc56:3	inside=74@0x33db28-0x33ea02+0xdb6	0x33e14c	0x33e8de	positive VM IP delta exceeds logged byte window; long_branch_events=3;operand_min_len=0xb;operand_shape=target_u32@+0,delta_u32@+4,u16_8@+0x8,b10@+0xa;ir=next = table[165], ip += 0x792
107	decoded_long_branch_sample	266->171:-0x55d	15	3	1	1	266:3	171:3	-0x55d:3	backedge_sample:3	tail@0xafa1d:3	inside=69@0x334a3d-0x3369f2+0x472	0x33540c	0x334eaf	negative VM IP delta, exact consumed bytes unavailable from forward lookahead; long_branch_events=3;operand_min_len=0x8;operand_shape=target_u32@+0,delta_u32@+4;ir=next = table[171], ip -= 0x55d
108	decoded_long_branch_sample	266->354:-0x557	15	3	1	1	266:3	354:3	-0x557:3	backedge_sample:3	tail@0xafa1d:3	inside=63@0x30e872-0x316692+0x87c	0x30f645	0x30f0ee	negative VM IP delta, exact consumed bytes unavailable from forward lookahead; long_branch_events=3;operand_min_len=0x8;operand_shape=target_u32@+0,delta_u32@+4;ir=next = table[354], ip -= 0x557
109	decoded_long_branch_sample	302->165:-0x2ce	15	3	1	1	302:3	165:3	-0x2ce:3	backedge_sample:3	tail@0xb7699:3	inside=64@0x31aa27-0x31e23f+0x1187	0x31be7c	0x31bbae	negative VM IP delta, exact consumed bytes unavailable from forward lookahead; long_branch_events=3;operand_min_len=0x8;operand_shape=target_u32@+0,delta_u32@+4;ir=next = table[165], ip -= 0x2ce
110	decoded_long_branch_sample	308->171:-0x2ce	15	3	1	1	308:3	171:3	-0x2ce:3	backedge_sample:3	tail@0xb84a4:3	inside=76@0x3603af-0x364c68+0x117d	0x3617fa	0x36152c	negative VM IP delta, exact consumed bytes unavailable from forward lookahead; long_branch_events=3;operand_min_len=0x8;operand_shape=target_u32@+0,delta_u32@+4;ir=next = table[171], ip -= 0x2ce
111	sampled_operand_source	195	12	3	0	0	195:3	310@0xb8556:2,86@0x8a37f:1	-0x2306:1,-0x542a:1,-0x8c8e:1	sampled_operand_known:3	dispatch@0xc80b9:3				source_target=0x9fb50;unique_vm_ips=3;top_targets=310@0xb8556:2,86@0x8a37f:1;top_deltas=-0x2306:1,-0x542a:1,-0x8c8e:1;sampled_operand_events=3;sampled_operand_variants=3;sampled_operand_lens=0x6:3;sampled_operand_shapes=3=u16_0@+0x0,u32_0@+0x0,u16_2@+0x2,u16_4@+0x4;sampled_operand_top_ir=1=sampled operand footprint 0x6; observed target table[310], delta -0x542a,1=sampled operand footprint 0x6; observed target table[310], delta -0x8c8e,1=sampled operand footprint 0x6; observed target table[86], delta -0x2306
112	decoded_long_branch_sample	117->165:-0x2ce	10	2	1	1	117:2	165:2	-0x2ce:2	backedge_sample:2	tail@0x90c21:2	inside=75@0x33f278-0x34556c+0x30fe	0x342644	0x342376	negative VM IP delta, exact consumed bytes unavailable from forward lookahead; long_branch_events=2;operand_min_len=0x8;operand_shape=target_u32@+0,delta_u32@+4;ir=next = table[165], ip -= 0x2ce
113	decoded_long_branch_sample	266->165:-0x2ce	10	2	1	1	266:2	165:2	-0x2ce:2	backedge_sample:2	tail@0xafa1d:2	inside=82@0x36ecdc-0x371ff7+0xb44	0x36faee	0x36f820	negative VM IP delta, exact consumed bytes unavailable from forward lookahead; long_branch_events=2;operand_min_len=0x8;operand_shape=target_u32@+0,delta_u32@+4;ir=next = table[165], ip -= 0x2ce
114	decoded_long_branch_sample	266->354:-0x2ce	10	2	1	1	266:2	354:2	-0x2ce:2	backedge_sample:2	tail@0xafa1d:2	inside=75@0x33f278-0x34556c+0x184c	0x340d92	0x340ac4	negative VM IP delta, exact consumed bytes unavailable from forward lookahead; long_branch_events=2;operand_min_len=0x8;operand_shape=target_u32@+0,delta_u32@+4;ir=next = table[354], ip -= 0x2ce
115	decoded_long_branch_sample	308->171:-0x5b6	10	2	1	1	308:2	171:2	-0x5b6:2	backedge_sample:2	tail@0xb84a4:2	inside=76@0x3603af-0x364c68+0xa4e	0x3613b3	0x360dfd	negative VM IP delta, exact consumed bytes unavailable from forward lookahead; long_branch_events=2;operand_min_len=0x8;operand_shape=target_u32@+0,delta_u32@+4;ir=next = table[171], ip -= 0x5b6
116	decoded_long_branch_sample	308->354:-0x584	10	2	1	1	308:2	354:2	-0x584:2	backedge_sample:2	tail@0xb84a4:2	inside=75@0x33f278-0x34556c+0x2a01	0x3421fd	0x341c79	negative VM IP delta, exact consumed bytes unavailable from forward lookahead; long_branch_events=2;operand_min_len=0x8;operand_shape=target_u32@+0,delta_u32@+4;ir=next = table[354], ip -= 0x584
117	target_only_entry	5	10	0	0	0	5:0	0x79675:0		target_only:0					target=0x79675;frame_reads=0xa,0xbb,0x81,0x199,0x10f,0x170;frame_writes=0x1dc,0x170,0xa;ip_reads=+0x3/2,+0x0/2,+0x6/2,+0x4/2,+0x0/4,+0x5/2,+0x7/2;rets=1
118	target_only_entry	50	10	0	0	0	50:0	0x82e76:0		target_only:0					target=0x82e76;frame_reads=0xa,0xbb,0x50,0x170,0x23,0x199,0x10f;frame_writes=0x23,0x170,0x1dc,0xa;ip_reads=+0x7/4,+0x0/1,+0x1/1,+0x9/2,+0x2/2,+0x3/4,+0x2/1,+0xb/2,+0x0/2,+0x4/1,+0x5/2,+0x7/2;rets=1
119	target_only_entry	80	10	0	0	0	80:0	0x88a58:0		target_only:0					target=0x88a58;frame_reads=0xa,0xbb,0x23,0x50,0x0,0x60,0x194,0x81,0x71,0x10f,0x170;frame_writes=0x170,0x71,0x1dc,0x0,0x60,0xa;ip_reads=+0x7/4,+0x0/1,+0x1/1,+0x3/4,+0x2/1,+0xb/2,+0x4/1,+0x2/2,+0x0/2;rets=1
120	sampled_operand_known	95->86:prefix_32_of_144411	8	2	1	1	95:2	86:2	+0x2341b:2	prefix_32_of_144411:2	dispatch@0xc80b9:2	inside=47@0x26cd71-0x26cf3b+0x0	0x249956	0x26cd71	positive VM IP delta exceeds logged byte window; sampled_operand_events=2;operand_min_len=0xa;operand_shape=u16_0@+0x0,u32_0@+0x0,u16_2@+0x2,u16_4@+0x4,u16_6@+0x6,u32_6@+0x6;source_observations=exact:2;ir=sampled operand footprint 0xa; observed target table[86], delta +0x2341b
121	sampled_operand_source	299	8	2	0	0	299:2	169@0x9af18:1,310@0xb8556:1	-0x7fe6:1,-0xcf8b:1	sampled_operand_known:2	dispatch@0xc80b9:2				source_target=0xb6bba;unique_vm_ips=2;top_targets=169@0x9af18:1,310@0xb8556:1;top_deltas=-0x7fe6:1,-0xcf8b:1;sampled_operand_events=2;sampled_operand_variants=2;sampled_operand_lens=0x6:2;sampled_operand_shapes=2=u16_0@+0x0,u32_0@+0x0,u16_2@+0x2,u16_4@+0x4;sampled_operand_top_ir=1=sampled operand footprint 0x6; observed target table[169], delta -0x7fe6,1=sampled operand footprint 0x6; observed target table[310], delta -0xcf8b
122	decoded_long_branch_sample	117->354:-0x50d	5	1	1	1	117:1	354:1	-0x50d:1	backedge_sample:1	tail@0x90c21:1	inside=76@0x3603af-0x364c68+0x2266	0x362b22	0x362615	negative VM IP delta, exact consumed bytes unavailable from forward lookahead; long_branch_events=1;operand_min_len=0x8;operand_shape=target_u32@+0,delta_u32@+4;ir=next = table[354], ip -= 0x50d
123	decoded_long_branch_sample	145->165:prefix_32_of_1867	5	1	1	1	145:1	165:1	+0x74b:1	prefix_32_of_1867:1	tail@0x9634f:1	inside=71@0x337e84-0x339faf+0xf94	0x3386cd	0x338e18	positive VM IP delta exceeds logged byte window; long_branch_events=1;operand_min_len=0xb;operand_shape=target_u32@+0,delta_u32@+4,u16_8@+0x8,b10@+0xa;ir=next = table[165], ip += 0x74b
124	decoded_long_branch_sample	210->165:prefix_32_of_1648	5	1	1	1	210:1	165:1	+0x670:1	prefix_32_of_1648:1	tail@0xa35dd:1	inside=7@0xdac57-0xdaf39+0x0	0xda5e7	0xdac57	positive VM IP delta exceeds logged byte window; long_branch_events=1;operand_min_len=0xb;operand_shape=target_u32@+0,delta_u32@+4,u16_8@+0x8,b10@+0xa;ir=next = table[165], ip += 0x670
125	decoded_long_branch_sample	246->171:prefix_32_of_1828	5	1	1	1	246:1	171:1	+0x724:1	prefix_32_of_1828:1	tail@0xabc56:1	inside=73@0x33b647-0x33d2d9+0xf71	0x33be94	0x33c5b8	positive VM IP delta exceeds logged byte window; long_branch_events=1;operand_min_len=0xb;operand_shape=target_u32@+0,delta_u32@+4,u16_8@+0x8,b10@+0xa;ir=next = table[171], ip += 0x724
126	decoded_long_branch_sample	246->354:prefix_32_of_1937	5	1	1	1	246:1	354:1	+0x791:1	prefix_32_of_1937:1	tail@0xabc56:1	inside=80@0x3674c3-0x36a0bc+0x2665	0x369397	0x369b28	positive VM IP delta exceeds logged byte window; long_branch_events=1;operand_min_len=0xb;operand_shape=target_u32@+0,delta_u32@+4,u16_8@+0x8,b10@+0xa;ir=next = table[354], ip += 0x791
127	decoded_long_branch_sample	266->165:-0x4e0	5	1	1	1	266:1	165:1	-0x4e0:1	backedge_sample:1	tail@0xafa1d:1	inside=76@0x3603af-0x364c68+0x39d5	0x364264	0x363d84	negative VM IP delta, exact consumed bytes unavailable from forward lookahead; long_branch_events=1;operand_min_len=0x8;operand_shape=target_u32@+0,delta_u32@+4;ir=next = table[165], ip -= 0x4e0
128	decoded_long_branch_sample	266->165:-0x566	5	1	1	1	266:1	165:1	-0x566:1	backedge_sample:1	tail@0xafa1d:1	inside=64@0x31aa27-0x31e23f+0x1812	0x31c79f	0x31c239	negative VM IP delta, exact consumed bytes unavailable from forward lookahead; long_branch_events=1;operand_min_len=0x8;operand_shape=target_u32@+0,delta_u32@+4;ir=next = table[165], ip -= 0x566
129	decoded_long_branch_sample	266->171:-0x2e48f	5	1	1	1	266:1	171:1	-0x2e48f:1	backedge_sample:1	tail@0xafa1d:1	inside=51@0x292df6-0x293470+0x148	0x2c13cd	0x292f3e	negative VM IP delta, exact consumed bytes unavailable from forward lookahead; long_branch_events=1;operand_min_len=0x8;operand_shape=target_u32@+0,delta_u32@+4;ir=next = table[171], ip -= 0x2e48f
130	decoded_long_branch_sample	308->171:-0x4e6	5	1	1	1	308:1	171:1	-0x4e6:1	backedge_sample:1	tail@0xb84a4:1	inside=75@0x33f278-0x34556c+0x69c	0x33fdfa	0x33f914	negative VM IP delta, exact consumed bytes unavailable from forward lookahead; long_branch_events=1;operand_min_len=0x8;operand_shape=target_u32@+0,delta_u32@+4;ir=next = table[171], ip -= 0x4e6
131	decoded_long_branch_sample	308->354:-0x4e6	5	1	1	1	308:1	354:1	-0x4e6:1	backedge_sample:1	tail@0xb84a4:1	inside=64@0x31aa27-0x31e23f+0xb28	0x31ba35	0x31b54f	negative VM IP delta, exact consumed bytes unavailable from forward lookahead; long_branch_events=1;operand_min_len=0x8;operand_shape=target_u32@+0,delta_u32@+4;ir=next = table[354], ip -= 0x4e6
132	decoded_long_branch_sample	308->354:prefix_32_of_8897	5	1	1	1	308:1	354:1	+0x22c1:1	prefix_32_of_8897:1	tail@0xb84a4:1	inside=36@0x179f43-0x17a420+0x0	0x177c82	0x179f43	positive VM IP delta exceeds logged byte window; long_branch_events=1;operand_min_len=0x8;operand_shape=target_u32@+0,delta_u32@+4;ir=next = table[354], ip += 0x22c1
133	decoded_long_branch_sample	316->165:prefix_32_of_4803	5	1	1	1	316:1	165:1	+0x12c3:1	prefix_32_of_4803:1	tail@0xba0cc:1	inside=82@0x36ecdc-0x371ff7+0x2d87	0x3707a0	0x371a63	positive VM IP delta exceeds logged byte window; long_branch_events=1;operand_min_len=0xb;operand_shape=target_u32@+0,delta_u32@+4,u16_8@+0x8,b10@+0xa;ir=next = table[165], ip += 0x12c3
134	decoded_long_branch_sample	316->354:prefix_32_of_1219	5	1	1	1	316:1	354:1	+0x4c3:1	prefix_32_of_1219:1	tail@0xba0cc:1	inside=58@0x2bfe6f-0x2bff90+0x0	0x2bf9ac	0x2bfe6f	positive VM IP delta exceeds logged byte window; long_branch_events=1;operand_min_len=0xb;operand_shape=target_u32@+0,delta_u32@+4,u16_8@+0x8,b10@+0xa;ir=next = table[354], ip += 0x4c3
135	decoded_long_branch_sample	334->165:prefix_32_of_1165	5	1	1	1	334:1	165:1	+0x48d:1	prefix_32_of_1165:1	tail@0xbe55b:1	inside=57@0x2bf97c-0x2bf9cc+0x0	0x2bf4ef	0x2bf97c	positive VM IP delta exceeds logged byte window; long_branch_events=1;operand_min_len=0xb;operand_shape=target_u32@+0,delta_u32@+4,u16_8@+0x8,b10@+0xa;ir=next = table[165], ip += 0x48d
136	decoded_long_branch_sample	334->171:prefix_32_of_3013	5	1	1	1	334:1	171:1	+0xbc5:1	prefix_32_of_3013:1	tail@0xbe55b:1	inside=62@0x2c1156-0x2c13ed+0x0	0x2c0591	0x2c1156	positive VM IP delta exceeds logged byte window; long_branch_events=1;operand_min_len=0xb;operand_shape=target_u32@+0,delta_u32@+4,u16_8@+0x8,b10@+0xa;ir=next = table[171], ip += 0xbc5
137	decoded_long_branch_sample	334->354:prefix_32_of_1937	5	1	1	1	334:1	354:1	+0x791:1	prefix_32_of_1937:1	tail@0xbe55b:1	inside=81@0x36b124-0x36db0d+0x2455	0x36cde8	0x36d579	positive VM IP delta exceeds logged byte window; long_branch_events=1;operand_min_len=0xb;operand_shape=target_u32@+0,delta_u32@+4,u16_8@+0x8,b10@+0xa;ir=next = table[354], ip += 0x791
138	decoded_long_branch_sample	334->354:prefix_32_of_5400	5	1	1	1	334:1	354:1	+0x1518:1	prefix_32_of_5400:1	tail@0xbe55b:1	inside=11@0x1209d2-0x120af4+0x0	0x11f4ba	0x1209d2	positive VM IP delta exceeds logged byte window; long_branch_events=1;operand_min_len=0xb;operand_shape=target_u32@+0,delta_u32@+4,u16_8@+0x8,b10@+0xa;ir=next = table[354], ip += 0x1518
139	decoded_long_branch_sample	75->171:prefix_32_of_10917	5	1	1	1	75:1	171:1	+0x2aa5:1	prefix_32_of_10917:1	tail@0x87c25:1	inside=6@0xda38f-0xda607+0x0	0xd78ea	0xda38f	positive VM IP delta exceeds logged byte window; long_branch_events=1;operand_min_len=0xb;operand_shape=target_u32@+0,delta_u32@+4,u16_8@+0x8,b10@+0xa;ir=next = table[171], ip += 0x2aa5
140	decoded_long_branch_sample	75->354:prefix_32_of_20238	5	1	1	1	75:1	354:1	+0x4f0e:1	prefix_32_of_20238:1	tail@0x87c25:1	inside=63@0x30e872-0x316692+0x7456	0x310dba	0x315cc8	positive VM IP delta exceeds logged byte window; long_branch_events=1;operand_min_len=0xb;operand_shape=target_u32@+0,delta_u32@+4,u16_8@+0x8,b10@+0xa;ir=next = table[354], ip += 0x4f0e
141	sampled_operand_known	175->310:prefix_32_of_184055	4	1	1	1	175:1	310:1	+0x2cef7:1	prefix_32_of_184055:1	dispatch@0xcdac7:1	inside=75@0x33f278-0x34556c+0x42f1	0x316672	0x343569	positive VM IP delta exceeds logged byte window; sampled_operand_events=1;operand_min_len=0x6;operand_shape=u16_0@+0x0,u32_0@+0x0,u16_2@+0x2,u16_4@+0x4;source_observations=central_or_long:1;ir=sampled operand footprint 0x6; observed target table[310], delta +0x2cef7
142	sampled_operand_known	195->310:-0x542a	4	1	1	1	195:1	310:1	-0x542a:1	backedge_sample:1	dispatch@0xc80b9:1	inside=77@0x364c72-0x364e55+0x0	0x36a09c	0x364c72	negative VM IP delta, exact consumed bytes unavailable from forward lookahead; sampled_operand_events=1;operand_min_len=0x6;operand_shape=u16_0@+0x0,u32_0@+0x0,u16_2@+0x2,u16_4@+0x4;source_observations=sampled_backedge:1;ir=sampled operand footprint 0x6; observed target table[310], delta -0x542a
143	sampled_operand_known	195->310:-0x8c8e	4	1	1	1	195:1	310:1	-0x8c8e:1	backedge_sample:1	dispatch@0xc80b9:1	inside=78@0x364e5f-0x365042+0x0	0x36daed	0x364e5f	negative VM IP delta, exact consumed bytes unavailable from forward lookahead; sampled_operand_events=1;operand_min_len=0x6;operand_shape=u16_0@+0x0,u32_0@+0x0,u16_2@+0x2,u16_4@+0x4;source_observations=sampled_backedge:1;ir=sampled operand footprint 0x6; observed target table[310], delta -0x8c8e
144	sampled_operand_known	195->86:-0x2306	4	1	1	1	195:1	86:1	-0x2306:1	backedge_sample:1	dispatch@0xc80b9:1	inside=47@0x26cd71-0x26cf3b+0x0	0x26f077	0x26cd71	negative VM IP delta, exact consumed bytes unavailable from forward lookahead; sampled_operand_events=1;operand_min_len=0x6;operand_shape=u16_0@+0x0,u32_0@+0x0,u16_2@+0x2,u16_4@+0x4;source_observations=sampled_backedge:1;ir=sampled operand footprint 0x6; observed target table[86], delta -0x2306
145	sampled_operand_known	278->323:prefix_32_of_2234224	4	1	1	1	278:1	323:1	+0x221770:1	prefix_32_of_2234224:1	dispatch@0xcdac7:1	inside=75@0x33f278-0x34556c+0x0	0x11db08	0x33f278	positive VM IP delta exceeds logged byte window; sampled_operand_events=1;operand_min_len=0xa;operand_shape=u16_0@+0x0,u32_0@+0x0,u16_2@+0x2,b4@+0x4,u16_4@+0x4,u32_6@+0x6;source_observations=exact:1;ir=sampled operand footprint 0xa; observed target table[323], delta +0x221770
146	sampled_operand_known	278->86:prefix_32_of_2369210	4	1	1	1	278:1	86:1	+0x2426ba:1	prefix_32_of_2369210:1	dispatch@0xc80b9:1	inside=76@0x3603af-0x364c68+0x0	0x11dcf5	0x3603af	positive VM IP delta exceeds logged byte window; sampled_operand_events=1;operand_min_len=0xa;operand_shape=u16_0@+0x0,u32_0@+0x0,u16_2@+0x2,b4@+0x4,u16_4@+0x4,u32_6@+0x6;source_observations=exact:1;ir=sampled operand footprint 0xa; observed target table[86], delta +0x2426ba
147	sampled_operand_known	299->169:-0x7fe6	4	1	1	1	299:1	169:1	-0x7fe6:1	backedge_sample:1	dispatch@0xc80b9:1	inside=70@0x3369fc-0x33710f+0x0	0x33e9e2	0x3369fc	negative VM IP delta, exact consumed bytes unavailable from forward lookahead; sampled_operand_events=1;operand_min_len=0x6;operand_shape=u16_0@+0x0,u32_0@+0x0,u16_2@+0x2,u16_4@+0x4;source_observations=sampled_backedge:1;ir=sampled operand footprint 0x6; observed target table[169], delta -0x7fe6
148	sampled_operand_known	299->310:-0xcf8b	4	1	1	1	299:1	310:1	-0xcf8b:1	backedge_sample:1	dispatch@0xc80b9:1	inside=79@0x36504c-0x3655e4+0x0	0x371fd7	0x36504c	negative VM IP delta, exact consumed bytes unavailable from forward lookahead; sampled_operand_events=1;operand_min_len=0x6;operand_shape=u16_0@+0x0,u32_0@+0x0,u16_2@+0x2,u16_4@+0x4;source_observations=sampled_backedge:1;ir=sampled operand footprint 0x6; observed target table[310], delta -0xcf8b
149	sampled_operand_known	311->42:-0x34ced	4	1	1	1	311:1	42:1	-0x34ced:1	backedge_sample:1	dispatch@0xcdac7:1	inside=63@0x30e872-0x316692+0x0	0x34355f	0x30e872	negative VM IP delta, exact consumed bytes unavailable from forward lookahead; sampled_operand_events=1;operand_min_len=0xa;operand_shape=b0@+0x0,u32_0@+0x0,u16_1@+0x1,u16_3@+0x3,u16_4@+0x4,u32_6@+0x6;source_observations=exact:1;ir=sampled operand footprint 0xa; observed target table[42], delta -0x34ced
150	sampled_operand_known	311->42:prefix_32_of_92651	4	1	1	1	311:1	42:1	+0x169eb:1	prefix_32_of_92651:1	dispatch@0xc80b9:1	inside=69@0x334a3d-0x3369f2+0x0	0x31e052	0x334a3d	positive VM IP delta exceeds logged byte window; sampled_operand_events=1;operand_min_len=0xa;operand_shape=b0@+0x0,u32_0@+0x0,u16_1@+0x1,u16_3@+0x3,u16_4@+0x4,u32_6@+0x6;source_observations=exact:1;ir=sampled operand footprint 0xa; observed target table[42], delta +0x169eb
151	sampled_operand_known	95->42:prefix_32_of_118830	4	1	1	1	95:1	42:1	+0x1d02e:1	prefix_32_of_118830:1	dispatch@0xc80b9:1	inside=73@0x33b647-0x33d2d9+0x0	0x31e619	0x33b647	positive VM IP delta exceeds logged byte window; sampled_operand_events=1;operand_min_len=0xa;operand_shape=u16_0@+0x0,u32_0@+0x0,u16_2@+0x2,u16_4@+0x4,u16_6@+0x6,u32_6@+0x6;source_observations=exact:1;ir=sampled operand footprint 0xa; observed target table[42], delta +0x1d02e
152	sampled_operand_source	175	4	1	0	0	175:1	310@0xb8556:1	+0x2cef7:1	sampled_operand_known:1	dispatch@0xcdac7:1				source_target=0x9c08f;unique_vm_ips=1;top_targets=310@0xb8556:1;top_deltas=+0x2cef7:1;sampled_operand_events=1;sampled_operand_variants=1;sampled_operand_lens=0x6:1;sampled_operand_shapes=1=u16_0@+0x0,u32_0@+0x0,u16_2@+0x2,u16_4@+0x4;sampled_operand_top_ir=1=sampled operand footprint 0x6; observed target table[310], delta +0x2cef7
153	unobserved_entry	1	1	0	0	0	1:0	0x78835:0		unobserved:0					target=0x78835;frame_reads=0xa,0x23,0x170,0x71,0xbb,0x81,0x194,0x10f;frame_writes=0x170,0x23,0x1dc,0x60,0xa;ip_reads=+0x6/2,+0x4/2,+0x0/4,+0x2/4,+0x2/8,+0x0/2;rets=1
154	unobserved_entry	10	1	0	0	0	10:0	0x7a04f:0		unobserved:0					target=0x7a04f;frame_reads=0x0,0x170,0x81,0x194,0xa,0x23,0x60,0x71,0x10f;frame_writes=0x170,0x23,0x71,0x0,0x60,0xa;ip_reads=+0x4/1,+0x2/2,+0x0/2;rets=0
155	unobserved_entry	100	1	0	0	0	100:0	0x8cc81:0		unobserved:0					target=0x8cc81;frame_reads=0xa,0x170,0x0,0x199,0x10f;frame_writes=0x170,0xa;ip_reads=+0x0/2,+0x2/2,+0x6/2,+0x8/1,+0x4/2,+0x9/2;rets=0
156	unobserved_entry	103	1	0	0	0	103:0	0x8df9c:0		unobserved:0					target=0x8df9c;frame_reads=0xa,0x0,0x60,0x81,0x194,0x71,0x10f,0x170;frame_writes=0x71,0x0,0x60,0x170,0xa;ip_reads=+0x3/2,+0x2/1,+0x0/2;rets=0
157	unobserved_entry	104	1	0	0	0	104:0	0x8e2ef:0		unobserved:0					target=0x8e2ef;frame_reads=0x23,0xa,0x60,0x0,0x194,0x71,0x10f,0x170;frame_writes=0x23,0x71,0x60,0x0,0xa;ip_reads=+0x0/1,+0x1/2,+0x3/2;rets=0
158	unobserved_entry	106	1	0	0	0	106:0	0x8eb79:0		unobserved:0					target=0x8eb79;frame_reads=0xa,0x0,0x60,0x194,0x71,0x10f;frame_writes=0x71,0x0,0x60,0x23,0x170,0xa;ip_reads=+0x0/1,+0x1/2,+0x3/2;rets=0
159	unobserved_entry	109	1	0	0	0	109:0	0x8f6d1:0		unobserved:0					target=0x8f6d1;frame_reads=0xa,0x194,0x10f,0x170;frame_writes=0x170,0xa;ip_reads=+0x2/2,+0x6/2,+0x4/2,+0x0/2;rets=0
160	unobserved_entry	11	1	0	0	0	11:0	0x7a4d8:0		unobserved:0					target=0x7a4d8;frame_reads=0xa,0x12,0xbb,0x10f,0x170;frame_writes=0x12,0x1dc,0x170,0xa;ip_reads=+0x6/2,+0x8/1,+0x0/4,+0x4/2,+0x9/2,+0xb/2;rets=1
161	unobserved_entry	110	1	0	0	0	110:0	0x8f834:0		unobserved:0					target=0x8f834;frame_reads=0xa,0x0,0x170,0xbb,0x71,0x10f;frame_writes=0x170,0x71,0x1dc,0x0,0xa;ip_reads=+0x2/4,+0x0/2,+0x0/1,+0x1/2,+0x3/2;rets=1
162	unobserved_entry	111	1	0	0	0	111:0	0x8f8ae:0		unobserved:0					target=0x8f8ae;frame_reads=0x0,0xa,0x170,0x71,0x10f;frame_writes=0x170,0x71,0x0,0xa;ip_reads=+0x0/1,+0x1/2,+0x3/2;rets=0
163	unobserved_entry	113	1	0	0	0	113:0	0x9026f:0		unobserved:0					target=0x9026f;frame_reads=0x23,0x170,0xa,0x81,0x0,0x194,0xbb,0x71,0x10f;frame_writes=0x23,0x170,0x1dc,0x0,0x16f,0xa;ip_reads=+0x6/2,+0x4/2,+0x0/4,+0x2/2,+0x0/2;rets=1
164	unobserved_entry	115	1	0	0	0	115:0	0x90895:0		unobserved:0					target=0x90895;frame_reads=0xa,0x23,0x170,0x0,0x10f;frame_writes=0x170,0xa;ip_reads=+0x2/2,+0x0/2,+0x4/2,+0x6/2;rets=0
165	unobserved_entry	116	1	0	0	0	116:0	0x90a1b:0		unobserved:0					target=0x90a1b;frame_reads=0xa,0x10f;frame_writes=0xa,0x1dc;ip_reads=+0x0/4,+0x0/2,+0x4/4;rets=1
166	unobserved_entry	12	1	0	0	0	12:0	0x7acd8:0		unobserved:0					target=0x7acd8;frame_reads=0xa,0x23,0x10f,0x170;frame_writes=0x170,0xa;ip_reads=+0x4/2,+0x6/2,+0x2/2,+0x0/2;rets=0
167	unobserved_entry	120	1	0	0	0	120:0	0x9106a:0		unobserved:0					target=0x9106a;frame_reads=0xa,0x71,0x199,0x10f;frame_writes=0x23,0x170,0xa;ip_reads=+0x4/2,+0x6/2,+0x9/2,+0x8/1,+0x2/2,+0x0/2;rets=0
168	unobserved_entry	126	1	0	0	0	126:0	0x92615:0		unobserved:0					target=0x92615;frame_reads=0xa,0x194,0x0,0xbb,0x81,0x71,0x10f,0x170,0x23;frame_writes=0x71,0x1dc,0x0,0x170,0xa;ip_reads=+0x3/2,+0x6/2,+0x4/2,+0x0/4,+0x2/1,+0x0/2;rets=1
169	unobserved_entry	132	1	0	0	0	132:0	0x93f79:0		unobserved:0					target=0x93f79;frame_reads=0xa,0x23,0x170,0x81,0xbb,0x194,0x0,0x10f;frame_writes=0x23,0x170,0x1dc,0x16f,0x0,0xa;ip_reads=+0x0/2,+0x2/4,+0x2/2,+0x0/4,+0x4/2;rets=2
170	unobserved_entry	133	1	0	0	0	133:0	0x93ff3:0		unobserved:0					target=0x93ff3;frame_reads=0xa,0x23,0x170,0x81,0x194,0x0,0x10f;frame_writes=0x23,0x170,0x1dc,0x16f,0x0,0xa;ip_reads=+0x0/2,+0x2/2,+0x0/4,+0x4/2;rets=1
171	unobserved_entry	134	1	0	0	0	134:0	0x9406d:0		unobserved:0					target=0x9406d;frame_reads=0x23,0x170,0x81,0xa,0x194,0x0,0x10f;frame_writes=0x23,0x170,0x16f,0x0,0xa;ip_reads=+0x0/4,+0x4/2;rets=0
172	unobserved_entry	135	1	0	0	0	135:0	0x94478:0		unobserved:0					target=0x94478;frame_reads=0xa,0x170,0x0,0x199,0x10f;frame_writes=0xa;ip_reads=+0x0/2,+0x7/2,+0x3/2,+0x5/2;rets=0
173	unobserved_entry	137	1	0	0	0	137:0	0x94973:0		unobserved:0					target=0x94973;frame_reads=0xa,0x170,0x0,0x199,0x10f;frame_writes=0x170,0xa;ip_reads=+0x0/2,+0x4/2,+0x6/2,+0x2/2;rets=0
174	unobserved_entry	138	1	0	0	0	138:0	0x94c3a:0		unobserved:0					target=0x94c3a;frame_reads=0xa,0x170,0x81,0x10f;frame_writes=0x23,0x170,0xa;ip_reads=+0x6/2,+0x4/2,+0x2/2,+0x0/2;rets=0
175	unobserved_entry	139	1	0	0	0	139:0	0x94ddf:0		unobserved:0					target=0x94ddf;frame_reads=0x23,0xa,0x170,0x81,0x0,0x194,0xbb,0x10f;frame_writes=0x23,0x170,0x1dc,0x60,0xa;ip_reads=+0x0/4,+0x4/2,+0x2/4,+0x0/2;rets=1
176	unobserved_entry	14	1	0	0	0	14:0	0x7b3be:0		unobserved:0					target=0x7b3be;frame_reads=0xa,0x0,0x60,0xe1,0x23,0x71,0x10f;frame_writes=0x71,0x170,0x0,0x60,0xa;ip_reads=+0x4/1,+0x2/2,+0x0/2;rets=0
177	unobserved_entry	141	1	0	0	0	141:0	0x951c2:0		unobserved:0					target=0x951c2;frame_reads=0xa,0x71,0x10f,0x170;frame_writes=0xa;ip_reads=+0x6/2,+0x0/2,+0x4/2,+0x2/2;rets=0
178	unobserved_entry	143	1	0	0	0	143:0	0x957d9:0		unobserved:0					target=0x957d9;frame_reads=0xa,0x0,0x194,0x81,0x170,0xbb,0x71,0x16f,0x23,0x10f;frame_writes=0x170,0x23,0x1dc,0xa;ip_reads=+0x6/2,+0x4/2,+0x0/4,+0x0/2;rets=1
179	unobserved_entry	147	1	0	0	0	147:0	0x96918:0		unobserved:0					target=0x96918;frame_reads=0xa,0x0,0x71,0x23,0x10f;frame_writes=0x71,0x0,0x170,0xa;ip_reads=+0x0/1,+0x3/2,+0x1/2;rets=0
180	unobserved_entry	149	1	0	0	0	149:0	0x96eb4:0		unobserved:0					target=0x96eb4;frame_reads=0xa,0x0,0x60,0x194,0x71,0x23,0x10f;frame_writes=0x71,0x170,0x1dc,0x60,0x0,0xa;ip_reads=+0x0/2,+0x2/2,+0x4/1;rets=1
181	unobserved_entry	15	1	0	0	0	15:0	0x7b6cb:0		unobserved:0					target=0x7b6cb;frame_reads=0xa,0x60,0x0,0x71,0x23,0xe1,0x10f,0x81;frame_writes=0x170,0x71,0x1dc,0x60,0x0,0xa;ip_reads=+0x0/4,+0x0/1,+0x3/2,+0x1/2;rets=1
182	unobserved_entry	150	1	0	0	0	150:0	0x96f2a:0		unobserved:0					target=0x96f2a;frame_reads=0xa,0x0,0x60,0x194,0x71,0x23,0x10f;frame_writes=0x71,0x170,0x60,0x0,0xa;ip_reads=+0x0/2,+0x4/1,+0x2/2;rets=0
183	unobserved_entry	152	1	0	0	0	152:0	0x9768c:0		unobserved:0					target=0x9768c;frame_reads=0xa,0x170,0x199,0x0,0x10f;frame_writes=0x170,0xa;ip_reads=+0x9/2,+0x1/2,+0x7/2,+0x0/1,+0x3/2,+0x5/2;rets=0
184	unobserved_entry	155	1	0	0	0	155:0	0x980ab:0		unobserved:0					target=0x980ab;frame_reads=0xa,0x170,0x0,0x199,0x10f;frame_writes=0x170,0xa;ip_reads=+0x0/2,+0x4/2,+0x6/2,+0x2/2;rets=0
185	unobserved_entry	156	1	0	0	0	156:0	0x98354:0		unobserved:0					target=0x98354;frame_reads=0x23,0x194,0x0,0xa,0x81,0x170,0x60,0x71,0x10f;frame_writes=0x23,0x170,0x71,0x0,0x60,0xa;ip_reads=+0x4/1,+0x0/2,+0x2/2;rets=0
186	unobserved_entry	159	1	0	0	0	159:0	0x992cd:0		unobserved:0					target=0x992cd;frame_reads=0xa,0x23,0x199,0x194,0x10f,0x170,0x81;frame_writes=0x23,0x170,0xa;ip_reads=+0x2/2,+0x0/2,+0x6/2,+0x4/2;rets=0
187	unobserved_entry	16	1	0	0	0	16:0	0x7b77c:0		unobserved:0					target=0x7b77c;frame_reads=0xa,0x60,0x0,0x71,0x23,0xe1,0x10f,0x81;frame_writes=0x170,0x71,0x60,0x0,0xa;ip_reads=+0x0/1,+0x3/2,+0x1/2;rets=0
188	unobserved_entry	162	1	0	0	0	162:0	0x99b3c:0		unobserved:0					target=0x99b3c;frame_reads=0xa,0x199,0x10f;frame_writes=0x170,0xa;ip_reads=+0x7/2,+0x3/2,+0x5/2,+0x2/1,+0x0/2,+0x9/2;rets=0
189	unobserved_entry	163	1	0	0	0	163:0	0x99e21:0		unobserved:0					target=0x99e21;frame_reads=0xa,0x0,0x60,0x194,0x71,0x23,0x10f,0x170;frame_writes=0x170,0x71,0x1dc,0x0,0x60,0xa;ip_reads=+0x2/2,+0x0/2,+0x4/1;rets=1
190	unobserved_entry	164	1	0	0	0	164:0	0x99e99:0		unobserved:0					target=0x99e99;frame_reads=0xa,0x0,0x60,0x194,0x71,0x23,0x10f,0x170;frame_writes=0x170,0x71,0x0,0x60,0xa;ip_reads=+0x2/2,+0x4/1,+0x0/2;rets=0
191	unobserved_entry	166	1	0	0	0	166:0	0x9a46e:0		unobserved:0					target=0x9a46e;frame_reads=0x170,0x23,0x81,0x71,0xa,0x0,0x10f;frame_writes=0x170,0x23,0x16f,0x0,0xa;ip_reads=+0x2/4,+0x0/2;rets=0
192	unobserved_entry	170	1	0	0	0	170:0	0x9b0c8:0		unobserved:0					target=0x9b0c8;frame_reads=0xa,0x194,0x199,0x81,0x23,0x10f,0x170;frame_writes=0x23,0x170,0xa;ip_reads=+0x9/2,+0x3/2,+0x5/2,+0x0/1,+0x1/2,+0x7/2;rets=0
193	unobserved_entry	177	1	0	0	0	177:0	0x9c3f7:0		unobserved:0					target=0x9c3f7;frame_reads=0xa,0x10f;frame_writes=0x199,0x170,0xa;ip_reads=+0x3/2,+0x2/1,+0x0/2;rets=0
194	unobserved_entry	178	1	0	0	0	178:0	0x9c74a:0		unobserved:0					target=0x9c74a;frame_reads=0xa,0x81,0x199,0x10f;frame_writes=0xa;ip_reads=+0x9/2,+0x2/2,+0x0/2,+0x6/1,+0x7/2,+0x4/2;rets=0
195	unobserved_entry	182	1	0	0	0	182:0	0x9d24c:0		unobserved:0					target=0x9d24c;frame_reads=0xa,0x23,0x10f;frame_writes=0x23,0x170,0xa;ip_reads=+0x2/2,+0x6/2,+0x0/2,+0x4/2;rets=0
196	unobserved_entry	19	1	0	0	0	19:0	0x7c30a:0		unobserved:0					target=0x7c30a;frame_reads=0xa,0x81,0x199,0x10f,0x170;frame_writes=0x170,0xa;ip_reads=+0x4/2,+0x2/2,+0x9/2,+0x8/1,+0x0/2,+0x6/2;rets=0
197	unobserved_entry	191	1	0	0	0	191:0	0x9ede9:0		unobserved:0					target=0x9ede9;frame_reads=0xa,0x0,0x71,0x10f,0x170,0x23;frame_writes=0x170,0x71,0x0,0xa;ip_reads=+0x4/1,+0x0/2,+0x2/2;rets=0
198	unobserved_entry	193	1	0	0	0	193:0	0x9f77c:0		unobserved:0					target=0x9f77c;frame_reads=0xa,0x23,0x71,0x199,0x10f,0x170;frame_writes=0x170,0xa;ip_reads=+0x3/2,+0x7/2,+0x0/2,+0x5/2;rets=0
199	unobserved_entry	194	1	0	0	0	194:0	0x9faa4:0		unobserved:0					target=0x9faa4;frame_reads=0xa,0x23,0x170,0x71,0xbb,0x81,0x194,0x10f;frame_writes=0x170,0x23,0x1dc,0x81,0xa;ip_reads=+0x4/2,+0x0/4,+0x6/2,+0x0/2,+0x2/2;rets=2
200	unobserved_entry	197	1	0	0	0	197:0	0xa006b:0		unobserved:0					target=0xa006b;frame_reads=0xa,0x10f,0x170,0x81;frame_writes=0x199,0x170,0xa;ip_reads=+0x0/2,+0x4/1,+0x2/2;rets=0
201	unobserved_entry	2	1	0	0	0	2:0	0x788e2:0		unobserved:0					target=0x788e2;frame_reads=0x23,0xa,0x170,0x71,0x81,0x194,0x10f;frame_writes=0x170,0x23,0x60,0xa;ip_reads=+0x2/4,+0x2/8,+0x0/2;rets=0
202	unobserved_entry	202	1	0	0	0	202:0	0xa13d6:0		unobserved:0					target=0xa13d6;frame_reads=0x23,0xa,0x170,0x81,0x0,0x194,0xbb,0x10f;frame_writes=0x170,0x23,0x1dc,0x81,0xa;ip_reads=+0x6/2,+0x4/2,+0x0/4,+0x2/2,+0x0/2;rets=1
203	unobserved_entry	204	1	0	0	0	204:0	0xa1939:0		unobserved:0					target=0xa1939;frame_reads=0xa,0x81,0x194,0x10f;frame_writes=0x170,0xa;ip_reads=+0x2/2,+0x6/2,+0x0/2,+0x4/2;rets=0
204	unobserved_entry	205	1	0	0	0	205:0	0xa1a95:0		unobserved:0					target=0xa1a95;frame_reads=0xa,0x71,0x60,0x0,0xbb,0x194,0x10f;frame_writes=0x71,0x1dc,0x60,0x0,0x170,0xa;ip_reads=+0x1/2,+0x6/2,+0x4/2,+0x0/4,+0x0/1,+0x3/2;rets=1
205	unobserved_entry	206	1	0	0	0	206:0	0xa1b3e:0		unobserved:0					target=0xa1b3e;frame_reads=0xa,0x71,0x60,0x0,0x194,0x10f;frame_writes=0x71,0x60,0x0,0x170,0xa;ip_reads=+0x1/2,+0x0/1,+0x3/2;rets=0
206	unobserved_entry	207	1	0	0	0	207:0	0xa1ecf:0		unobserved:0					target=0xa1ecf;frame_reads=0x23,0x81,0x170,0x0,0xa,0x194,0x10f;frame_writes=0x170,0x16f,0x0,0x23,0xa;ip_reads=+0x0/4,+0x4/2;rets=0
207	unobserved_entry	21	1	0	0	0	21:0	0x7ca98:0		unobserved:0					target=0x7ca98;frame_reads=0x81,0xa,0x194,0x23,0x0,0x170,0x60,0x71,0x10f;frame_writes=0x23,0x170,0x71,0x1dc,0x60,0x0,0xa;ip_reads=+0x0/4,+0x2/1,+0x0/2,+0x3/2;rets=1
208	unobserved_entry	211	1	0	0	0	211:0	0xa36c9:0		unobserved:0					target=0xa36c9;frame_reads=0x81,0x23,0x170,0xa,0x71,0x10f;frame_writes=0x23,0x170,0x60,0xa;ip_reads=+0x0/4,+0x0/8,+0x8/2;rets=0
209	unobserved_entry	212	1	0	0	0	212:0	0xa3a4b:0		unobserved:0					target=0xa3a4b;frame_reads=0xa,0x170,0x199,0x23,0x10f;frame_writes=0x23,0x170,0xa;ip_reads=+0x0/2,+0x4/2,+0x6/2,+0x2/2;rets=0
210	unobserved_entry	213	1	0	0	0	213:0	0xa3dc7:0		unobserved:0					target=0xa3dc7;frame_reads=0xa,0x81,0x0,0x10f,0x194;frame_writes=0x170,0xa;ip_reads=+0x6/2,+0x0/2,+0x4/2,+0x2/2;rets=0
211	unobserved_entry	218	1	0	0	0	218:0	0xa4df7:0		unobserved:0					target=0xa4df7;frame_reads=0xa,0x0,0x60,0x194,0x71,0x10f,0x170;frame_writes=0x71,0x170,0x60,0x0,0xa;ip_reads=+0x2/2,+0x4/1,+0x0/2;rets=0
212	unobserved_entry	219	1	0	0	0	219:0	0xa517b:0		unobserved:0					target=0xa517b;frame_reads=0xa,0x170,0x81,0x71,0x23,0x0,0x60,0x194,0x10f;frame_writes=0x170,0x23,0x71,0x1dc,0x0,0x60,0xa;ip_reads=+0x0/4,+0x0/1,+0x1/2,+0x3/2;rets=1
213	unobserved_entry	22	1	0	0	0	22:0	0x7cb43:0		unobserved:0					target=0x7cb43;frame_reads=0x81,0x194,0x23,0x0,0x170,0xa,0x60,0x71,0x10f;frame_writes=0x23,0x170,0x71,0x60,0x0,0xa;ip_reads=+0x2/1,+0x0/2,+0x3/2;rets=0
214	unobserved_entry	223	1	0	0	0	223:0	0xa6470:0		unobserved:0					target=0xa6470;frame_reads=0x81,0x71,0xa,0x60,0x0,0x194,0x23,0x10f,0x170;frame_writes=0x170,0x71,0x60,0x0,0xa;ip_reads=+0x2/1,+0x3/2,+0x0/2;rets=0
215	unobserved_entry	224	1	0	0	0	224:0	0xa68c2:0		unobserved:0					target=0xa68c2;frame_reads=0xa,0x170,0x199,0x23,0x0,0x10f,0x60;frame_writes=0x23,0x170,0xa;ip_reads=+0x5/2,+0x7/2,+0x1/2,+0x3/2;rets=0
216	unobserved_entry	226	1	0	0	0	226:0	0xa6e55:0		unobserved:0					target=0xa6e55;frame_reads=0xa,0xbb,0x170,0x199,0x23,0x10f;frame_writes=0x1dc,0x170,0x23,0xa;ip_reads=+0x0/2,+0x2/2,+0x4/2,+0x6/2,+0x0/4,+0x9/2,+0x6/1,+0x7/2;rets=2
217	unobserved_entry	227	1	0	0	0	227:0	0xa6f03:0		unobserved:0					target=0xa6f03;frame_reads=0xa,0x170,0x199,0x23,0x10f;frame_writes=0x170,0x1dc,0x23,0xa;ip_reads=+0x0/2,+0x2/2,+0x9/2,+0x6/1,+0x7/2,+0x4/2;rets=1
218	unobserved_entry	228	1	0	0	0	228:0	0xa6f79:0		unobserved:0					target=0xa6f79;frame_reads=0xa,0x170,0x199,0x23,0x10f;frame_writes=0x170,0x23,0xa;ip_reads=+0x0/2,+0x2/2,+0x9/2,+0x6/1,+0x7/2,+0x4/2;rets=0
219	unobserved_entry	23	1	0	0	0	23:0	0x7d007:0		unobserved:0					target=0x7d007;frame_reads=0x0,0x81,0x71,0xa,0x23,0x60,0x194,0x170,0x10f;frame_writes=0x170,0x71,0x23,0x0,0x60,0xa;ip_reads=+0x2/1,+0x0/2,+0x3/2;rets=0
220	unobserved_entry	230	1	0	0	0	230:0	0xa757f:0		unobserved:0					target=0xa757f;frame_reads=0x81,0x71,0x0,0xa,0x60,0x23,0x194,0x170,0x10f;frame_writes=0x170,0x23,0x71,0x60,0x0,0xa;ip_reads=+0x4/1,+0x0/2,+0x2/2;rets=0
221	unobserved_entry	232	1	0	0	0	232:0	0xa7ef8:0		unobserved:0					target=0xa7ef8;frame_reads=0xa,0x81,0x199,0x23,0x10f;frame_writes=0x170,0xa;ip_reads=+0x1/2,+0x7/2,+0x5/2,+0x3/2;rets=0
222	unobserved_entry	233	1	0	0	0	233:0	0xa81c4:0		unobserved:0					target=0xa81c4;frame_reads=0xa,0x199,0x81,0x10f,0x170;frame_writes=0x1dc,0x23,0x170,0xa;ip_reads=+0x0/2,+0x3/2,+0x9/2,+0x2/2,+0x5/2,+0x2/1,+0x7/2;rets=1
223	unobserved_entry	234	1	0	0	0	234:0	0xa823e:0		unobserved:0					target=0xa823e;frame_reads=0xa,0x199,0x81,0x10f,0x170;frame_writes=0x23,0x170,0xa;ip_reads=+0x3/2,+0x9/2,+0x5/2,+0x2/1,+0x7/2,+0x0/2;rets=0
224	unobserved_entry	235	1	0	0	0	235:0	0xa8450:0		unobserved:0					target=0xa8450;frame_reads=0xa,0x0,0x60,0x170,0x194,0x71,0x10f;frame_writes=0x71,0x60,0x0,0x170,0xa;ip_reads=+0x3/2,+0x2/1,+0x0/2;rets=0
225	unobserved_entry	236	1	0	0	0	236:0	0xa87b6:0		unobserved:0					target=0xa87b6;frame_reads=0x0,0x23,0x170,0x81,0x194,0xa,0x60,0x71,0x10f;frame_writes=0x23,0x170,0x71,0x0,0x60,0xa;ip_reads=+0x2/1,+0x3/2,+0x0/2;rets=0
226	unobserved_entry	238	1	0	0	0	238:0	0xa94a5:0		unobserved:0					target=0xa94a5;frame_reads=0x0,0x23,0xa,0x60,0x81,0x71,0x170,0x194,0x10f;frame_writes=0x170,0x23,0x71,0x60,0x0,0xa;ip_reads=+0x2/1,+0x0/2,+0x3/2;rets=0
227	unobserved_entry	24	1	0	0	0	24:0	0x7d5ec:0		unobserved:0					target=0x7d5ec;frame_reads=0xa,0x23,0x199,0x10f,0x170;frame_writes=0x23,0xa;ip_reads=+0x0/2,+0x4/2,+0x9/2,+0x6/1,+0x7/2,+0x2/2;rets=0
228	unobserved_entry	244	1	0	0	0	244:0	0xaaf3e:0		unobserved:0					target=0xaaf3e;frame_reads=0xa,0x170,0x0,0x199,0x23,0x10f;frame_writes=0x23,0xa;ip_reads=+0x7/2,+0x0/2,+0x5/2,+0x2/2;rets=0
229	unobserved_entry	247	1	0	0	0	247:0	0xabd6f:0		unobserved:0					target=0xabd6f;frame_reads=0xa,0x10f,0x170,0x81;frame_writes=0x199,0x170,0xa;ip_reads=+0x3/2,+0x2/1,+0x0/2;rets=0
230	unobserved_entry	249	1	0	0	0	249:0	0xac440:0		unobserved:0					target=0xac440;frame_reads=0xa,0x81,0x23,0x199,0x10f,0x170;frame_writes=0x23,0x170,0xa;ip_reads=+0x9/2,+0x4/2,+0x2/2,+0x8/1,+0x6/2,+0x0/2;rets=0
231	unobserved_entry	25	1	0	0	0	25:0	0x7d941:0		unobserved:0					target=0x7d941;frame_reads=0xa,0x170,0x71,0x199,0x10f;frame_writes=0x23,0x170,0xa;ip_reads=+0x0/2,+0x7/2,+0x9/2,+0x6/1,+0x2/2,+0x4/2;rets=0
232	unobserved_entry	252	1	0	0	0	252:0	0xacefd:0		unobserved:0					target=0xacefd;frame_reads=0x81,0xa,0x170,0x23,0x0,0x194,0x10f;frame_writes=0x170,0x23,0x1dc,0x60,0xa;ip_reads=+0x0/4,+0x2/4,+0x0/2;rets=1
233	unobserved_entry	255	1	0	0	0	255:0	0xad768:0		unobserved:0					target=0xad768;frame_reads=0xa,0x10f,0x170;frame_writes=0xa;ip_reads=+0x2/2,+0x6/2,+0x0/2,+0x4/2;rets=0
234	unobserved_entry	262	1	0	0	0	262:0	0xaef02:0		unobserved:0					target=0xaef02;frame_reads=0xa,0x170,0x199,0x194,0x23,0x10f;frame_writes=0x170,0xa;ip_reads=+0x2/2,+0x4/2,+0x0/2,+0xa/1,+0x6/2,+0x8/2;rets=0
235	unobserved_entry	263	1	0	0	0	263:0	0xaf26d:0		unobserved:0					target=0xaf26d;frame_reads=0xa,0x170,0x23,0x199,0x0,0x10f;frame_writes=0x23,0x170,0xa;ip_reads=+0x4/2,+0x9/2,+0x6/2,+0x8/1,+0x2/2,+0x0/2;rets=0
236	unobserved_entry	265	1	0	0	0	265:0	0xaf57f:0		unobserved:0					target=0xaf57f;frame_reads=0xa,0x0,0x10f,0x170;frame_writes=0x170,0xa;ip_reads=+0x18/2,+0x1a/2,+0x12/2,+0xa/2,+0x16/2,+0xe/2,+0x14/2,+0xc/2,+0x6/2,+0x0/2,+0x2/2,+0x1e/2,+0x20/2,+0x4/2,+0x1c/2,+0x10/2,+0x8/2;rets=0
237	unobserved_entry	27	1	0	0	0	27:0	0x7dfbf:0		unobserved:0					target=0x7dfbf;frame_reads=0xa,0x170,0x10f;frame_writes=0x199,0x170,0xa;ip_reads=+0x3/2,+0x2/1,+0x0/2;rets=0
238	unobserved_entry	270	1	0	0	0	270:0	0xb0930:0		unobserved:0					target=0xb0930;frame_reads=0xa,0x23,0x170,0x81,0x0,0xbb,0x194,0x10f;frame_writes=0x170,0x23,0x1dc,0x60,0xa;ip_reads=+0x0/4,+0x4/2,+0x0/8,+0x8/2;rets=1
239	unobserved_entry	271	1	0	0	0	271:0	0xb09ab:0		unobserved:0					target=0xb09ab;frame_reads=0x23,0x170,0xa,0x81,0x0,0x194,0x10f;frame_writes=0x170,0x23,0x60,0xa;ip_reads=+0x0/4,+0x0/8,+0x8/2;rets=0
240	unobserved_entry	272	1	0	0	0	272:0	0xb0e30:0		unobserved:0					target=0xb0e30;frame_reads=0xa,0x170,0x23,0x199,0x0,0x10f;frame_writes=0x170,0xa;ip_reads=+0x6/2,+0x4/2,+0x8/2,+0xa/1,+0x2/2,+0x0/2;rets=0
241	unobserved_entry	274	1	0	0	0	274:0	0xb1548:0		unobserved:0					target=0xb1548;frame_reads=0xa,0x23,0x199,0x10f,0x170;frame_writes=0x23,0x170,0xa;ip_reads=+0x7/2,+0x5/2,+0x3/2,+0x2/1,+0x9/2,+0x0/2;rets=0
242	unobserved_entry	275	1	0	0	0	275:0	0xb180e:0		unobserved:0					target=0xb180e;frame_reads=0xa,0x170,0x0,0x199,0x23,0x10f;frame_writes=0x23,0x170,0xa;ip_reads=+0x5/2,+0x7/2,+0x9/2,+0x0/1,+0x3/2,+0x1/2;rets=0
243	unobserved_entry	277	1	0	0	0	277:0	0xb1fd5:0		unobserved:0					target=0xb1fd5;frame_reads=0xa,0x0,0x170,0x60,0x194,0x23,0x71,0x10f;frame_writes=0x71,0x170,0x60,0x0,0xa;ip_reads=+0x3/2,+0x2/1,+0x0/2;rets=0
244	unobserved_entry	279	1	0	0	0	279:0	0xb23f7:0		unobserved:0					target=0xb23f7;frame_reads=0xa,0x0,0x23,0x194,0x81,0x71,0x10f,0x170;frame_writes=0x71,0x170,0x0,0xa;ip_reads=+0x4/1,+0x0/2,+0x2/2;rets=0
245	unobserved_entry	286	1	0	0	0	286:0	0xb42e2:0		unobserved:0					target=0xb42e2;frame_reads=0xa,0x0,0x170,0x23,0x194,0x71,0x10f;frame_writes=0x170,0x71,0x0,0x23,0xa;ip_reads=+0x4/1,+0x0/2,+0x2/2;rets=0
246	unobserved_entry	288	1	0	0	0	288:0	0xb4980:0		unobserved:0					target=0xb4980;frame_reads=0xa,0x170,0xbb,0x81,0x0,0x10f;frame_writes=0x1dc,0xa;ip_reads=+0x6/2,+0x4/2,+0x0/4,+0x2/2,+0x0/2;rets=1
247	unobserved_entry	289	1	0	0	0	289:0	0xb4a2b:0		unobserved:0					target=0xb4a2b;frame_reads=0xa,0x170,0x81,0x0,0x10f;frame_writes=0xa;ip_reads=+0x6/2,+0x4/2,+0x2/2,+0x0/2;rets=0
248	unobserved_entry	29	1	0	0	0	29:0	0x7e7cd:0		unobserved:0					target=0x7e7cd;frame_reads=0x81,0xa,0x170,0x23,0x194,0x0,0xbb,0x71,0x10f;frame_writes=0x23,0x170,0x1dc,0x60,0xa;ip_reads=+0x0/2,+0x2/4,+0x2/2;rets=1
249	unobserved_entry	293	1	0	0	0	293:0	0xb593f:0		unobserved:0					target=0xb593f;frame_reads=0xa,0x23,0x81,0x194,0x10f,0x170;frame_writes=0x23,0x170,0x60,0xa;ip_reads=+0x0/4,+0x0/8,+0x8/2;rets=0
250	unobserved_entry	294	1	0	0	0	294:0	0xb5d7c:0		unobserved:0					target=0xb5d7c;frame_reads=0xa,0x10f,0x170;frame_writes=0x199,0x170,0xa;ip_reads=+0x0/2,+0x4/1,+0x2/2;rets=0
251	unobserved_entry	296	1	0	0	0	296:0	0xb625d:0		unobserved:0					target=0xb625d;frame_reads=0xa,0x0,0x81,0x194,0x71,0x10f;frame_writes=0x71,0x0,0x170,0xa;ip_reads=+0x0/1,+0x1/2,+0x3/2;rets=0
252	unobserved_entry	298	1	0	0	0	298:0	0xb6902:0		unobserved:0					target=0xb6902;frame_reads=0xa,0x199,0x10f,0x170;frame_writes=0xa;ip_reads=+0x5/2,+0x3/2,+0x0/2,+0x7/2;rets=0
253	unobserved_entry	303	1	0	0	0	303:0	0xb769c:0		unobserved:0					target=0xb769c;frame_reads=0xa,0x170,0x0,0x10f;frame_writes=0x1dc,0x23,0xa;ip_reads=+0x2/2,+0x0/2,+0x4/2,+0x6/2;rets=1
254	unobserved_entry	304	1	0	0	0	304:0	0xb7717:0		unobserved:0					target=0xb7717;frame_reads=0xa,0x170,0x0,0x10f;frame_writes=0x23,0xa;ip_reads=+0x4/2,+0x2/2,+0x6/2,+0x0/2;rets=0
255	unobserved_entry	306	1	0	0	0	306:0	0xb7bba:0		unobserved:0					target=0xb7bba;frame_reads=0x23,0x81,0x170,0xa,0x0,0x10f;frame_writes=0x170,0x23,0x16f,0x0,0xa;ip_reads=+0x0/4,+0x4/2;rets=0
256	unobserved_entry	309	1	0	0	0	309:0	0xb84a7:0		unobserved:0					target=0xb84a7;frame_reads=0xa,0x194,0x23,0x71,0x10f;frame_writes=0x23,0x1dc,0xa;ip_reads=+0x0/4,+0x0/2,+0x2/2;rets=1
257	unobserved_entry	312	1	0	0	0	312:0	0xb87aa:0		unobserved:0					target=0xb87aa;frame_reads=0x194,0x81,0xa,0x0,0x60,0x170,0x23,0x71,0x10f;frame_writes=0x170,0x71,0x23,0x0,0x60,0xa;ip_reads=+0x0/1,+0x1/2,+0x3/2;rets=0
258	unobserved_entry	318	1	0	0	0	318:0	0xba683:0		unobserved:0					target=0xba683;frame_reads=0xa,0x23,0x170,0x0,0x71,0x81,0x60,0xbb,0x194,0x10f;frame_writes=0x23,0x170,0x71,0x1dc,0x0,0x60,0xa;ip_reads=+0x6/2,+0x4/2,+0x0/4,+0x4/1,+0x0/2,+0x2/2;rets=1
259	unobserved_entry	32	1	0	0	0	32:0	0x7efa8:0		unobserved:0					target=0x7efa8;frame_reads=0xa,0x12,0xbb,0x10f,0x170;frame_writes=0x12,0x1dc,0x170,0xa;ip_reads=+0x6/2,+0x8/1,+0x0/4,+0x4/2,+0x9/2,+0xb/2;rets=1
260	unobserved_entry	324	1	0	0	0	324:0	0xbb8aa:0		unobserved:0					target=0xbb8aa;frame_reads=0xa,0x170,0x23,0x0,0x10f,0x60;frame_writes=0x170,0xa;ip_reads=+0x4/2,+0x6/2,+0x2/2,+0x0/2;rets=0
261	unobserved_entry	325	1	0	0	0	325:0	0xbba0f:0		unobserved:0					target=0xbba0f;frame_reads=0x71,0xa,0x60,0x81,0x0,0x194,0x23,0x10f;frame_writes=0x170,0x71,0x60,0x0,0xa;ip_reads=+0x2/1,+0x0/2,+0x3/2;rets=0
262	unobserved_entry	327	1	0	0	0	327:0	0xbc320:0		unobserved:0					target=0xbc320;frame_reads=0xa,0x10f,0x170,0x194;frame_writes=0x170,0xa;ip_reads=+0x2/2,+0x0/2,+0x6/2,+0x4/2;rets=0
263	unobserved_entry	328	1	0	0	0	328:0	0xbc466:0		unobserved:0					target=0xbc466;frame_reads=0xa,0x194,0x199,0x23,0x10f,0x170;frame_writes=0x170,0xa;ip_reads=+0x2/2,+0x9/2,+0x4/2,+0x8/1,+0x0/2,+0x6/2;rets=0
264	unobserved_entry	329	1	0	0	0	329:0	0xbc676:0		unobserved:0					target=0xbc676;frame_reads=0xa,0x0,0x170,0x194,0x71,0x10f,0x23;frame_writes=0x170,0x71,0x0,0xa;ip_reads=+0x3/2,+0x0/1,+0x1/2;rets=0
265	unobserved_entry	335	1	0	0	0	335:0	0xbe648:0		unobserved:0					target=0xbe648;frame_reads=0xa,0x170,0x194,0x0,0x23,0x10f;frame_writes=0x170,0xa;ip_reads=+0x6/2,+0x4/2,+0x2/2,+0x0/2;rets=0
266	unobserved_entry	339	1	0	0	0	339:0	0xbf2d5:0		unobserved:0					target=0xbf2d5;frame_reads=0xa,0x23,0x194,0x10f;frame_writes=0x170,0xa;ip_reads=+0x6/2,+0x4/2,+0x2/2,+0x0/2;rets=0
267	unobserved_entry	34	1	0	0	0	34:0	0x7fba3:0		unobserved:0					target=0x7fba3;frame_reads=0xa,0x199,0x10f,0x170;frame_writes=0x170,0xa;ip_reads=+0x1/2,+0x5/2,+0x7/2,+0x3/2;rets=0
268	unobserved_entry	341	1	0	0	0	341:0	0xbf889:0		unobserved:0					target=0xbf889;frame_reads=0xa,0x170,0x199,0x81,0x10f;frame_writes=0x23,0x170,0xa;ip_reads=+0x0/2,+0x4/2,+0x2/2,+0x7/2;rets=0
269	unobserved_entry	342	1	0	0	0	342:0	0xbfb99:0		unobserved:0					target=0xbfb99;frame_reads=0xa,0x170,0x199,0x0,0x10f;frame_writes=0x170,0x1dc,0xa;ip_reads=+0x0/2,+0x5/2,+0x3/2,+0x2/2,+0x2/1,+0x9/2,+0x7/2;rets=1
270	unobserved_entry	343	1	0	0	0	343:0	0xbfc0d:0		unobserved:0					target=0xbfc0d;frame_reads=0xa,0x170,0x199,0x0,0x10f;frame_writes=0x170,0xa;ip_reads=+0x5/2,+0x3/2,+0x0/2,+0x2/1,+0x9/2,+0x7/2;rets=0
271	unobserved_entry	344	1	0	0	0	344:0	0xbff6a:0		unobserved:0					target=0xbff6a;frame_reads=0xa,0x10f,0x170;frame_writes=0x199,0x170,0xa;ip_reads=+0x2/2,+0x4/1,+0x0/2;rets=0
272	unobserved_entry	353	1	0	0	0	353:0	0xc21c3:0		unobserved:0					target=0xc21c3;frame_reads=0xa,0x23,0x170,0x0,0xbb,0x10f;frame_writes=0x170,0x23,0x1dc,0xf3,0xa;ip_reads=+0x0/2,+0x2/4;rets=1
273	unobserved_entry	355	1	0	0	0	355:0	0xc240f:0		unobserved:0					target=0xc240f;frame_reads=0x23,0x194,0x81,0xa,0x0,0x60,0x71,0x10f;frame_writes=0x23,0x170,0x71,0x0,0x60,0xa;ip_reads=+0x4/1,+0x2/2,+0x0/2;rets=0
274	unobserved_entry	38	1	0	0	0	38:0	0x80d79:0		unobserved:0					target=0x80d79;frame_reads=0xa,0x23,0x10f,0x170;frame_writes=0x23,0x170,0xa;ip_reads=+0x0/2,+0x6/2,+0x4/2,+0x2/2;rets=0
275	unobserved_entry	39	1	0	0	0	39:0	0x80ef6:0		unobserved:0					target=0x80ef6;frame_reads=0xa,0x23,0x81,0x199,0x10f,0x170;frame_writes=0x23,0x170,0xa;ip_reads=+0x4/2,+0x8/2,+0x0/2,+0xa/1,+0x2/2,+0x6/2;rets=0
276	unobserved_entry	4	1	0	0	0	4:0	0x792f8:0		unobserved:0					target=0x792f8;frame_reads=0x170,0x194,0x23,0x0,0x81,0xa,0x10f;frame_writes=0x170,0x23,0x16f,0x0,0xa;ip_reads=+0x0/4,+0x4/2;rets=0
277	unobserved_entry	41	1	0	0	0	41:0	0x8129d:0		unobserved:0					target=0x8129d;frame_reads=0xa,0x0,0x60,0x194,0x23,0x71,0x10f,0x170;frame_writes=0x170,0x71,0x0,0x60,0xa;ip_reads=+0x2/1,+0x3/2,+0x0/2;rets=0
278	unobserved_entry	44	1	0	0	0	44:0	0x81b7f:0		unobserved:0					target=0x81b7f;frame_reads=0xa,0x10f,0x170;frame_writes=0x199,0x170,0xa;ip_reads=+0x3/2,+0x0/1,+0x1/2;rets=0
279	unobserved_entry	45	1	0	0	0	45:0	0x81f2e:0		unobserved:0					target=0x81f2e;frame_reads=0xa,0x199,0x10f;frame_writes=0x170,0xa;ip_reads=+0x3/2,+0x5/2,+0x7/2,+0x0/2;rets=0
280	unobserved_entry	46	1	0	0	0	46:0	0x820e1:0		unobserved:0					target=0x820e1;frame_reads=0xa,0x71,0x10f,0x170;frame_writes=0x170,0xa;ip_reads=+0x0/2,+0x2/2,+0x4/2,+0x6/2;rets=0
281	unobserved_entry	47	1	0	0	0	47:0	0x822bc:0		unobserved:0					target=0x822bc;frame_reads=0xa,0x81,0x199,0x0,0x10f,0x170;frame_writes=0x170,0xa;ip_reads=+0x7/2,+0x3/2,+0x1/2,+0x5/2;rets=0
282	unobserved_entry	51	1	0	0	0	51:0	0x83061:0		unobserved:0					target=0x83061;frame_reads=0xa,0x170,0x23,0x199,0x10f;frame_writes=0x23,0x170,0xa;ip_reads=+0x9/2,+0x2/2,+0x0/2,+0x4/1,+0x5/2,+0x7/2;rets=0
283	unobserved_entry	53	1	0	0	0	53:0	0x8371d:0		unobserved:0					target=0x8371d;frame_reads=0xa,0x0,0x60,0x23,0x194,0x71,0x10f,0x170;frame_writes=0x170,0x71,0x1dc,0x0,0x60,0xa;ip_reads=+0x0/4,+0x3/2,+0x2/1,+0x0/2;rets=1
284	unobserved_entry	55	1	0	0	0	55:0	0x83b40:0		unobserved:0					target=0x83b40;frame_reads=0xa,0x60,0x194,0x0,0x71,0x10f,0x170;frame_writes=0x71,0x60,0x0,0x170,0xa;ip_reads=+0x0/2,+0x4/1,+0x2/2;rets=0
285	unobserved_entry	57	1	0	0	0	57:0	0x841f9:0		unobserved:0					target=0x841f9;frame_reads=0xa,0xa1,0x10f,0x170;frame_writes=0x170,0xa;ip_reads=+0x2/2,+0x0/2;rets=0
286	unobserved_entry	58	1	0	0	0	58:0	0x8428c:0		unobserved:0					target=0x8428c;frame_reads=0xa,0x81,0x199,0x71,0x10f;frame_writes=0x1dc,0x170,0xa;ip_reads=+0x2/2,+0x0/2,+0x8/2,+0x4/2,+0xa/1,+0x6/2;rets=1
287	unobserved_entry	59	1	0	0	0	59:0	0x84302:0		unobserved:0					target=0x84302;frame_reads=0xa,0x81,0x199,0x71,0x10f;frame_writes=0x170,0xa;ip_reads=+0x8/2,+0x2/2,+0x4/2,+0xa/1,+0x0/2,+0x6/2;rets=0
288	unobserved_entry	6	1	0	0	0	6:0	0x7971e:0		unobserved:0					target=0x7971e;frame_reads=0xa,0x81,0x199,0x10f,0x170;frame_writes=0x170,0xa;ip_reads=+0x3/2,+0x0/2,+0x5/2,+0x7/2;rets=0
289	unobserved_entry	60	1	0	0	0	60:0	0x84596:0		unobserved:0					target=0x84596;frame_reads=0xa,0x81,0x199,0x10f,0x170;frame_writes=0x170,0xa;ip_reads=+0x3/2,+0x0/2,+0x7/2,+0x5/2;rets=0
290	unobserved_entry	61	1	0	0	0	61:0	0x84762:0		unobserved:0					target=0x84762;frame_reads=0xa,0x194,0x199,0x71,0x10f,0x170;frame_writes=0x23,0x170,0xa;ip_reads=+0x3/2,+0x0/2,+0x9/2,+0x2/1,+0x7/2,+0x5/2;rets=0
291	unobserved_entry	63	1	0	0	0	63:0	0x84e1d:0		unobserved:0					target=0x84e1d;frame_reads=0xa,0x81,0x199,0x10f,0x170,0x194;frame_writes=0x170,0xa;ip_reads=+0x0/2,+0x4/2,+0x7/2,+0x6/1,+0x9/2,+0x2/2;rets=0
292	unobserved_entry	67	1	0	0	0	67:0	0x859fc:0		unobserved:0					target=0x859fc;frame_reads=0xa,0x23,0x10f,0x170;frame_writes=0x170,0xa;ip_reads=+0x4/2,+0x6/2,+0x0/2,+0x2/2;rets=0
293	unobserved_entry	68	1	0	0	0	68:0	0x85b89:0		unobserved:0					target=0x85b89;frame_reads=0xa,0x60,0x0,0x23,0x194,0x71,0x10f,0x170;frame_writes=0x71,0x23,0x60,0x0,0x170,0xa;ip_reads=+0x3/2,+0x2/1,+0x0/2;rets=0
294	unobserved_entry	7	1	0	0	0	7:0	0x799c7:0		unobserved:0					target=0x799c7;frame_reads=0xa,0x60,0x0,0x23,0x194,0x71,0x10f;frame_writes=0x71,0x1dc,0x60,0x0,0x170,0xa;ip_reads=+0x0/2,+0x3/2,+0x2/2,+0x2/1;rets=1
295	unobserved_entry	71	1	0	0	0	71:0	0x86766:0		unobserved:0					target=0x86766;frame_reads=0xa,0x170,0x10f;frame_writes=0xa;ip_reads=+0x4/2,+0x6/2,+0x0/2,+0x2/2;rets=0
296	unobserved_entry	72	1	0	0	0	72:0	0x868bd:0		unobserved:0					target=0x868bd;frame_reads=0xa,0x199,0x81,0x10f,0x170;frame_writes=0x170,0xa;ip_reads=+0x9/2,+0x3/2,+0x7/2,+0x2/1,+0x5/2,+0x0/2;rets=0
297	unobserved_entry	73	1	0	0	0	73:0	0x86be4:0		unobserved:0					target=0x86be4;frame_reads=0xa,0x10f,0x170;frame_writes=0x170,0xa;ip_reads=+0x4/2,+0x6/2,+0x0/2,+0x2/2;rets=0
298	unobserved_entry	76	1	0	0	0	76:0	0x87d17:0		unobserved:0					target=0x87d17;frame_reads=0x170,0x71,0x194,0x23,0xa,0x81,0x10f;frame_writes=0x23,0x170,0x16f,0x0,0xa;ip_reads=+0x2/4,+0x0/2;rets=0
299	unobserved_entry	77	1	0	0	0	77:0	0x88131:0		unobserved:0					target=0x88131;frame_reads=0xa,0x0,0x71,0x10f;frame_writes=0x71,0x0,0x23,0x170,0xa;ip_reads=+0x2/1,+0x3/2,+0x0/2;rets=0
300	unobserved_entry	8	1	0	0	0	8:0	0x79a3d:0		unobserved:0					target=0x79a3d;frame_reads=0xa,0x60,0x0,0x23,0x194,0x71,0x10f;frame_writes=0x71,0x60,0x0,0x170,0xa;ip_reads=+0x3/2,+0x2/1,+0x0/2;rets=0
301	unobserved_entry	81	1	0	0	0	81:0	0x88c3f:0		unobserved:0					target=0x88c3f;frame_reads=0x23,0xa,0x0,0x60,0x194,0x81,0x71,0x10f,0x170;frame_writes=0x170,0x71,0x0,0x60,0xa;ip_reads=+0x4/1,+0x2/2,+0x0/2;rets=0
302	unobserved_entry	84	1	0	0	0	84:0	0x8983b:0		unobserved:0					target=0x8983b;frame_reads=0xa,0x0,0x170,0x194,0x23,0x71,0x10f;frame_writes=0x170,0x71,0x0,0xa;ip_reads=+0x3/2,+0x2/1,+0x0/2;rets=0
303	unobserved_entry	89	1	0	0	0	89:0	0x8b028:0		unobserved:0					target=0x8b028;frame_reads=0xa,0x199,0x81,0x10f,0x170,0x23;frame_writes=0x170,0xa;ip_reads=+0x1/2,+0x5/2,+0x3/2,+0x0/1,+0x7/2,+0x9/2;rets=0
304	unobserved_entry	93	1	0	0	0	93:0	0x8bcef:0		unobserved:0					target=0x8bcef;frame_reads=0x170,0xa,0x0,0x23,0x194,0x60,0x71,0xbb,0x81,0x10f;frame_writes=0x23,0x170,0x71,0x1dc,0x60,0x0,0xa;ip_reads=+0x2/4,+0x0/2,+0x0/1,+0x3/2,+0x1/2;rets=1
305	unobserved_entry	96	1	0	0	0	96:0	0x8c4cf:0		unobserved:0					target=0x8c4cf;frame_reads=0xa,0x10f;frame_writes=0x170,0xa;ip_reads=+0x6/2,+0x2/2,+0x0/2,+0x4/2;rets=0
306	unobserved_entry	97	1	0	0	0	97:0	0x8c5b9:0		unobserved:0					target=0x8c5b9;frame_reads=0xa,0x60,0x0,0x194,0x23,0x71,0x10f,0x170;frame_writes=0x170,0x71,0x60,0x0,0xa;ip_reads=+0x0/1,+0x1/2,+0x3/2;rets=0
307	unobserved_entry	98	1	0	0	0	98:0	0x8c8ec:0		unobserved:0					target=0x8c8ec;frame_reads=0xa,0x0,0x60,0xbb,0x81,0xe1,0x71,0x10f,0x170;frame_writes=0x71,0x1dc,0x0,0x60,0x170,0xa;ip_reads=+0x6/2,+0x4/2,+0x0/4,+0x0/1,+0x3/2,+0x1/2;rets=1
