observation	delta	shape	constant_bytes	skeleton_hash	events	entries	top_entries	top_targets	top_ops	skeleton
exact	+0x4	VVVV	-	e78b55668df4fdc3	28058	1	258@0xadf2c:28058	307@0xb8064:1689,199@0xa0631:1547,297@0xb64d7:1508,215@0xa4609:1365,18@0x7be9b:1334,43@0x8173d:1325	RF+0x23/4:4,WF+0x23/4:4,WF+0x170/4:4,RF+0x194/1:3,RF+0xa/8:2,RF+0x71/8:1	RF+0x10f/8:mov;RF+0xa/8:mov;IPADV+0x0;RIP+0x0/2:movzx;RF+0x170/4:sub;WF+0x170/4:and;TDYN;RTdyn/8:mov;WF+0xa/8:add;JMP:r11
exact	+0x3	VVV	-	8a687ef4ccaa79ac	26610	1	28@0x7e390:26610	347@0xc088d:2147,258@0xadf2c:1654,340@0xbf435:1637,337@0xbec0e:1601,114@0x90319:1452,189@0x9e7af:1398	WF+0x23/4:7,RF+0x23/4:7,RF+0x170/4:5,WF+0x170/4:4,RF+0x81/8:3,RF+0xa/8:2	RF+0x10f/8:mov;RF+0xa/8:mov;IPADV+0x0;RIP+0x0/2:movzx;WF+0x170/4:or;TDYN;RTdyn/8:mov;WF+0xa/8:add;JMP:r11
exact	+0x4	VVVV	-	306c9af024fb26a6	26534	1	337@0xbec0e:26534	297@0xb64d7:1787,66@0x855ff:1591,307@0xb8064:1382,28@0x7e390:1313,18@0x7be9b:1254,215@0xa4609:1178	RF+0x81/8:7,WF+0x170/4:7,RF+0x23/4:5,RF+0x170/4:3,WF+0x23/4:3,RF+0xa/8:2	RF+0xa/8:mov;IPADV+0x0;RIP+0x0/2:movzx;RF+0x10f/8:mov;RF+0x170/4:add;WF+0x170/4:or;TDYN;RTdyn/8:mov;WF+0xa/8:add;JMP:rbx
exact	+0x4	VVVE	-	0ad25f5786e0eb9d	26112	1	340@0xbf435:26112	307@0xb8064:1748,28@0x7e390:1702,66@0x855ff:1362,185@0x9d964:1352,215@0xa4609:1274,18@0x7be9b:1062	WF+0x170/4:4,RF+0x71/8:3,WF+0x23/4:3,RF+0x81/8:2,RF+0xa/8:2,RF+0x23/4:1	RF+0x10f/8:mov;RF+0xa/8:mov;IPADV+0x0;RIP+0x0/2:movzx;RF+0x170/4:add;WF+0x170/4:sub;TDYN;RTdyn/8:mov;WF+0xa/8:add;JMP:r15
exact	+0x3	VVV	-	0c974b707677cf0e	25448	1	18@0x7be9b:25448	114@0x90319:1729,189@0x9e7af:1581,347@0xc088d:1461,258@0xadf2c:1384,337@0xbec0e:1249,174@0x9bd8f:1212	RF+0x23/4:7,WF+0x23/4:6,RF+0x194/1:5,WF+0x170/4:4,RF+0x170/4:3,RF+0x0/8:2	RF+0xa/8:mov;IPADV+0x0;RIP+0x0/2:movzx;RF+0x10f/8:mov;RF+0x170/4:sub;WF+0x170/4:sub;TDYN;RTdyn/8:mov;WF+0xa/8:add;JMP:rsi
exact	+0x4	VVVV	-	43f6f4962f358ef0	25300	1	114@0x90319:25300	66@0x855ff:2041,185@0x9d964:1516,215@0xa4609:1500,18@0x7be9b:1307,20@0x7c62b:1184,158@0x99029:1132	WF+0x23/4:11,RF+0x23/4:8,RF+0x170/4:7,WF+0x170/4:7,RF+0x81/8:3,RF+0x0/8:3	RF+0x10f/8:mov;RF+0xa/8:mov;IPADV+0x0;RIP+0x0/2:movzx;RF+0x170/4:add;WF+0x170/4:sub;TDYN;RTdyn/8:mov;WF+0xa/8:add;JMP:rdi
exact	+0x4	VVVV	-	4f693bae5dbfde94	25112	1	189@0x9e7af:25112	18@0x7be9b:1894,297@0xb64d7:1503,215@0xa4609:1354,174@0x9bd8f:1273,307@0xb8064:1197,43@0x8173d:1121	RF+0x170/4:6,WF+0x23/4:4,RF+0x81/8:3,RF+0x0/8:3,RF+0xa/8:2,RF+0x23/4:2	RF+0xa/8:mov;RF+0x10f/8:mov;IPADV+0x2;RIP+0x2/2:movzx;RF+0x170/4:add;WF+0x170/4:add;TDYN;RTdyn/8:mov;WF+0xa/8:add;JMP:rdx
exact	+0x4	VVVV	-	72bc9e0509afab2b	24299	1	347@0xc088d:24299	18@0x7be9b:1928,307@0xb8064:1577,297@0xb64d7:1475,28@0x7e390:1302,168@0x9aa83:1257,184@0x9d694:1071	RF+0x23/4:8,WF+0x170/4:7,WF+0x23/4:6,RF+0x170/4:4,RF+0x81/8:3,RF+0xa/8:2	RF+0x10f/8:mov;RF+0xa/8:mov;IPADV+0x0;RIP+0x0/2:movzx;RF+0x170/4:xor;TDYN;RTdyn/8:mov;WF+0xa/8:add;JMP:rdi;RF+0x60/8:mov
exact	+0x3	VVV	-	f0653a78b41cad64	24095	1	307@0xb8064:24095	114@0x90319:1754,176@0x9c10b:1332,189@0x9e7af:1166,337@0xbec0e:1159,258@0xadf2c:1055,340@0xbf435:1046	RF+0x0/8:4,RF+0x23/4:4,RF+0x170/4:3,WF+0x170/4:3,RF+0x194/1:2,RF+0xa/8:2	RF+0xa/8:mov;RF+0x10f/8:mov;IPADV+0x1;RIP+0x1/2:movzx;TDYN;RTdyn/8:mov;WF+0xa/8:add;JMP:rcx
exact	+0x4	VVVV	-	eee7a360fd1b3cb0	23678	1	64@0x85059:23678	18@0x7be9b:2091,28@0x7e390:1633,199@0xa0631:1345,184@0x9d694:1255,215@0xa4609:1065,66@0x855ff:1024	RF+0x23/4:4,WF+0x23/4:4,WF+0x170/4:3,RF+0x170/4:3,RF+0x0/8:3,RF+0x194/1:2	RF+0x10f/8:mov;RF+0xa/8:mov;IPADV+0x0;RIP+0x0/2:movzx;RF+0x170/4:sub;TDYN;RTdyn/8:mov;WF+0xa/8:add;JMP:r13
exact	+0x3	VVV	-	9296d440b5d29014	22739	1	66@0x855ff:22739	337@0xbec0e:1650,64@0x85059:1561,340@0xbf435:1336,184@0x9d694:1324,189@0x9e7af:1320,258@0xadf2c:1075	RF+0x81/8:7,WF+0x170/4:6,RF+0x170/4:5,RF+0x0/8:3,WF+0x23/4:3,RF+0x23/4:2	RF+0xa/8:mov;IPADV+0x0;RIP+0x0/2:movzx;RF+0x10f/8:mov;RF+0x170/4:sub;WF+0x170/4:xor;TDYN;RTdyn/8:mov;WF+0xa/8:add;JMP:r8
exact	+0x3	VVE	-	3b3eeecf264e60a5	21620	1	185@0x9d964:21620	337@0xbec0e:1336,64@0x85059:1324,347@0xc088d:1270,174@0x9bd8f:1182,258@0xadf2c:1100,168@0x9aa83:964	WF+0x23/4:5,WF+0x170/4:5,RF+0x23/4:4,RF+0x170/4:3,RF+0xa/8:2,RF+0x81/8:2	RF+0x10f/8:mov;RF+0xa/8:mov;IPADV+0x0;RIP+0x0/2:movzx;RF+0x170/4:xor;WF+0x170/4:or;TDYN;RTdyn/8:mov;WF+0xa/8:add;JMP:r10
exact	+0x3	VVV	-	160ed448a113c080	21174	1	215@0xa4609:21174	114@0x90319:1359,337@0xbec0e:1186,347@0xc088d:1123,189@0x9e7af:1119,258@0xadf2c:1070,340@0xbf435:1042	RF+0x23/4:7,WF+0x170/4:7,WF+0x23/4:6,RF+0x170/4:3,RF+0x81/8:3,RF+0x0/8:2	RF+0xa/8:mov;IPADV+0x0;RIP+0x0/2:movzx;RF+0x10f/8:mov;WF+0x170/4:sub;TDYN;RTdyn/8:mov;WF+0xa/8:add;JMP:r14
exact	+0x3	VVV	-	baf71c61a6d37f5d	20640	1	297@0xb64d7:20640	347@0xc088d:1305,258@0xadf2c:1285,340@0xbf435:1194,114@0x90319:909,123@0x91a59:902,43@0x8173d:896	WF+0x170/4:5,RF+0x23/4:4,WF+0x23/4:4,RF+0x81/8:3,RF+0x170/4:3,RF+0x71/8:2	RF+0xa/8:mov;RF+0x10f/8:mov;IPADV+0x1;RIP+0x1/2:movzx;RF+0x170/4:sub;WF+0x170/4:sub;TDYN;RTdyn/8:mov;WF+0xa/8:add;JMP:r13
exact	+0x3	VVV	-	530e85b78923d742	19641	1	199@0xa0631:19641	258@0xadf2c:1481,64@0x85059:1221,340@0xbf435:993,189@0x9e7af:968,184@0x9d694:957,346@0xc0535:947	RF+0x23/4:7,WF+0x23/4:7,WF+0x170/4:4,RF+0x81/8:4,RF+0x194/1:3,RF+0x170/4:3	RF+0xa/8:mov;IPADV+0x0;RIP+0x0/2:movzx;RF+0x10f/8:mov;RF+0x170/4:xor;TDYN;RTdyn/8:mov;WF+0xa/8:add;JMP:rax;RF+0x194/1:mov
exact	+0x4	VVVV	-	7af5c68c47f4bc23	16136	1	43@0x8173d:16136	347@0xc088d:1058,287@0xb45d2:806,337@0xbec0e:770,26@0x7dbbb:765,189@0x9e7af:762,297@0xb64d7:745	RF+0x81/8:4,RF+0x23/4:3,RF+0x170/4:3,RF+0x71/8:2,RF+0x194/1:2,WF+0x23/4:2	RF+0xa/8:mov;IPADV+0x0;RIP+0x0/2:movzx;RF+0x10f/8:mov;RF+0x170/4:xor;TDYN;RTdyn/8:mov;WF+0xa/8:add;JMP:r8
exact	+0x4	VVVE	-	d638198f34bfc24c	14693	1	157@0x98a9a:14693	18@0x7be9b:993,199@0xa0631:922,66@0x855ff:885,340@0xbf435:831,64@0x85059:828,185@0x9d964:813	WF+0x23/4:11,RF+0x23/4:8,WF+0x170/4:5,RF+0x170/4:3,RF+0x81/8:3,RF+0xa/8:2	RF+0xa/8:mov;RF+0x10f/8:mov;IPADV+0x0;RIP+0x0/2:movzx;RF+0x170/4:add;WF+0x170/4:xor;TDYN;RTdyn/8:mov;WF+0xa/8:add;JMP:r9
exact	+0x4	VVVV	-	00977df261a72c34	14371	1	196@0x9fbcd:14371	18@0x7be9b:1113,189@0x9e7af:988,340@0xbf435:880,66@0x855ff:807,258@0xadf2c:771,33@0x7f7c4:666	WF+0x170/4:7,WF+0x23/4:6,RF+0x23/4:5,RF+0x170/4:4,RF+0x71/8:3,RF+0xa/8:2	RF+0xa/8:mov;IPADV+0x2;RF+0x10f/8:mov;RIP+0x2/2:movzx;RF+0x170/4:add;TDYN;RTdyn/8:mov;WF+0xa/8:add;JMP:r10
exact	+0x4	VVVV	-	b90a0f22725260c7	14368	1	168@0x9aa83:14368	340@0xbf435:964,258@0xadf2c:861,337@0xbec0e:839,305@0xb78b0:795,189@0x9e7af:776,26@0x7dbbb:749	WF+0x23/4:9,RF+0x23/4:6,RF+0x81/8:4,WF+0x170/4:3,RF+0xa/8:2,IPADV+0x0:1	RF+0x10f/8:mov;RF+0xa/8:mov;IPADV+0x2;RIP+0x2/2:movzx;RF+0x170/4:add;WF+0x170/4:and;TABLEADV+0x1;TDYN;RTdyn/8:mov;WF+0xa/8:add;JMP:rdi
exact	+0x4	VVVV	-	5edb29e5de615bc6	12531	1	172@0x9b68a:12531	28@0x7e390:851,258@0xadf2c:760,199@0xa0631:756,305@0xb78b0:674,340@0xbf435:647,189@0x9e7af:642	RF+0x170/4:6,WF+0x170/4:4,RF+0x0/8:3,RF+0x23/4:3,WF+0x23/4:3,RF+0x71/8:2	RF+0x10f/8:mov;RF+0xa/8:mov;IPADV+0x2;RIP+0x2/2:movzx;WF+0x170/4:or;TDYN;RTdyn/8:mov;WF+0xa/8:add;JMP:rsi
exact	+0x4	VVVE	-	90b6b24ce14e08ec	12194	1	333@0xbd8af:12194	305@0xb78b0:766,114@0x90319:750,199@0xa0631:703,243@0xaab6a:667,64@0x85059:626,18@0x7be9b:613	WF+0x170/4:6,RF+0x170/4:5,WF+0x23/4:5,RF+0x23/4:5,RF+0x81/8:2,RF+0x194/1:2	RF+0x10f/8:mov;RF+0xa/8:mov;IPADV+0x0;RIP+0x0/2:movzx;RF+0x170/4:sub;WF+0x170/4:add;TDYN;RTdyn/8:mov;WF+0xa/8:add;JMP:rcx
exact	+0x4	VVCC	b2=0xe8,b3=0x01	00ffdd1cc51dff57	12094	1	184@0x9d694:12094	340@0xbf435:1208,28@0x7e390:1166,337@0xbec0e:993,66@0x855ff:931,18@0x7be9b:885,114@0x90319:813	WF+0x170/4:7,RF+0x23/4:6,RF+0x81/8:3,RF+0x194/1:2,RF+0xa/8:2,RF+0x170/4:2	RF+0xa/8:mov;IPADV+0x0;RIP+0x0/2:movzx;RF+0x10f/8:mov;RF+0x170/4:sub;WF+0x170/4:add;TDYN;RTdyn/8:mov;WF+0xa/8:add;JMP:r13
exact	+0x4	VVVV	-	43946aa3cde350f8	12038	1	268@0xb0007:12038	243@0xaab6a:816,28@0x7e390:796,64@0x85059:710,185@0x9d964:693,215@0xa4609:585,305@0xb78b0:479	RF+0x170/4:6,RF+0x23/4:6,WF+0x170/4:5,WF+0x23/4:5,RF+0x81/8:5,RF+0x0/8:3	RF+0xa/8:mov;IPADV+0x2;RF+0x10f/8:mov;RIP+0x2/2:movzx;RF+0x170/4:sub;WF+0x170/4:xor;TDYN;RTdyn/8:mov;WF+0xa/8:add;JMP:r15;RF+0x170/4:mov
exact	+0x4	VVCC	b2=0xe8,b3=0x01	11226ded3d309dd4	11742	1	174@0x9bd8f:11742	28@0x7e390:1083,258@0xadf2c:1081,114@0x90319:941,347@0xc088d:812,337@0xbec0e:757,185@0x9d964:748	WF+0x170/4:6,RF+0x81/8:5,RF+0x23/4:4,RF+0x170/4:3,RF+0x0/8:3,RF+0x194/1:3	RF+0x10f/8:mov;RF+0xa/8:mov;IPADV+0x0;RIP+0x0/2:movzx;RF+0x170/4:add;WF+0x170/4:or;TDYN;RTdyn/8:mov;WF+0xa/8:add;JMP:r15
exact	+0x4	VVCC	b2=0xe8,b3=0x01	797757e4ba7acd88	10874	1	305@0xb78b0:10874	307@0xb8064:1290,189@0x9e7af:771,297@0xb64d7:684,28@0x7e390:581,338@0xbf128:576,199@0xa0631:546	RF+0x81/8:5,RF+0x170/4:4,WF+0x23/4:3,RF+0x194/1:2,RF+0xa/8:2,RF+0x0/8:2	RF+0x10f/8:mov;RF+0xa/8:mov;IPADV+0x0;RIP+0x0/2:movzx;RF+0x170/4:add;WF+0x170/4:and;TDYN;RTdyn/8:mov;WF+0xa/8:add;JMP:rax
exact	+0x4	VVCC	b2=0xe8,b3=0x01	ecb6484efb0cdc85	10598	1	123@0x91a59:10598	337@0xbec0e:1011,114@0x90319:972,66@0x855ff:944,347@0xc088d:901,64@0x85059:880,18@0x7be9b:646	RF+0x81/8:6,WF+0x23/4:4,RF+0x23/4:3,RF+0x0/8:3,RF+0x170/4:3,RF+0xa/8:2	RF+0xa/8:mov;IPADV+0x0;RIP+0x0/2:movzx;RF+0x10f/8:mov;RF+0x170/4:sub;WF+0x170/4:sub;TDYN;RTdyn/8:mov;WF+0xa/8:add;JMP:rdx
exact	+0x4	CCVV	b0=0xe8,b1=0x01	868a7a966976575d	10138	1	176@0x9c10b:10138	307@0xb8064:959,28@0x7e390:933,189@0x9e7af:821,340@0xbf435:797,18@0x7be9b:752,337@0xbec0e:714	RF+0x71/8:4,RF+0x23/4:3,WF+0x170/4:3,RF+0x170/4:2,RF+0x0/8:2,RF+0x194/1:2	RF+0xa/8:mov;IPADV+0x2;RF+0x10f/8:mov;RIP+0x2/2:movzx;RF+0x170/4:sub;TDYN;RTdyn/8:mov;WF+0xa/8:add;JMP:r13
exact	+0x4	CCVV	b0=0xe8,b1=0x01	2c680d76fd4ba859	9921	1	315@0xb9451:9921	28@0x7e390:1006,337@0xbec0e:731,307@0xb8064:617,215@0xa4609:544,64@0x85059:543,157@0x98a9a:512	WF+0x170/4:5,RF+0x23/4:3,RF+0x81/8:3,RF+0x71/8:2,RF+0x194/1:2,RF+0xa/8:2	RF+0xa/8:mov;IPADV+0x2;RIP+0x2/2:movzx;RF+0x10f/8:mov;WF+0x170/4:or;TDYN;RTdyn/8:mov;WF+0xa/8:add;JMP:r12
exact	+0x4	VVCC	b2=0xe8,b3=0x01	4891ede5048eedad	9886	1	26@0x7dbbb:9886	157@0x98a9a:959,66@0x855ff:687,114@0x90319:655,28@0x7e390:652,258@0xadf2c:567,185@0x9d964:518	WF+0x23/4:13,RF+0x170/4:7,RF+0x23/4:6,WF+0x170/4:3,RF+0x0/8:3,RF+0x71/8:2	RF+0xa/8:mov;IPADV+0x0;RIP+0x0/2:movzx;RF+0x10f/8:mov;RF+0x170/4:xor;WF+0x170/4:sub;TDYN;RTdyn/8:mov;WF+0xa/8:add;JMP:rdi
exact	+0x4	VVVV	-	d9f70260d5ea45ec	9820	1	203@0xa1484:9820	258@0xadf2c:699,297@0xb64d7:584,64@0x85059:479,315@0xb9451:473,189@0x9e7af:461,66@0x855ff:445	RF+0x23/4:9,WF+0x170/4:8,RF+0x170/4:5,WF+0x23/4:3,RF+0x81/8:3,RF+0x0/8:3	RF+0x10f/8:mov;RF+0xa/8:mov;IPADV+0x0;RIP+0x0/2:movzx;WF+0x170/4:and;TDYN;RTdyn/8:mov;WF+0xa/8:add;JMP:r12
exact	+0x4	VVCC	b2=0xe8,b3=0x01	4492759d9a2080e9	9723	1	287@0xb45d2:9723	28@0x7e390:769,297@0xb64d7:686,199@0xa0631:651,189@0x9e7af:621,196@0x9fbcd:582,258@0xadf2c:541	RF+0x81/8:6,WF+0x170/4:5,RF+0x23/4:4,WF+0x23/4:4,RF+0x194/1:2,RF+0x170/4:2	RF+0xa/8:mov;RF+0x10f/8:mov;IPADV+0x0;RIP+0x0/2:movzx;RF+0x170/4:add;WF+0x170/4:sub;TDYN;RTdyn/8:mov;WF+0xa/8:add;JMP:rdi
exact	+0x4	CCVV	b0=0xe8,b1=0x01	940bf6a47f3b3118	9485	1	20@0x7c62b:9485	114@0x90319:1277,258@0xadf2c:806,337@0xbec0e:720,185@0x9d964:712,347@0xc088d:691,18@0x7be9b:539	WF+0x170/4:6,RF+0x23/4:4,RF+0x81/8:3,WF+0x23/4:3,RF+0x0/8:3,RF+0xa/8:3	RF+0xa/8:mov;RF+0x10f/8:mov;IPADV+0x2;RIP+0x2/2:movzx;RF+0x170/4:xor;WF+0x170/4:and;TDYN;RTdyn/8:mov;WF+0xa/8:add;JMP:rcx;RF+0xa/8:mov
exact	+0x4	VVCC	b2=0xe8,b3=0x01	f093a6a0bee5ae0f	9482	1	161@0x9975a:9482	28@0x7e390:776,337@0xbec0e:707,340@0xbf435:650,18@0x7be9b:637,64@0x85059:606,258@0xadf2c:559	WF+0x23/4:4,RF+0x81/8:3,RF+0x0/8:2,RF+0xa/8:2,RF+0x170/4:2,RF+0x194/1:1	RF+0x10f/8:mov;RF+0xa/8:mov;IPADV+0x0;RIP+0x0/2:movzx;RF+0x170/4:add;TDYN;RTdyn/8:mov;WF+0xa/8:add;JMP:rax
exact	+0x4	VVCC	b2=0xe8,b3=0x01	d23a249e7acf6935	9466	1	243@0xaab6a:9466	307@0xb8064:733,189@0x9e7af:698,18@0x7be9b:642,185@0x9d964:578,28@0x7e390:559,337@0xbec0e:510	RF+0x170/4:9,WF+0x23/4:6,WF+0x170/4:5,RF+0x0/8:4,RF+0x81/8:3,RF+0x23/4:3	RF+0x10f/8:mov;RF+0xa/8:mov;IPADV+0x0;RIP+0x0/2:movzx;RF+0x170/4:sub;WF+0x170/4:add;TDYN;RTdyn/8:mov;WF+0xa/8:add;JMP:rsi
exact	+0x4	CCVV	b0=0xe8,b1=0x01	b997913c8fae65d4	9432	1	158@0x99029:9432	340@0xbf435:989,189@0x9e7af:726,337@0xbec0e:710,18@0x7be9b:695,258@0xadf2c:648,64@0x85059:648	WF+0x170/4:5,RF+0x170/4:3,RF+0x0/8:3,RF+0x23/4:3,RF+0x194/1:2,RF+0xa/8:2	RF+0xa/8:mov;RF+0x10f/8:mov;IPADV+0x2;RIP+0x2/2:movzx;RF+0x170/4:add;WF+0x170/4:add;TDYN;RTdyn/8:mov;WF+0xa/8:add;JMP:r13
exact	+0x4	CCVV	b0=0xe8,b1=0x01	52e8d4d2b6e2f835	9247	1	33@0x7f7c4:9247	258@0xadf2c:873,307@0xb8064:735,157@0x98a9a:700,114@0x90319:514,167@0x9a8d2:489,64@0x85059:438	WF+0x23/4:5,RF+0x23/4:5,RF+0x194/1:4,RF+0x81/8:4,RF+0x170/4:3,WF+0x170/4:2	RF+0x10f/8:mov;RF+0xa/8:mov;IPADV+0x2;RIP+0x2/2:movzx;RF+0x170/4:add;WF+0x170/4:and;TDYN;RTdyn/8:mov;WF+0xa/8:add;JMP:rdi
exact	+0x4	VVCC	b2=0xe8,b3=0x01	38a4ef7a6dbd102b	9073	1	346@0xc0535:9073	28@0x7e390:862,168@0x9aa83:678,258@0xadf2c:614,185@0x9d964:572,64@0x85059:531,347@0xc088d:490	RF+0x81/8:6,RF+0x23/4:4,WF+0x23/4:4,RF+0x194/1:2,RF+0x170/4:2,RF+0x71/8:2	RF+0x10f/8:mov;RF+0xa/8:mov;IPADV+0x0;RIP+0x0/2:movzx;RF+0x170/4:xor;TDYN;RTdyn/8:mov;WF+0xa/8:add;JMP:rsi
exact	+0x2	VV	-	bacf12873142d669	5239	1	108@0x8f24b:5239	337@0xbec0e:401,215@0xa4609:378,333@0xbd8af:371,196@0x9fbcd:328,297@0xb64d7:248,345@0xc02e4:227	RF+0x71/8:3,RF+0x194/1:3,WF+0x170/4:3,RF+0x23/4:3,WF+0x23/4:3,RF+0x81/8:2	RF+0xa/8:mov;IPADV+0x0;RF+0x10f/8:mov;RIP+0x0/2:movzx;RF+0x170/4:xor;TDYN;RTdyn/8:mov;WF+0xa/8:add;JMP:rcx
exact	+0x2	VV	-	7ababb586f729baf	5218	1	144@0x95887:5218	258@0xadf2c:577,268@0xb0007:365,18@0x7be9b:315,168@0x9aa83:310,114@0x90319:236,347@0xc088d:211	RF+0x0/8:4,WF+0x170/4:4,RF+0x194/1:3,RF+0x81/8:3,RF+0x170/4:3,WF+0x23/4:2	RF+0x10f/8:mov;RF+0xa/8:mov;IPADV+0x0;RIP+0x0/2:movzx;RF+0x170/4:xor;WF+0x170/4:and;TDYN;RTdyn/8:mov;WF+0xa/8:add;JMP:r8
exact	+0x2	VV	-	f633e61ea6db23b4	5207	1	160@0x994cf:5207	185@0x9d964:351,215@0xa4609:346,43@0x8173d:319,18@0x7be9b:310,172@0x9b68a:268,157@0x98a9a:268	WF+0x170/4:5,RF+0x81/8:3,RF+0x71/8:3,RF+0x170/4:2,RF+0x194/1:1,RF+0x16f/1:1	RF+0xa/8:mov;RF+0x10f/8:mov;IPADV+0x0;RIP+0x0/2:movzx;RF+0x170/4:xor;WF+0x170/4:or;TDYN;RTdyn/8:mov;WF+0xa/8:add;JMP:r8
exact	+0x2	VV	-	259cab9ead8e0247	5101	1	173@0x9ba74:5101	64@0x85059:483,196@0x9fbcd:369,337@0xbec0e:364,340@0xbf435:287,114@0x90319:283,349@0xc140b:264	WF+0x170/4:5,RF+0x71/8:4,RF+0x81/8:3,RF+0x170/4:2,WF+0x23/4:2,RF+0x194/1:2	RF+0x10f/8:mov;RF+0xa/8:mov;IPADV+0x0;RIP+0x0/2:movzx;RF+0x170/4:xor;WF+0x170/4:and;TDYN;RTdyn/8:mov;WF+0xa/8:add;JMP:r11;RF+0x23/4:mov
exact	+0x2	VV	-	0010bd536e7d9081	4958	1	257@0xadbfd:4958	172@0x9b68a:777,43@0x8173d:281,157@0x98a9a:273,185@0x9d964:247,203@0xa1484:215,168@0x9aa83:213	WF+0x170/4:5,RF+0x81/8:4,RF+0x170/4:3,RF+0x194/1:3,RF+0x0/8:2,WF+0x23/4:1	RF+0xa/8:mov;IPADV+0x0;RIP+0x0/2:movzx;RF+0x10f/8:mov;RF+0x170/4:sub;WF+0x170/4:xor;TDYN;RTdyn/8:mov;WF+0xa/8:add;JMP:r14
exact	+0x2	VV	-	e808eee02dbbb23c	4955	1	198@0xa037e:4955	199@0xa0631:355,300@0xb6c36:328,18@0x7be9b:316,258@0xadf2c:314,337@0xbec0e:296,215@0xa4609:272	WF+0x170/4:4,RF+0x81/8:3,RF+0x170/4:3,RF+0x0/8:2,RF+0x23/4:2,RF+0x194/1:2	RF+0x10f/8:mov;RF+0xa/8:mov;IPADV+0x0;RIP+0x0/2:movzx;RF+0x170/4:sub;WF+0x170/4:sub;TDYN;RTdyn/8:mov;WF+0xa/8:add;JMP:r14
exact	+0x2	VV	-	5e667fbd6324a85b	4424	1	352@0xc1ec4:4424	258@0xadf2c:408,307@0xb8064:319,196@0x9fbcd:305,340@0xbf435:288,292@0xb540f:263,172@0x9b68a:240	RF+0x81/8:6,RF+0x170/4:5,WF+0x23/4:3,WF+0x170/4:2,RF+0x194/1:2,RF+0x71/8:1	RF+0xa/8:mov;RF+0x10f/8:mov;IPADV+0x0;RIP+0x0/2:movzx;RF+0x170/4:add;WF+0x170/4:or;TDYN;RTdyn/8:mov;WF+0xa/8:add;JMP:r10
exact	+0x5	CCCVV	b0=0x00,b1=0x3d,b2=0x01	55c67d9dd50df2f2	4380	1	301@0xb708d:4380	160@0x994cf:954,198@0xa037e:729,173@0x9ba74:669,352@0xc1ec4:627,256@0xad849:458,144@0x95887:350	RF+0x81/8:5,WF+0x23/4:4,RF+0x170/4:3,RF+0x0/8:3,RF+0xa/8:3,RF+0x60/8:2	RF+0x10f/8:mov;RF+0xa/8:mov;IPADV+0x3;RIP+0x3/2:movzx;RF+0x170/4:sub;WF+0x170/4:xor;TDYN;RTdyn/8:mov;WF+0xa/8:add;JMP:r8
exact	+0x5	CVVCC	b0=0x00,b3=0x3d,b4=0x01	c2e10f1c32d90ff8	4132	1	49@0x82820:4132	144@0x95887:1018,352@0xc1ec4:600,257@0xadbfd:590,198@0xa037e:521,160@0x994cf:514,173@0x9ba74:413	WF+0x170/4:5,RF+0x81/8:5,RF+0x0/8:4,RF+0x170/4:4,RF+0xa/8:4,RF+0x194/1:3	RF+0x10f/8:mov;RF+0xa/8:mov;IPADV+0x1;RIP+0x1/2:movzx;RF+0x170/4:add;WF+0x170/4:sub;TDYN;RTdyn/8:mov;WF+0xa/8:add;JMP:r8;RF+0xa/8:mov
exact	+0x2	VV	-	4c1cc07cb7c11ec4	3880	1	256@0xad849:3880	340@0xbf435:390,189@0x9e7af:295,199@0xa0631:233,168@0x9aa83:225,215@0xa4609:209,114@0x90319:207	RF+0x81/8:6,WF+0x170/4:6,RF+0x194/1:4,RF+0x170/4:4,WF+0x23/4:4,RF+0x71/8:3	RF+0xa/8:mov;RF+0x10f/8:mov;IPADV+0x0;RIP+0x0/2:movzx;RF+0x170/4:add;WF+0x170/4:and;TDYN;RTdyn/8:mov;WF+0xa/8:add;JMP:r9
exact	+0x5	VVCCC	b2=0x3d,b3=0x01,b4=0x00	7d87dcfc7cbb730f	3633	1	79@0x885b0:3633	257@0xadbfd:865,198@0xa037e:745,160@0x994cf:451,108@0x8f24b:397,144@0x95887:373,256@0xad849:350	WF+0x170/4:8,RF+0x23/4:4,RF+0xa/8:4,RF+0x81/8:3,RF+0x0/8:3,RF+0x170/4:3	RF+0xa/8:mov;RF+0x10f/8:mov;IPADV+0x0;RIP+0x0/2:movzx;RF+0x170/4:xor;WF+0x170/4:or;TDYN;RTdyn/8:mov;WF+0xa/8:add;JMP:r10;RF+0xa/8:mov
exact	+0x5	CCCVV	b0=0x00,b1=0x3d,b2=0x01	cb7f458eb8294432	3576	1	220@0xa522e:3576	144@0x95887:813,108@0x8f24b:555,173@0x9ba74:520,198@0xa037e:485,352@0xc1ec4:405,256@0xad849:351	WF+0x170/4:6,RF+0x170/4:4,WF+0x23/4:4,RF+0x81/8:4,RF+0x71/8:4,RF+0x23/4:3	RF+0xa/8:mov;IPADV+0x3;RIP+0x3/2:movzx;RF+0x10f/8:mov;RF+0x170/4:sub;WF+0x170/4:xor;TDYN;RTdyn/8:mov;WF+0xa/8:add;JMP:r10
exact	+0x5	VVCCC	b2=0x00,b3=0x3d,b4=0x01	c5c28a74c5e993fd	3434	1	3@0x78c77:3434	160@0x994cf:635,256@0xad849:510,257@0xadbfd:503,144@0x95887:485,352@0xc1ec4:418,173@0x9ba74:377	WF+0x170/4:7,RF+0x71/8:4,RF+0x81/8:3,RF+0xa/8:3,RF+0x194/1:2,RF+0x23/4:2	RF+0xa/8:mov;IPADV+0x0;RIP+0x0/2:movzx;RF+0x10f/8:mov;RF+0x170/4:xor;WF+0x170/4:xor;TDYN;RTdyn/8:mov;WF+0xa/8:add;JMP:r15
exact	+0x4	VVVV	-	0eed524ebe9adb99	3292	1	332@0xbd36d:3292	347@0xc088d:268,114@0x90319:257,90@0x8b334:256,99@0x8c99a:256,319@0xba72f:256,258@0xadf2c:249	RF+0x170/4:9,WF+0x23/4:7,WF+0x170/4:7,RF+0x23/4:6,RF+0x81/8:3,RF+0x0/8:3	RF+0x10f/8:mov;RF+0xa/8:mov;IPADV+0x2;RIP+0x2/2:movzx;RF+0x170/4:xor;WF+0x170/4:xor;TDYN;RTdyn/8:mov;WF+0xa/8:add;JMP:rsi;RF+0x170/4:mov
exact	+0x4	VVVV	-	37a76dff328e0402	3190	1	300@0xb6c36:3190	258@0xadf2c:517,220@0xa522e:355,183@0x9d495:268,337@0xbec0e:262,333@0xbd8af:262,185@0x9d964:260	RF+0x170/4:9,RF+0x0/8:7,WF+0x170/4:5,RF+0x81/8:4,RF+0x23/4:3,WF+0x23/4:3	RF+0x10f/8:mov;RF+0xa/8:mov;IPADV+0x2;RIP+0x2/2:movzx;RF+0x170/4:sub;WF+0x170/4:xor;TDYN;RTdyn/8:mov;WF+0xa/8:add;JMP:r12;RF+0x60/8:mov
exact	+0x4	VVVV	-	adfdaaf22c0ee0e7	2645	1	260@0xae90b:2645	180@0x9cf32:356,189@0x9e7af:271,340@0xbf435:257,183@0x9d495:247,91@0x8b6de:204,64@0x85059:186	WF+0x170/4:10,RF+0x23/4:8,WF+0x23/4:6,RF+0x170/4:3,RF+0xa/8:2,RF+0x71/8:1	RF+0x10f/8:mov;RF+0xa/8:mov;IPADV+0x0;RIP+0x0/2:movzx;RF+0x170/4:sub;WF+0x170/4:sub;TDYN;RTdyn/8:mov;WF+0xa/8:add;JMP:rcx
exact	+0x5	CCCVV	b0=0x00,b1=0x3d,b2=0x01	00aaf97f2f192f08	2612	1	269@0xb045b:2612	108@0x8f24b:571,352@0xc1ec4:384,256@0xad849:368,160@0x994cf:364,173@0x9ba74:364,257@0xadbfd:274	WF+0x170/4:5,RF+0x170/4:4,RF+0x23/4:4,RF+0x0/8:4,WF+0x23/4:3,RF+0xa/8:3	RF+0xa/8:mov;IPADV+0x3;RIP+0x3/2:movzx;RF+0x10f/8:mov;RF+0x170/4:add;WF+0x170/4:add;TDYN;RTdyn/8:mov;WF+0xa/8:add;JMP:rax
exact	+0x4	VVVV	-	bd9bfc556204bbec	2590	1	30@0x7e849:2590	183@0x9d495:397,203@0xa1484:350,91@0x8b6de:266,192@0x9f00a:256,337@0xbec0e:187,185@0x9d964:185	RF+0x81/8:6,RF+0x170/4:4,RF+0x23/4:4,WF+0x23/4:4,RF+0x194/1:2,RF+0x0/8:2	RF+0x10f/8:mov;RF+0xa/8:mov;IPADV+0x0;RIP+0x0/2:movzx;RF+0x170/4:xor;TDYN;RTdyn/8:mov;WF+0xa/8:add;JMP:rdi
exact	+0x2	VE	-	de487504532ecb86	2533	1	171@0x9b4b3:2533	196@0x9fbcd:352,337@0xbec0e:328,322@0xbb3c9:256,333@0xbd8af:191,43@0x8173d:186,66@0x855ff:152	WF+0x170/4:4,WF+0x23/4:4,RF+0x23/4:2,RF+0x71/8:1,WF+0xf3/4:1,RF+0xa/8:1	RF+0xa/8:mov;IPADV+0x0;RIP+0x0/2:mov;RF+0x10f/8:mov;TDYN;RTdyn/8:mov;WF+0xa/8:add;JMP:r14
exact	+0x6	VVVVVV	-	4aee3d98c70ca8c7	2519	1	239@0xa991e:2519	297@0xb64d7:255,28@0x7e390:228,320@0xbada5:208,37@0x80685:177,157@0x98a9a:154,340@0xbf435:138	WF+0x170/4:5,WF+0x23/4:5,RF+0x23/4:3,RF+0x170/4:3,RF+0x81/8:2,RF+0xa/8:2	RF+0xa/8:mov;IPADV+0x4;RF+0x10f/8:mov;RIP+0x4/2:movzx;RF+0x170/4:add;WF+0x170/4:sub;TDYN;RTdyn/8:mov;WF+0xa/8:add;JMP:r8
exact	+0x6	CCCCVV	b0=0xe8,b1=0x01,b2=0x3d,b3=0x01	312982e7598b7293	2509	1	167@0x9a8d2:2509	351@0xc1d48:1262,283@0xb3612:790,295@0xb60e0:457	RF+0xa/8:3,RF+0x23/4:2,RF+0x71/8:1,IPADV+0x2:1,IPADV+0x0:1,RIP+0x2/2:1	RF+0xa/8:mov;RF+0x10f/8:mov;IPADV+0x4;RIP+0x4/2:movzx;RF+0x170/4:xor;WF+0x170/4:sub;TDYN;RTdyn/8:mov;WF+0xa/8:add;JMP:rdx;RF+0x23/4:mov
exact	+0x5	VVCCC	b2=0x00,b3=0x3d,b4=0x01	43f6f4962f358ef0	2508	1	83@0x8947b:2508	173@0x9ba74:548,108@0x8f24b:441,160@0x994cf:336,257@0xadbfd:286,352@0xc1ec4:284,144@0x95887:271	WF+0x170/4:5,RF+0x81/8:3,RF+0xa/8:3,RF+0x0/8:2,RF+0x60/8:2,RF+0x23/4:2	RF+0x10f/8:mov;RF+0xa/8:mov;IPADV+0x0;RIP+0x0/2:movzx;RF+0x170/4:add;WF+0x170/4:sub;TDYN;RTdyn/8:mov;WF+0xa/8:add;JMP:rdi
exact	+0x4	VVVV	-	1136caaa8bf2edf2	2414	1	350@0xc1926:2414	183@0x9d495:318,258@0xadf2c:257,281@0xb2db6:257,91@0x8b6de:203,114@0x90319:158,180@0x9cf32:147	WF+0x170/4:5,RF+0x170/4:4,RF+0x71/8:4,RF+0x81/8:3,WF+0x23/4:2,RF+0xa/8:2	RF+0xa/8:mov;IPADV+0x2;RIP+0x2/2:movzx;RF+0x10f/8:mov;RF+0x170/4:xor;WF+0x170/4:and;TDYN;RTdyn/8:mov;WF+0xa/8:add;JMP:rdi
exact	+0x5	VVCCV	b2=0x3d,b3=0x01	d21c7a75e432cbe9	2339	1	192@0x9f00a:2339	198@0xa037e:509,257@0xadbfd:419,108@0x8f24b:383,256@0xad849:324,144@0x95887:319,173@0x9ba74:181	RF+0x170/4:7,RF+0x0/8:7,RF+0x23/4:6,WF+0x23/4:5,WF+0x170/4:4,RF+0x194/1:4	RF+0xa/8:mov;IPADV+0x0;RIP+0x0/2:movzx;RF+0x10f/8:mov;RF+0x170/4:xor;WF+0x170/4:sub;TDYN;RTdyn/8:mov;WF+0xa/8:add;JMP:r14
exact	+0x4	CCVV	b0=0xe8,b1=0x01	13284f8da5f71d16	2326	1	183@0x9d495:2326	114@0x90319:323,297@0xb64d7:232,215@0xa4609:140,333@0xbd8af:137,337@0xbec0e:136,18@0x7be9b:123	WF+0x170/4:3,RF+0xa/8:2,RF+0x23/4:2,WF+0x23/4:2,RF+0x0/8:1,IPADV+0x0:1	RF+0x10f/8:mov;RF+0xa/8:mov;IPADV+0x2;RIP+0x2/2:movzx;RF+0x170/4:sub;WF+0x170/4:or;TDYN;RTdyn/8:mov;WF+0xa/8:add;JMP:rcx;RF+0x23/4:mov
exact	+0x4	VVCC	b2=0xe8,b3=0x01	39bb7a05c930bd65	2251	1	91@0x8b6de:2251	340@0xbf435:205,258@0xadf2c:201,337@0xbec0e:180,220@0xa522e:171,199@0xa0631:144,347@0xc088d:138	RF+0x170/4:3,RF+0xa/8:2,RF+0x71/8:2,RF+0x81/8:1,IPADV+0x2:1,RIP+0x2/2:1	RF+0xa/8:mov;RF+0x10f/8:mov;IPADV+0x0;RIP+0x0/2:movzx;RF+0x170/4:xor;WF+0x170/4:xor;TDYN;RTdyn/8:mov;WF+0xa/8:add;JMP:rdx;RF+0x23/4:mov
exact	+0x4	VVVV	-	89a34e7f3ea36f41	2209	1	154@0x97ce6:2209	91@0x8b6de:389,180@0x9cf32:275,196@0x9fbcd:157,185@0x9d964:156,105@0x8e6b4:134,189@0x9e7af:104	RF+0x23/4:6,WF+0x23/4:6,WF+0x170/4:4,RF+0x170/4:3,RF+0xa/8:2,IPADV+0x2:1	RF+0xa/8:mov;RF+0x10f/8:mov;IPADV+0x0;RIP+0x0/2:movzx;RF+0x170/4:sub;WF+0x170/4:sub;TDYN;RTdyn/8:mov;WF+0xa/8:add;JMP:rax
exact	+0x4	VVVV	-	f135fdffa3e33a37	2198	1	121@0x91379:2198	307@0xb8064:350,180@0x9cf32:244,114@0x90319:190,91@0x8b6de:171,196@0x9fbcd:117,66@0x855ff:117	RF+0x170/4:4,RF+0x71/8:3,WF+0x170/4:3,RF+0x23/4:2,RF+0x194/1:2,RF+0xa/8:2	RF+0x10f/8:mov;RF+0xa/8:mov;IPADV+0x2;RIP+0x2/2:movzx;RF+0x170/4:xor;TDYN;RTdyn/8:mov;WF+0xa/8:add;JMP:rdx
exact	+0x6	VVVVVV	-	0b02bdba7f5ea61d	2190	1	140@0x94e5a:2190	64@0x85059:260,189@0x9e7af:224,185@0x9d964:208,347@0xc088d:189,37@0x80685:132,17@0x7bae9:125	WF+0x23/4:7,RF+0x23/4:5,RF+0x170/4:4,RF+0x81/8:3,RF+0x0/8:2,RF+0x194/1:2	RF+0xa/8:mov;RF+0x10f/8:mov;IPADV+0x0;RIP+0x0/2:movzx;RF+0x170/4:xor;WF+0x170/4:add;TDYN;RTdyn/8:mov;WF+0xa/8:add;JMP:rsi
exact	+0x4	VVVV	-	46a47d1ebc130e09	2115	1	273@0xb11ca:2115	183@0x9d495:269,199@0xa0631:258,180@0x9cf32:171,196@0x9fbcd:159,347@0xc088d:155,258@0xadf2c:123	WF+0x170/4:6,RF+0x23/4:4,RF+0x170/4:3,RF+0x71/8:2,RF+0xa/8:2,RF+0x0/8:1	RF+0x10f/8:mov;RF+0xa/8:mov;IPADV+0x0;RIP+0x0/2:movzx;RF+0x170/4:add;WF+0x170/4:or;TDYN;RTdyn/8:mov;WF+0xa/8:add;JMP:r9;RF+0x23/4:mov
exact	+0x5	VCCVV	b1=0x3d,b2=0x01	31468ee72b928e68	2080	1	320@0xbada5:2080	173@0x9ba74:379,198@0xa037e:371,256@0xad849:314,160@0x994cf:243,257@0xadbfd:234,352@0xc1ec4:226	RF+0x0/8:5,RF+0x170/4:4,RF+0xa/8:4,RF+0x194/1:3,WF+0x170/4:3,RF+0x60/8:2	RF+0xa/8:mov;RF+0x10f/8:mov;IPADV+0x3;RIP+0x3/2:movzx;RF+0x170/4:sub;TDYN;RTdyn/8:mov;WF+0xa/8:add;JMP:rsi;RF+0xa/8:mov
exact	+0x5	VVVCC	b3=0x3d,b4=0x01	8e37e98b505b28f3	2035	1	37@0x80685:2035	160@0x994cf:437,257@0xadbfd:427,256@0xad849:373,144@0x95887:276,352@0xc1ec4:163,108@0x8f24b:159	RF+0x81/8:8,RF+0x0/8:5,RF+0x194/1:4,RF+0x170/4:4,WF+0x23/4:4,WF+0x170/4:3	RF+0x10f/8:mov;RF+0xa/8:mov;IPADV+0x0;RIP+0x0/2:movzx;RF+0x170/4:xor;WF+0x170/4:or;TDYN;RTdyn/8:mov;WF+0xa/8:add;JMP:rdx
exact	+0x4	VVVV	-	4e9eaa674a9abc7e	1988	1	254@0xad32c:1988	180@0x9cf32:282,66@0x855ff:270,183@0x9d495:207,28@0x7e390:197,91@0x8b6de:184,297@0xb64d7:160	WF+0x170/4:10,RF+0x23/4:4,RF+0x81/8:4,RF+0xa/8:2,WF+0x23/4:2,IPADV+0x0:1	RF+0xa/8:mov;IPADV+0x2;RF+0x10f/8:mov;RIP+0x2/2:movzx;WF+0x170/4:or;TDYN;RTdyn/8:mov;WF+0xa/8:add;JMP:rsi
exact	+0x6	VVVVVV	-	8511cbd5890d7403	1984	1	253@0xacfb1:1984	297@0xb64d7:269,199@0xa0631:208,337@0xbec0e:194,28@0x7e390:173,17@0x7bae9:151,340@0xbf435:125	RF+0x81/8:7,WF+0x170/4:6,RF+0x170/4:3,RF+0x23/4:3,RF+0x0/8:2,RF+0xa/8:2	RF+0xa/8:mov;IPADV+0x0;RIP+0x0/2:movzx;RF+0x10f/8:mov;WF+0x170/4:xor;TDYN;RTdyn/8:mov;WF+0xa/8:add;JMP:r8
exact	+0x6	VVVVVV	-	39d445c7a3017a14	1883	1	345@0xc02e4:1883	52@0x833c7:345,196@0x9fbcd:333,172@0x9b68a:109,189@0x9e7af:104,37@0x80685:98,192@0x9f00a:86	RF+0x170/4:3,WF+0x23/4:3,RF+0xa/8:2,RF+0x81/8:2,RF+0x23/4:2,WF+0x170/4:2	RF+0xa/8:mov;IPADV+0x0;RIP+0x0/2:movzx;RF+0x10f/8:mov;RF+0x170/4:add;WF+0x170/4:add;TDYN;RTdyn/8:mov;WF+0xa/8:add;JMP:r14
exact	+0x2	VE	-	d1d6a0b3c1c11cb4	1872	1	354@0xc2241:1872	185@0x9d964:251,268@0xb0007:225,168@0x9aa83:197,340@0xbf435:195,157@0x98a9a:190,189@0x9e7af:188	WF+0x170/4:3,WF+0x23/4:3,RF+0x23/4:2,RF+0x170/4:2,RF+0x0/8:2,WF+0xf3/4:1	RF+0xa/8:mov;IPADV+0x0;RIP+0x0/2:mov;RF+0x10f/8:mov;TDYN;RTdyn/8:mov;WF+0xa/8:add;JMP:rdx
exact	+0x5	CCVVV	b0=0x3d,b1=0x01	a5d3d8acd05f68fa	1850	1	319@0xba72f:1850	173@0x9ba74:559,257@0xadbfd:324,144@0x95887:250,108@0x8f24b:207,198@0xa037e:186,160@0x994cf:161	RF+0x23/4:6,WF+0x23/4:6,RF+0x170/4:5,WF+0x170/4:5,RF+0x0/8:4,RF+0x71/8:4	RF+0xa/8:mov;RF+0x10f/8:mov;IPADV+0x2;RIP+0x2/2:movzx;RF+0x170/4:add;WF+0x170/4:add;TDYN;RTdyn/8:mov;WF+0xa/8:add;JMP:r8
exact	+0x4	VVCC	b2=0xe8,b3=0x01	10a9467e1a030c89	1848	1	180@0x9cf32:1848	168@0x9aa83:355,79@0x885b0:232,337@0xbec0e:148,269@0xb045b:134,157@0x98a9a:129,297@0xb64d7:117	RF+0xa/8:2,RF+0x81/8:2,WF+0x23/4:2,RF+0x194/1:1,IPADV+0x2:1,RIP+0x2/2:1	RF+0xa/8:mov;RF+0x10f/8:mov;IPADV+0x0;RIP+0x0/2:movzx;WF+0x170/4:or;TDYN;RTdyn/8:mov;WF+0xa/8:add;JMP:rdx
exact	+0x4	VVVV	-	88457c4e1846d4e9	1847	1	322@0xbb3c9:1847	91@0x8b6de:280,347@0xc088d:276,157@0x98a9a:257,183@0x9d495:172,337@0xbec0e:134,64@0x85059:98	RF+0x170/4:7,RF+0x0/8:5,WF+0x170/4:4,WF+0x23/4:3,RF+0xa/8:2,RF+0x23/4:2	RF+0x10f/8:mov;RF+0xa/8:mov;IPADV+0x2;RIP+0x2/2:movzx;RF+0x170/4:sub;WF+0x170/4:and;TDYN;RTdyn/8:mov;WF+0xa/8:add;JMP:r8
exact	+0x5	CCVVC	b0=0xe8,b1=0x01,b4=0x10	3db9cb0ec7530274	1844	1	351@0xc1d48:1844	297@0xb64d7:256,258@0xadf2c:188,189@0x9e7af:185,172@0x9b68a:182,28@0x7e390:102,254@0xad32c:98	RF+0xa/8:3,IPADV+0x0:1,RIP+0x0/2:1,IPADV+0x4:1,RIP+0x4/1:1,IPADV+0x2:1	RF+0xa/8:mov;IPADV+0x2;RF+0x10f/8:mov;RIP+0x2/2:movzx;RF+0x170/4:add;WF+0x170/4:or;TDYN;RTdyn/8:mov;WF+0xa/8:add;JMP:rsi
exact	+0x2	VE	-	777a8fb0a3e3fb1d	1825	1	165@0x9a24c:1825	114@0x90319:356,333@0xbd8af:215,340@0xbf435:198,268@0xb0007:188,203@0xa1484:186,18@0x7be9b:159	RF+0x170/4:3,WF+0x170/4:2,RF+0x0/8:2,RF+0x71/8:2,RF+0x23/4:2,WF+0x23/4:1	RF+0xa/8:mov;IPADV+0x0;RIP+0x0/2:mov;RF+0x10f/8:mov;TDYN;RTdyn/8:mov;WF+0xa/8:add;JMP:r9;RF+0x170/4:mov
exact	+0x4	EECC	b2=0xe8,b3=0x01	a5e363329a569ca4	1796	1	169@0x9af18:1796	171@0x9b4b3:756,354@0xc2241:658,165@0x9a24c:382	WF+0x170/4:2,RF+0x170/4:2,RF+0x0/8:2,RF+0xa/8:2,RF+0x194/1:1,WF+0x23/4:1	RF+0xa/8:mov;IPADV+0x0;RIP+0x0/2:mov;RF+0x10f/8:mov;TDYN;RTdyn/8:mov;WF+0xa/8:add;JMP:r10
exact	+0x6	VVVVVV	-	df5bdd5b2d267473	1796	1	124@0x91e81:1796	320@0xbada5:235,192@0x9f00a:199,43@0x8173d:191,37@0x80685:147,333@0xbd8af:139,307@0xb8064:123	WF+0x170/4:8,RF+0x23/4:5,RF+0x81/8:5,WF+0x23/4:4,RF+0x170/4:4,RF+0xa/8:2	RF+0xa/8:mov;RF+0x10f/8:mov;IPADV+0x4;RIP+0x4/2:movzx;RF+0x170/4:add;WF+0x170/4:sub;TDYN;RTdyn/8:mov;WF+0xa/8:add;JMP:r12
exact	+0x6	VVCCCC	b2=0x3d,b3=0x01,b4=0xe8,b5=0x01	e0dd23af5d966a7f	1753	1	338@0xbf128:1753	283@0xb3612:648,351@0xc1d48:582,295@0xb60e0:523	RF+0xa/8:3,RF+0x81/8:2,RF+0x194/1:1,IPADV+0x4:1,RIP+0x4/2:1,IPADV+0x2:1	RF+0x10f/8:mov;RF+0xa/8:mov;IPADV+0x0;RIP+0x0/2:movzx;RF+0x170/4:sub;WF+0x170/4:sub;TDYN;RTdyn/8:mov;WF+0xa/8:add;JMP:rsi
exact	+0x5	VVVCC	b3=0x3d,b4=0x01	d13d30e3eec95e5b	1629	1	70@0x8610e:1629	108@0x8f24b:577,198@0xa037e:236,144@0x95887:215,256@0xad849:181,160@0x994cf:165,352@0xc1ec4:138	WF+0x23/4:6,RF+0x23/4:5,WF+0x170/4:5,RF+0x81/8:4,RF+0x170/4:4,RF+0x71/8:3	RF+0x10f/8:mov;RF+0xa/8:mov;IPADV+0x0;RIP+0x0/2:movzx;RF+0x170/4:sub;TDYN;RTdyn/8:mov;WF+0xa/8:add;JMP:r8
exact	+0x4	CCEE	b0=0xe8,b1=0x01	2d51551f41dd3b72	1614	1	310@0xb8556:1614	165@0x9a24c:666,354@0xc2241:566,171@0x9b4b3:382	WF+0x23/4:4,RF+0x194/1:2,RF+0x23/4:2,RF+0xa/8:2,RF+0x71/8:1,IPADV+0x0:1	RF+0xa/8:mov;IPADV+0x2;RIP+0x2/2:mov;RF+0x10f/8:mov;TDYN;RTdyn/8:mov;WF+0xa/8:add;JMP:r13
exact	+0x5	VVVCC	b3=0x3d,b4=0x01	fd4180a8b4964efe	1537	1	237@0xa8e1f:1537	352@0xc1ec4:472,108@0x8f24b:350,144@0x95887:218,160@0x994cf:173,256@0xad849:150,257@0xadbfd:77	RF+0x81/8:4,RF+0x23/4:4,WF+0x170/4:4,RF+0x0/8:4,RF+0x170/4:3,WF+0x23/4:3	RF+0xa/8:mov;RF+0x10f/8:mov;IPADV+0x1;RIP+0x1/2:movzx;RF+0x170/4:xor;WF+0x170/4:xor;TDYN;RTdyn/8:mov;WF+0xa/8:add;JMP:rdx
exact	+0x6	VVVVVV	-	ed6485f1152ebfac	1511	1	200@0xa0a9e:1511	297@0xb64d7:228,18@0x7be9b:138,199@0xa0631:111,185@0x9d964:108,333@0xbd8af:104,43@0x8173d:103	RF+0x23/4:7,WF+0x170/4:5,WF+0x23/4:5,RF+0x81/8:4,RF+0x194/1:2,RF+0x71/8:2	RF+0x10f/8:mov;RF+0xa/8:mov;IPADV+0x4;RIP+0x4/2:movzx;WF+0x170/4:add;TDYN;RTdyn/8:mov;WF+0xa/8:add;JMP:r10;RF+0x23/4:mov
exact	+0x5	CCCVV	b0=0x10,b1=0xe8,b2=0x01	e9bcbc93e5ef6568	1438	1	283@0xb3612:1438	333@0xbd8af:186,215@0xa4609:185,168@0x9aa83:184,258@0xadf2c:168,185@0x9d964:98,307@0xb8064:97	RF+0xa/8:3,IPADV+0x0:1,RIP+0x0/1:1,IPADV+0x1:1,RIP+0x1/2:1,IPADV+0x3:1	RF+0xa/8:mov;IPADV+0x3;RIP+0x3/2:movzx;RF+0x10f/8:mov;TDYN;RTdyn/8:mov;WF+0xa/8:add;JMP:rdi
exact	+0x6	CCCCVV	b0=0x3d,b1=0x01,b2=0xe8,b3=0x01	f3201c9ea89cc9fc	1407	1	181@0x9d13f:1407	215@0xa4609:256,189@0x9e7af:189,297@0xb64d7:120,337@0xbec0e:108,347@0xc088d:100,340@0xbf435:98	RF+0xa/8:3,IPADV+0x2:1,IPADV+0x0:1,RIP+0x0/2:1,RIP+0x2/2:1,RF+0x10f/8:1	RF+0x10f/8:mov;RF+0xa/8:mov;IPADV+0x4;RIP+0x4/2:movzx;RF+0x170/4:sub;WF+0x170/4:sub;TDYN;RTdyn/8:mov;WF+0xa/8:add;JMP:rax
exact	+0x5	EVVVV	-	ca03b74714698b71	1158	1	128@0x9299b:1158	268@0xb0007:282,215@0xa4609:268,64@0x85059:262,3@0x78c77:71,196@0x9fbcd:45,347@0xc088d:32	WF+0x170/4:9,WF+0x23/4:7,RF+0x23/4:6,RF+0x81/8:3,RF+0xa/8:3,RF+0x170/4:2	RF+0xa/8:mov;IPADV+0x3;RF+0x10f/8:mov;RIP+0x3/2:movzx;RF+0x170/4:xor;WF+0x170/4:and;TDYN;RTdyn/8:mov;WF+0xa/8:add;JMP:rdx
exact	+0x5	VVVCC	b3=0x3d,b4=0x01	701a06a21227d665	1103	1	52@0x833c7:1103	316@0xb987b:335,75@0x873fc:297,145@0x95b5c:156,196@0x9fbcd:91,64@0x85059:67,334@0xbdd18:63	RF+0xa/8:4,RF+0x60/8:2,RF+0x0/8:2,WF+0x71/8:2,RF+0x71/8:2,TDYN:2	RF+0x10f/8:mov;RF+0xa/8:mov;IPADV+0x0;RIP+0x0/2:movzx;RF+0x170/4:add;TABLEADV+0x2;TDYN;WF+0x170/4:add;TDYN;RTdyn/8:mov;WF+0xa/8:add;JMP:rcx;RF+0xa/8:mov
exact	+0x6	CCVECC	b0=0xe8,b1=0x01,b4=0x3d,b5=0x01	f1883432698c3d25	1074	1	261@0xaeda2:1074	114@0x90319:215,297@0xb64d7:189,347@0xc088d:184,18@0x7be9b:110,337@0xbec0e:101,215@0xa4609:95	RF+0xa/8:3,IPADV+0x4:1,RIP+0x4/2:1,RF+0x81/8:1,IPADV+0x0:1,RIP+0x0/2:1	RF+0x10f/8:mov;RF+0xa/8:mov;IPADV+0x2;RIP+0x2/2:movzx;WF+0x170/4:add;TDYN;RTdyn/8:mov;WF+0xa/8:add;JMP:r12
exact	+0x5	CCVVC	b0=0xe8,b1=0x01,b4=0x10	4614dc8f5dc7a210	980	1	295@0xb60e0:980	258@0xadf2c:218,28@0x7e390:184,66@0x855ff:183,64@0x85059:100,43@0x8173d:97,157@0x98a9a:92	RF+0xa/8:3,IPADV+0x4:1,RIP+0x4/1:1,IPADV+0x0:1,RIP+0x0/2:1,IPADV+0x2:1	RF+0xa/8:mov;IPADV+0x2;RF+0x10f/8:mov;RIP+0x2/2:movzx;WF+0x170/4:or;TDYN;RTdyn/8:mov;WF+0xa/8:add;JMP:r15
exact	+0x6	CCCCVV	b0=0xe8,b1=0x01,b2=0x3d,b3=0x01	76d1af607c2da508	928	1	40@0x8115d:928	66@0x855ff:102,64@0x85059:102,340@0xbf435:100,215@0xa4609:99,297@0xb64d7:97,199@0xa0631:97	RF+0x170/4:3,RF+0xa/8:3,WF+0x23/4:2,IPADV+0x0:1,IPADV+0x2:1,RIP+0x0/2:1	RF+0x10f/8:mov;RF+0xa/8:mov;IPADV+0x4;RIP+0x4/2:movzx;RF+0x170/4:xor;WF+0x170/4:and;TDYN;RTdyn/8:mov;WF+0xa/8:add;JMP:rcx
exact	+0x6	CCCCVV	b0=0xe8,b1=0x01,b2=0x3d,b3=0x01	49f2f08157e1a128	922	1	119@0x90ebc:922	28@0x7e390:190,64@0x85059:187,340@0xbf435:107,337@0xbec0e:99,297@0xb64d7:96,18@0x7be9b:96	RF+0xa/8:3,WF+0x23/4:2,RF+0x23/4:1,IPADV+0x2:1,RIP+0x2/2:1,IPADV+0x0:1	RF+0xa/8:mov;RF+0x10f/8:mov;IPADV+0x4;RIP+0x4/2:movzx;RF+0x170/4:xor;WF+0x170/4:or;TDYN;RTdyn/8:mov;WF+0xa/8:add;JMP:r11
exact	+0x5	EVVVV	-	ecf052ebb296b1ff	802	1	208@0xa2361:802	307@0xb8064:225,114@0x90319:91,79@0x885b0:75,49@0x82820:74,340@0xbf435:66,297@0xb64d7:66	WF+0x23/4:13,RF+0x23/4:8,RF+0x170/4:5,WF+0x170/4:5,RF+0xa/8:3,RF+0x71/8:2	RF+0xa/8:mov;IPADV+0x3;RIP+0x3/2:movzx;RF+0x10f/8:mov;RF+0x170/4:sub;WF+0x170/4:sub;TDYN;RTdyn/8:mov;WF+0xa/8:add;JMP:rbx
exact	+0x5	VVEVV	-	018722ee4d0fe2c1	758	1	17@0x7bae9:758	300@0xb6c36:256,122@0x9170d:150,28@0x7e390:132,18@0x7be9b:31,92@0x8b8cb:31,200@0xa0a9e:30	WF+0x23/4:7,RF+0x170/4:5,RF+0x23/4:4,WF+0x170/4:4,RF+0xa/8:3,RF+0x0/8:3	RF+0x10f/8:mov;RF+0xa/8:mov;IPADV+0x3;RIP+0x3/2:movzx;RF+0x170/4:sub;WF+0x170/4:add;TDYN;RTdyn/8:mov;WF+0xa/8:add;JMP:r14
exact	+0xa	VVECCCVVEC	b3=0x00,b4=0x80,b5=0x00,b9=0x00	fe1b549a5c4bde46	742	1	216@0xa4a61:742	310@0xb8556:552,169@0x9af18:190	RF+0xa/8:6,IPADV+0x0:2,RF+0x60/8:2,RF+0x0/8:2,WF+0x71/8:2,IPADV+0x6:1	RF+0xa/8:mov;IPADV+0x1;RF+0x10f/8:mov;RIP+0x1/2:movzx;RF+0x170/4:sub;TDYN;RTdyn/8:mov;WF+0xa/8:add;JMP:r14
exact	+0xa	VVECCCVVEC	b3=0x00,b4=0x80,b5=0x00,b9=0x00	65adbd203a16a238	741	1	356@0xc291a:741	310@0xb8556:373,169@0x9af18:368	RF+0xa/8:7,IPADV+0x0:2,RF+0x60/8:2,RF+0x0/8:2,IPADV+0x3:2,RIP+0x3/2:2	RF+0xa/8:mov;IPADV+0x0;RF+0x10f/8:mov;RIP+0x0/2:movzx;RF+0x170/4:xor;TDYN;RTdyn/8:mov;WF+0xa/8:add;JMP:rbx
exact	+0x5	EVVVV	-	e43eee5d9cadfa9f	737	1	179@0x9ca8d:737	99@0x8c99a:131,337@0xbec0e:117,268@0xb0007:106,43@0x8173d:103,18@0x7be9b:83,203@0xa1484:22	RF+0x81/8:4,RF+0x170/4:3,WF+0x170/4:3,RF+0xa/8:3,RF+0x71/8:2,RF+0x0/8:2	RF+0x10f/8:mov;RF+0xa/8:mov;IPADV+0x1;RIP+0x1/2:movzx;RF+0x170/4:sub;WF+0x170/4:xor;TDYN;RTdyn/8:mov;WF+0xa/8:add;JMP:r12;RF+0x194/1:mov
exact	+0x5	CVVCC	b0=0x00,b3=0x3d,b4=0x01	04a6e53ce1c11a32	695	1	99@0x8c99a:695	198@0xa037e:387,108@0x8f24b:153,173@0x9ba74:132,160@0x994cf:8,256@0xad849:7,144@0x95887:5	RF+0xa/8:3,RF+0x0/8:2,RF+0x60/8:2,WF+0x71/8:2,WF+0x0/8:1,WF+0x60/8:1	RF+0xa/8:mov;IPADV+0x1;RF+0x10f/8:mov;RIP+0x1/2:movzx;RF+0x170/4:xor;WF+0x170/4:and;TDYN;RTdyn/8:mov;WF+0xa/8:add;JMP:rax
exact	+0x5	VVVVE	-	57277538343f5125	671	1	105@0x8e6b4:671	350@0xc1926:256,28@0x7e390:129,291@0xb4edd:72,140@0x94e5a:33,92@0x8b8cb:32,349@0xc140b:13	RF+0x71/8:3,RF+0x23/4:3,WF+0x23/4:3,WF+0x170/4:3,RF+0xa/8:3,RF+0x170/4:2	RF+0x10f/8:mov;RF+0xa/8:mov;IPADV+0x2;RIP+0x2/2:movzx;WF+0x170/4:sub;TDYN;RTdyn/8:mov;WF+0xa/8:add;JMP:rdx
exact	+0x5	EVVVV	-	4ae90eeb71cbdda6	651	1	292@0xb540f:651	185@0x9d964:259,350@0xc1926:64,307@0xb8064:64,317@0xba1e2:34,90@0x8b334:34,199@0xa0631:28	WF+0x170/4:3,RF+0x81/8:3,RF+0xa/8:3,RF+0x170/4:3,RF+0x71/8:2,RF+0x23/4:2	RF+0xa/8:mov;IPADV+0x3;RIP+0x3/2:movzx;RF+0x10f/8:mov;RF+0x170/4:xor;WF+0x170/4:and;TDYN;RTdyn/8:mov;WF+0xa/8:add;JMP:rbx;RF+0x81/8:mov
exact	+0x5	EVVVV	-	a99973f1e589a4b1	578	1	146@0x96407:578	258@0xadf2c:186,172@0x9b68a:98,70@0x8610e:64,28@0x7e390:30,199@0xa0631:25,79@0x885b0:21	WF+0x170/4:6,RF+0x23/4:4,WF+0x23/4:3,RF+0x170/4:3,RF+0xa/8:3,RF+0x71/8:2	RF+0x10f/8:mov;RF+0xa/8:mov;IPADV+0x1;RIP+0x1/2:movzx;RF+0x170/4:sub;WF+0x170/4:xor;TDYN;RTdyn/8:mov;WF+0xa/8:add;JMP:r12
exact	+0x4	VVVV	-	76ad8ba92a9302f5	567	1	90@0x8b334:567	49@0x82820:257,260@0xae90b:64,140@0x94e5a:34,220@0xa522e:32,3@0x78c77:25,330@0xbc9b8:18	WF+0x170/4:9,RF+0x23/4:5,WF+0x23/4:2,RF+0xa/8:2,RF+0x0/8:1,IPADV+0x2:1	RF+0xa/8:mov;IPADV+0x0;RF+0x10f/8:mov;RIP+0x0/2:movzx;WF+0x170/4:xor;TDYN;RTdyn/8:mov;WF+0xa/8:add;JMP:r12;RF+0x81/8:mov
exact	+0xa	VVECCCVVEC	b3=0x00,b4=0x80,b5=0x00,b9=0x00	9214e50ca8894298	562	1	95@0x8c41c:562	169@0x9af18:374,310@0xb8556:188	RF+0xa/8:7,IPADV+0x6:2,IPADV+0x4:2,RIP+0x4/2:2,IPADV+0x0:2,RIP+0x6/4:1	RF+0xa/8:mov;IPADV+0x4;RF+0x10f/8:mov;RIP+0x4/2:movzx;WF+0x170/4:xor;TDYN;RTdyn/8:mov;WF+0xa/8:add;JMP:rdi
exact	+0x4	VVVV	-	0d1380c358725258	555	1	281@0xb2db6:555	269@0xb045b:257,253@0xacfb1:153,322@0xbb3c9:11,292@0xb540f:9,3@0x78c77:8,30@0x7e849:7	WF+0x170/4:7,RF+0x81/8:5,RF+0x23/4:3,RF+0x194/1:2,RF+0xa/8:2,RF+0x170/4:2	RF+0xa/8:mov;IPADV+0x0;RF+0x10f/8:mov;RIP+0x0/2:movzx;RF+0x170/4:xor;WF+0x170/4:add;TDYN;RTdyn/8:mov;WF+0xa/8:add;JMP:r12
exact	+0xa	VVECCCVVEC	b3=0x00,b4=0x80,b5=0x00,b9=0x00	06344577cd8aec6c	553	1	278@0xb2342:553	169@0x9af18:368,310@0xb8556:185	RF+0xa/8:6,IPADV+0x4:2,IPADV+0x0:2,RF+0x0/8:2,WF+0x71/8:2,RF+0x23/4:2	RF+0x10f/8:mov;RF+0xa/8:mov;IPADV+0x2;RIP+0x2/2:movzx;RF+0x170/4:sub;WF+0x170/4:or;TDYN;RTdyn/8:mov;WF+0xa/8:add;JMP:r10;RF+0x23/4:mov
exact	+0x4	VVVV	-	131518123507e302	537	1	317@0xba1e2:537	154@0x97ce6:139,70@0x8610e:125,28@0x7e390:34,282@0xb3128:32,330@0xbc9b8:29,52@0x833c7:28	RF+0x23/4:11,WF+0x170/4:9,RF+0x81/8:4,WF+0x23/4:4,RF+0xa/8:2,IPADV+0x2:1	RF+0xa/8:mov;IPADV+0x0;RIP+0x0/2:movzx;RF+0x10f/8:mov;RF+0x170/4:sub;WF+0x170/4:add;TDYN;RTdyn/8:mov;WF+0xa/8:add;JMP:r15
exact	+0x4	VVVV	-	0491d1bcb577d092	503	1	349@0xc140b:503	17@0x7bae9:264,105@0x8e6b4:31,332@0xbd36d:26,282@0xb3128:25,28@0x7e390:17,200@0xa0a9e:15	WF+0x170/4:9,RF+0x170/4:8,RF+0x23/4:7,WF+0x23/4:6,RF+0x0/8:4,RF+0x81/8:3	RF+0xa/8:mov;IPADV+0x2;RIP+0x2/2:movzx;RF+0x10f/8:mov;WF+0x170/4:add;TDYN;RTdyn/8:mov;WF+0xa/8:add;JMP:r13
exact	+0x5	VVCCV	b2=0x3d,b3=0x01	a0e7e909dc8a155c	498	1	122@0x9170d:498	334@0xbdd18:155,316@0xb987b:112,258@0xadf2c:92,210@0xa2da3:59,145@0x95b5c:40,246@0xab427:14	RF+0xa/8:3,RF+0x60/8:2,RF+0x0/8:2,WF+0x170/4:2,WF+0x71/8:2,RF+0x71/8:2	RF+0x10f/8:mov;RF+0xa/8:mov;IPADV+0x0;RIP+0x0/2:movzx;RF+0x170/4:add;WF+0x170/4:sub;TDYN;RTdyn/8:mov;WF+0xa/8:add;JMP:rdx;RF+0x81/8:mov
exact	+0x4	VVVV	-	ff173eb43ce4c897	479	1	291@0xb4edd:479	79@0x885b0:95,292@0xb540f:77,330@0xbc9b8:69,18@0x7be9b:68,48@0x82477:25,66@0x855ff:16	RF+0x23/4:6,WF+0x170/4:5,WF+0x23/4:5,RF+0x194/1:3,RF+0x170/4:2,RF+0x81/8:2	RF+0x10f/8:mov;RF+0xa/8:mov;IPADV+0x2;RIP+0x2/2:movzx;RF+0x170/4:add;WF+0x170/4:or;TDYN;RTdyn/8:mov;WF+0xa/8:add;JMP:rdx
sampled_backedge	-0x3c4	sampled	-	a18b4ce0e63e043d	447	1	316@0xb987b:447	165@0x9a24c:258,354@0xc2241:95,171@0x9b4b3:94	RF+0xa/8:4,WF+0xa/8:2,IPADV+0x8:1,RIP+0x8/2:1,IPADV+0xa:1,RIP+0xa/1:1	RF+0xa/8:mov;IPADV+0x0;RIP+0x0/2:mov;RF+0x10f/8:mov;TDYN;RTdyn/8:mov;RF+0xa/8:mov;IPADV+0x4;RIP+0x4/4:mov;WF+0xa/8:sub;WF+0xa/8:add;JMP:rax
exact	+0x3	CVV	b0=0x62	bd19b521009f6a44	398	1	118@0x90c23:398	332@0xbd36d:256,217@0xa4b11:65,322@0xbb3c9:64,172@0x9b68a:3,114@0x90319:3,208@0xa2361:3	WF+0x23/4:5,RF+0x81/8:2,RF+0x23/4:2,RF+0x170/4:2,RF+0xa/8:2,RF+0x71/8:1	RF+0xa/8:mov;IPADV+0x1;RF+0x10f/8:mov;RIP+0x1/2:movzx;RF+0x170/4:xor;WF+0x170/4:and;TDYN;RTdyn/8:mov;WF+0xa/8:add;JMP:r11
exact	+0x5	EEECC	b3=0x3d,b4=0x01	b6fe8cf9dfe353dd	384	1	127@0x926c3:384	108@0x8f24b:256,144@0x95887:64,257@0xadbfd:64	RF+0xa/8:4,RF+0x194/1:2,RF+0x0/8:2,IPADV+0x3:2,RIP+0x3/2:2,WF+0x71/8:2	RF+0x10f/8:mov;RF+0xa/8:mov;IPADV+0x0;RIP+0x0/2:movzx;RF+0x170/4:sub;WF+0x170/4:or;TDYN;RTdyn/8:mov;WF+0xa/8:add;JMP:r14;RF+0x23/4:mov
exact	+0xa	VVECCCVVEC	b3=0x00,b4=0x80,b5=0x00,b9=0x00	a92eb36510f4ce60	382	1	311@0xb86f8:382	169@0x9af18:192,310@0xb8556:190	RF+0xa/8:6,RF+0x194/1:4,RF+0x81/8:4,WF+0x170/4:3,IPADV+0x0:2,RF+0x0/8:2	RF+0xa/8:mov;IPADV+0x3;RIP+0x3/2:movzx;RF+0x10f/8:mov;RF+0x170/4:xor;WF+0x170/4:sub;TDYN;RTdyn/8:mov;WF+0xa/8:add;JMP:r8;RF+0x81/8:mov
exact	+0x5	CCEEV	b0=0x3d,b1=0x01	1771bdf4fbed5f09	341	1	201@0xa0dca:341	173@0x9ba74:257,256@0xad849:72,144@0x95887:4,160@0x994cf:4,198@0xa037e:2,257@0xadbfd:2	WF+0x170/4:10,RF+0x23/4:6,RF+0x0/8:4,RF+0x170/4:4,RF+0x81/8:3,WF+0x23/4:3	RF+0xa/8:mov;IPADV+0x2;RIP+0x2/2:movzx;RF+0x10f/8:mov;WF+0x170/4:sub;TDYN;RTdyn/8:mov;TABLEADV+0x1;WF+0xa/8:add;JMP:r10
exact	+0x5	VVEVV	-	1be34c2be5af31f5	316	1	330@0xbc9b8:316	260@0xae90b:91,18@0x7be9b:68,140@0x94e5a:25,66@0x855ff:13,122@0x9170d:12,291@0xb4edd:10	WF+0x23/4:12,RF+0x170/4:10,RF+0x23/4:4,WF+0x170/4:4,RF+0x0/8:4,RF+0x81/8:3	RF+0x10f/8:mov;RF+0xa/8:mov;IPADV+0x0;RIP+0x0/2:movzx;WF+0x170/4:add;TDYN;RTdyn/8:mov;WF+0xa/8:add;JMP:r15
exact	+0x4	VVVV	-	d38d77d40270527e	307	1	92@0x8b8cb:307	282@0xb3128:67,49@0x82820:31,17@0x7bae9:29,332@0xbd36d:26,3@0x78c77:26,18@0x7be9b:16	RF+0x170/4:5,WF+0x170/4:5,RF+0x23/4:4,RF+0x81/8:4,RF+0x0/8:4,WF+0x23/4:3	RF+0xa/8:mov;IPADV+0x0;RIP+0x0/2:movzx;RF+0x10f/8:mov;RF+0x170/4:add;WF+0x170/4:xor;TDYN;RTdyn/8:mov;WF+0xa/8:add;JMP:r13
exact	+0xa	VVECCCVVEC	b3=0x00,b4=0x80,b5=0x00,b9=0x00	2e458807d9d980f0	291	1	264@0xaf4cf:291	169@0x9af18:191,310@0xb8556:100	RF+0xa/8:20,IPADV+0x6:2,IPADV+0x4:2,RIP+0x4/2:2,IPADV+0x0:2,RF+0x0/8:2	RF+0xa/8:mov;RF+0x10f/8:mov;IPADV+0x8;RIP+0x8/2:movzx;RF+0x170/4:add;WF+0x170/4:and;TDYN;RTdyn/8:mov;WF+0xa/8:add;JMP:r8
exact	+0x5	VVEVV	-	c899ea9e0e7050dc	283	1	48@0x82477:283	239@0xa991e:31,317@0xba1e2:30,269@0xb045b:26,66@0x855ff:25,281@0xb2db6:18,297@0xb64d7:11	RF+0x23/4:8,WF+0x170/4:8,RF+0x71/8:5,WF+0x23/4:5,RF+0xa/8:3,RF+0x170/4:2	RF+0x10f/8:mov;RF+0xa/8:mov;IPADV+0x0;RIP+0x0/2:movzx;RF+0x170/4:add;WF+0x170/4:sub;TDYN;RTdyn/8:mov;WF+0xa/8:add;JMP:rdx
sampled_backedge	-0x6d	sampled	-	30a09b15f5f967b8	276	1	75@0x873fc:276	171@0x9b4b3:256,165@0x9a24c:16,354@0xc2241:4	RF+0xa/8:4,WF+0xa/8:2,IPADV+0x8:1,RIP+0x8/2:1,IPADV+0xa:1,RIP+0xa/1:1	RF+0xa/8:mov;IPADV+0x0;RIP+0x0/2:mov;RF+0x10f/8:mov;TDYN;RTdyn/8:mov;RF+0xa/8:mov;IPADV+0x4;RIP+0x4/4:mov;WF+0xa/8:sub;WF+0xa/8:add;JMP:r14
exact	+0x5	VVVVE	-	7217b0df88f254e8	269	1	282@0xb3128:269	280@0xb2661:64,220@0xa522e:27,90@0x8b334:21,199@0xa0631:13,140@0x94e5a:12,66@0x855ff:12	WF+0x23/4:5,RF+0x81/8:4,RF+0x23/4:4,RF+0xa/8:3,RF+0x0/8:2,RF+0x170/4:2	RF+0x10f/8:mov;RF+0xa/8:mov;IPADV+0x2;RIP+0x2/2:movzx;RF+0x170/4:sub;TDYN;RTdyn/8:mov;WF+0xa/8:add;JMP:r8
exact	+0x5	CCCCC	b0=0x9e,b1=0xd4,b2=0xa9,b3=0x3d,b4=0x01	8a8ec59f6c54073d	256	1	107@0x8eef4:256	160@0x994cf:256	RF+0xa/8:4,RF+0x0/8:2,IPADV+0x3:2,RIP+0x3/2:2,WF+0x71/8:2,WF+0x0/8:1	RF+0x10f/8:mov;RF+0xa/8:mov;IPADV+0x0;RIP+0x0/2:movzx;RF+0x170/4:xor;WF+0x170/4:sub;TDYN;RTdyn/8:mov;WF+0xa/8:add;JMP:r9
exact	+0x5	VVVVE	-	a830b090133ac958	254	1	222@0xa5f3c:254	220@0xa522e:67,301@0xb708d:20,268@0xb0007:14,49@0x82820:13,28@0x7e390:12,43@0x8173d:11	RF+0x23/4:6,WF+0x170/4:6,WF+0x23/4:5,RF+0x194/1:4,RF+0x170/4:4,RF+0xa/8:3	RF+0xa/8:mov;IPADV+0x2;RF+0x10f/8:mov;RIP+0x2/2:movzx;RF+0x170/4:add;WF+0x170/4:xor;TDYN;RTdyn/8:mov;WF+0xa/8:add;JMP:r13
exact	+0x5	CCVVV	b0=0x3d,b1=0x01	bdf7b25b42014a7b	224	1	190@0x9eacb:224	352@0xc1ec4:134,257@0xadbfd:86,144@0x95887:4	RF+0xa/8:4,RF+0x0/8:2,RF+0x60/8:2,IPADV+0x0:2,RIP+0x0/2:2,WF+0x71/8:2	RF+0xa/8:mov;IPADV+0x3;RF+0x10f/8:mov;RIP+0x3/2:movzx;RF+0x170/4:add;WF+0x170/4:and;TDYN;RTdyn/8:mov;WF+0xa/8:add;JMP:rax
exact	+0x5	CVVCC	b0=0x00,b3=0x3d,b4=0x01	fe1b549a5c4bde46	215	1	217@0xa4b11:215	198@0xa037e:70,352@0xc1ec4:66,144@0x95887:66,108@0x8f24b:7,173@0x9ba74:3,160@0x994cf:1	RF+0xa/8:3,RF+0x60/8:2,RF+0x0/8:2,WF+0x71/8:2,RF+0x23/4:1,WF+0x170/4:1	RF+0xa/8:mov;IPADV+0x1;RF+0x10f/8:mov;RIP+0x1/2:movzx;RF+0x170/4:sub;TDYN;RTdyn/8:mov;WF+0xa/8:add;JMP:r14
sampled_backedge	-0x2e8	sampled	-	cf09eea42c4c5ac9	200	1	266@0xaf8af:200	354@0xc2241:135,171@0x9b4b3:57,165@0x9a24c:8	RF+0xa/8:2,WF+0xa/8:2,IPADV+0x0:1,RIP+0x0/2:1,RF+0x10f/8:1,TDYN:1	RF+0xa/8:mov;IPADV+0x0;RIP+0x0/2:mov;RF+0x10f/8:mov;TDYN;RTdyn/8:mov;RF+0xa/8:mov;IPADV+0x4;RIP+0x4/4:mov;WF+0xa/8:sub;WF+0xa/8:add;JMP:rdx
exact	+0x5	CCVVV	b0=0x3d,b1=0x01	e4a147e1f1371081	181	1	242@0xaa87d:181	75@0x873fc:92,246@0xab427:38,145@0x95b5c:33,199@0xa0631:9,334@0xbdd18:4,210@0xa2da3:2	RF+0xa/8:3,RF+0x60/8:2,RF+0x0/8:2,WF+0x71/8:2,WF+0x60/8:1,WF+0x0/8:1	RF+0xa/8:mov;IPADV+0x3;RIP+0x3/2:movzx;RF+0x10f/8:mov;RF+0x170/4:sub;WF+0x170/4:or;TDYN;RTdyn/8:mov;WF+0xa/8:add;JMP:r8
exact	+0x3	EEE	-	e2f089aca69790d5	157	1	331@0xbcfc8:157	340@0xbf435:125,196@0x9fbcd:25,99@0x8c99a:3,222@0xa5f3c:1,168@0x9aa83:1,333@0xbd8af:1	WF+0x170/4:7,RF+0x23/4:5,RF+0x81/8:5,RF+0x0/8:3,RF+0x71/8:3,RF+0xa/8:2	RF+0x10f/8:mov;RF+0xa/8:mov;IPADV+0x0;RIP+0x0/2:movzx;RF+0x170/4:sub;WF+0x170/4:add;TDYN;RTdyn/8:mov;WF+0xa/8:add;JMP:r13
exact	+0x5	VVVCC	b3=0x3d,b4=0x01	28ccce2848f4ed9f	149	1	88@0x8aa14:149	352@0xc1ec4:65,257@0xadbfd:64,173@0x9ba74:11,256@0xad849:6,108@0x8f24b:3	RF+0x194/1:4,RF+0x170/4:3,WF+0x170/4:3,RF+0x0/8:3,RF+0xa/8:3,RF+0x60/8:2	RF+0x10f/8:mov;RF+0xa/8:mov;IPADV+0x1;RIP+0x1/2:movzx;RF+0x170/4:add;WF+0x170/4:xor;TDYN;RTdyn/8:mov;WF+0xa/8:add;JMP:rsi
exact	+0x5	CCVVV	b0=0x3d,b1=0x01	f6e3dc2eff9d6cdb	144	1	148@0x96b6e:144	160@0x994cf:74,144@0x95887:25,352@0xc1ec4:23,173@0x9ba74:12,257@0xadbfd:6,108@0x8f24b:4	RF+0xa/8:4,RF+0x71/8:2,RF+0x0/8:2,RF+0x60/8:2,IPADV+0x0:2,RIP+0x0/2:2	RF+0xa/8:mov;IPADV+0x3;RIP+0x3/2:movzx;RF+0x10f/8:mov;RF+0x170/4:sub;TDYN;RTdyn/8:mov;WF+0xa/8:add;JMP:r14
exact	+0x3	VVC	b2=0x62	5f8067a16ce2d57d	142	1	82@0x8920e:142	99@0x8c99a:67,333@0xbd8af:65,217@0xa4b11:4,307@0xb8064:2,168@0x9aa83:2,157@0x98a9a:1	RF+0x81/8:3,RF+0x23/4:3,RF+0x71/8:2,WF+0x23/4:2,WF+0x170/4:2,RF+0xa/8:2	RF+0x10f/8:mov;RF+0xa/8:mov;IPADV+0x0;RIP+0x0/2:movzx;RF+0x170/4:add;WF+0x170/4:sub;TDYN;RTdyn/8:mov;WF+0xa/8:add;JMP:r8
sampled_long_or_sparse	+0x139	sampled	-	4f3b1c75cd1d5073	142	1	145@0x95b5c:142	354@0xc2241:132,165@0x9a24c:6,171@0x9b4b3:4	RF+0xa/8:4,TDYN:2,WF+0xa/8:2,IPADV+0x8:1,RIP+0x8/2:1,IPADV+0xa:1	RF+0xa/8:mov;IPADV+0x0;RIP+0x0/2:mov;RF+0x10f/8:mov;TDYN;TDYN;RTdyn/8:mov;RF+0xa/8:mov;IPADV+0x4;RIP+0x4/4:mov;WF+0xa/8:sub;WF+0xa/8:add;JMP:r12
exact	+0x3	VVE	-	0ff1f0f741a60558	139	1	129@0x92f21:139	215@0xa4609:64,99@0x8c99a:64,66@0x855ff:3,199@0xa0631:2,217@0xa4b11:2,172@0x9b68a:1	WF+0x170/4:6,RF+0x170/4:6,WF+0x23/4:5,RF+0x23/4:4,RF+0xa/8:2,RF+0x0/8:2	RF+0xa/8:mov;IPADV+0x0;RIP+0x0/2:movzx;RF+0x10f/8:mov;RF+0x170/4:sub;WF+0x170/4:and;TDYN;RTdyn/8:mov;WF+0xa/8:add;JMP:r11
exact	+0x5	VVVCC	b3=0x3d,b4=0x01	d749ac93595bda00	129	1	125@0x922c4:129	316@0xb987b:96,334@0xbdd18:9,246@0xab427:6,18@0x7be9b:4,114@0x90319:3,210@0xa2da3:3	RF+0xa/8:3,RF+0x60/8:2,RF+0x0/8:2,WF+0x71/8:2,RF+0x81/8:1,WF+0x60/8:1	RF+0xa/8:mov;RF+0x10f/8:mov;IPADV+0x0;RIP+0x0/2:movzx;RF+0x170/4:add;WF+0x170/4:and;TDYN;RTdyn/8:mov;WF+0xa/8:add;JMP:r14
sampled_backedge	-0x40	sampled	-	a18b4ce0e63e043d	122	1	117@0x90acd:122	354@0xc2241:71,165@0x9a24c:48,171@0x9b4b3:3	RF+0xa/8:2,WF+0xa/8:2,IPADV+0x0:1,RIP+0x0/2:1,RF+0x10f/8:1,TDYN:1	RF+0xa/8:mov;IPADV+0x0;RIP+0x0/2:mov;RF+0x10f/8:mov;TDYN;RTdyn/8:mov;RF+0xa/8:mov;IPADV+0x4;RIP+0x4/4:mov;WF+0xa/8:sub;WF+0xa/8:add;JMP:rax
exact	+0x4	VVVV	-	6dbf2a4dde04702a	120	1	62@0x84aa3:120	157@0x98a9a:93,307@0xb8064:13,347@0xc088d:3,200@0xa0a9e:2,253@0xacfb1:2,337@0xbec0e:1	WF+0x170/4:3,WF+0x23/4:2,RF+0xa/8:2,RF+0x81/8:2,IPADV+0x2:1,RIP+0x2/2:1	RF+0xa/8:mov;IPADV+0x0;RIP+0x0/2:movzx;RF+0x10f/8:mov;RF+0x170/4:xor;WF+0x170/4:add;TDYN;RTdyn/8:mov;WF+0xa/8:add;JMP:rax
sampled_backedge	-0x40	sampled	-	846056db3888fe7b	109	1	302@0xb7586:109	171@0x9b4b3:70,165@0x9a24c:35,354@0xc2241:4	RF+0xa/8:2,WF+0xa/8:2,IPADV+0x0:1,RIP+0x0/2:1,RF+0x10f/8:1,TDYN:1	RF+0xa/8:mov;IPADV+0x0;RIP+0x0/2:mov;RF+0x10f/8:mov;TDYN;RTdyn/8:mov;RF+0xa/8:mov;IPADV+0x4;RIP+0x4/4:mov;WF+0xa/8:sub;WF+0xa/8:add;JMP:r12
exact	+0x5	EEVCC	b3=0x3d,b4=0x01	205b6c953a7cf600	108	1	280@0xb2661:108	257@0xadbfd:66,160@0x994cf:12,108@0x8f24b:10,198@0xa037e:8,173@0x9ba74:7,256@0xad849:5	WF+0x170/4:9,RF+0x23/4:8,RF+0x81/8:5,RF+0x0/8:3,WF+0x23/4:3,RF+0x71/8:3	RF+0xa/8:mov;IPADV+0x0;RIP+0x0/2:movzx;RF+0x10f/8:mov;WF+0x170/4:add;TDYN;RTdyn/8:mov;WF+0xa/8:add;JMP:rdx
exact	+0xd	EEEEEEEEEECCC	b10=0x00,b11=0x80	88457c4e1846d4e9	97	1	321@0xbb1dd:97	169@0x9af18:94,310@0xb8556:3	RF+0xa/8:13,RF+0x170/4:7,RF+0x0/8:5,IPADV+0x7:4,RIP+0x7/4:4,WF+0x170/4:4	RF+0x10f/8:mov;RF+0xa/8:mov;IPADV+0x2;RIP+0x2/2:movzx;RF+0x170/4:sub;WF+0x170/4:and;TDYN;RTdyn/8:mov;WF+0xa/8:add;JMP:r8
exact	+0x5	EEECC	b3=0x3d,b4=0x01	f2d00d75215898ae	91	1	94@0x8bd69:91	173@0x9ba74:74,144@0x95887:13,160@0x994cf:3,198@0xa037e:1	RF+0x170/4:6,WF+0x23/4:5,WF+0x170/4:4,RF+0x0/8:4,RF+0x23/4:3,RF+0x194/1:3	RF+0xa/8:mov;RF+0x10f/8:mov;IPADV+0x1;RIP+0x1/2:movzx;RF+0x170/4:xor;WF+0x170/4:sub;TDYN;RTdyn/8:mov;WF+0xa/8:add;JMP:rbx
exact	+0x5	EECCE	b2=0x3d,b3=0x01	c899ea9e0e7050dc	89	1	0@0x78561:89	352@0xc1ec4:41,144@0x95887:31,257@0xadbfd:10,108@0x8f24b:7	RF+0xa/8:4,RF+0x0/8:2,WF+0x170/4:2,IPADV+0x2:2,RIP+0x2/2:2,WF+0x71/8:2	RF+0x10f/8:mov;RF+0xa/8:mov;IPADV+0x0;RIP+0x0/2:movzx;RF+0x170/4:add;WF+0x170/4:sub;TDYN;RTdyn/8:mov;WF+0xa/8:add;JMP:rdx
exact	+0x3	CEE	b0=0x62	a38f672ed4079256	75	1	250@0xac802:75	43@0x8173d:71,196@0x9fbcd:3,157@0x98a9a:1	RF+0x23/4:6,WF+0x170/4:6,WF+0x23/4:4,RF+0x81/8:3,RF+0x71/8:2,RF+0x170/4:2	RF+0x10f/8:mov;RF+0xa/8:mov;IPADV+0x1;RIP+0x1/2:movzx;RF+0x170/4:sub;WF+0x170/4:or;TDYN;RTdyn/8:mov;WF+0xa/8:add;JMP:rbx
exact	+0x5	VVCCV	b2=0x3d,b3=0x01	7331317eb5b662c4	75	1	245@0xab141:75	316@0xb987b:28,145@0x95b5c:28,75@0x873fc:12,210@0xa2da3:3,334@0xbdd18:3,43@0x8173d:1	RF+0x0/8:3,RF+0xa/8:3,RF+0x170/4:2,RF+0x60/8:2,WF+0x71/8:2,RF+0x81/8:1	RF+0xa/8:mov;IPADV+0x0;RIP+0x0/2:movzx;RF+0x10f/8:mov;RF+0x170/4:add;WF+0x170/4:xor;TDYN;RTdyn/8:mov;WF+0xa/8:add;JMP:r12
exact	+0x5	EEECC	b3=0x3d,b4=0x01	46d69163fe75f6f6	70	1	326@0xbc06d:70	108@0x8f24b:57,352@0xc1ec4:13	RF+0xa/8:4,RF+0x0/8:2,WF+0x170/4:2,IPADV+0x3:2,RIP+0x3/2:2,WF+0x71/8:2	RF+0xa/8:mov;IPADV+0x1;RF+0x10f/8:mov;RIP+0x1/2:movzx;WF+0x170/4:add;TDYN;RTdyn/8:mov;WF+0xa/8:add;JMP:r13
exact	+0x5	VVVCC	b3=0x3d,b4=0x01	bc9d07591bdcdfad	66	1	131@0x937d0:66	144@0x95887:31,173@0x9ba74:15,108@0x8f24b:10,160@0x994cf:4,352@0xc1ec4:2,198@0xa037e:2	WF+0x23/4:10,RF+0x23/4:9,WF+0x170/4:6,RF+0x81/8:4,RF+0xa/8:3,RF+0x60/8:2	RF+0x10f/8:mov;RF+0xa/8:mov;IPADV+0x1;RIP+0x1/2:movzx;RF+0x170/4:add;WF+0x170/4:sub;TDYN;RTdyn/8:mov;WF+0xa/8:add;JMP:r14
exact	+0xd	CCCCCCCCCCCCC	b0=0x47,b1=0x4e,b2=0x04,b3=0x00,b4=0x80,b5=0x00,b6=0x3d,b7=0x01,b8=0x89,b9=0xe8,b10=0x01,b11=0xb9	e396dc5b064e6f5a	64	1	102@0x8d71d:64	268@0xb0007:64	RF+0xa/8:6,IPADV+0x6:1,RIP+0x6/2:1,IPADV+0x8:1,RIP+0x8/1:1,IPADV+0x0:1	RF+0xa/8:mov;IPADV+0xb;RIP+0xb/2:movzx;RF+0x10f/8:mov;RF+0x170/4:add;TDYN;RTdyn/8:mov;WF+0xa/8:add;JMP:r11
exact	+0x5	VCCVV	b1=0x3d,b2=0x01	50ea7d72cd5925e1	50	1	186@0x9dcae:50	257@0xadbfd:25,144@0x95887:9,173@0x9ba74:6,160@0x994cf:4,198@0xa037e:2,256@0xad849:2	RF+0xa/8:4,RF+0x0/8:2,WF+0x23/4:2,RF+0x60/8:2,IPADV+0x1:2,RIP+0x1/2:2	RF+0x10f/8:mov;RF+0xa/8:mov;IPADV+0x3;RIP+0x3/2:movzx;RF+0x170/4:add;WF+0x170/4:and;TDYN;RTdyn/8:mov;WF+0xa/8:add;JMP:r8
exact	+0x5	CCVVV	b0=0x3d,b1=0x01	9f88b6ed9d584e2b	45	1	151@0x97311:45	198@0xa037e:16,173@0x9ba74:12,352@0xc1ec4:7,160@0x994cf:6,144@0x95887:4	RF+0xa/8:4,RF+0x60/8:2,RF+0x0/8:2,IPADV+0x0:2,RIP+0x0/2:2,WF+0x71/8:2	RF+0x10f/8:mov;RF+0xa/8:mov;IPADV+0x3;RIP+0x3/2:movzx;RF+0x170/4:add;WF+0x170/4:xor;TDYN;RTdyn/8:mov;WF+0xa/8:add;JMP:r11
exact	+0x5	CCEEV	b0=0x3d,b1=0x01	1f80d7f0cd39ba4e	44	1	336@0xbe8cd:44	256@0xad849:12,108@0x8f24b:8,173@0x9ba74:8,352@0xc1ec4:7,144@0x95887:5,198@0xa037e:4	RF+0xa/8:4,RF+0x60/8:2,RF+0x0/8:2,IPADV+0x0:2,RIP+0x0/2:2,WF+0x71/8:2	RF+0xa/8:mov;RF+0x10f/8:mov;IPADV+0x2;RIP+0x2/2:movzx;WF+0x170/4:and;TDYN;RTdyn/8:mov;WF+0xa/8:add;JMP:r10
sampled_long_or_sparse	+0x2a5	sampled	-	cf09eea42c4c5ac9	42	1	334@0xbdd18:42	354@0xc2241:33,171@0x9b4b3:5,165@0x9a24c:4	RF+0xa/8:4,WF+0xa/8:2,IPADV+0x8:1,RIP+0x8/2:1,IPADV+0xa:1,RIP+0xa/1:1	RF+0xa/8:mov;IPADV+0x0;RIP+0x0/2:mov;RF+0x10f/8:mov;TDYN;RTdyn/8:mov;RF+0xa/8:mov;IPADV+0x4;RIP+0x4/4:mov;WF+0xa/8:sub;WF+0xa/8:add;JMP:rdx
exact	+0x5	CCEEE	b0=0x3d,b1=0x01	d7f71d5491bc845c	39	1	251@0xacbc5:39	108@0x8f24b:22,198@0xa037e:17	RF+0xa/8:5,RF+0x0/8:2,IPADV+0x0:2,RIP+0x0/2:2,WF+0x71/8:2,RF+0x81/8:1	RF+0x10f/8:mov;RF+0xa/8:mov;IPADV+0x3;RIP+0x3/2:movzx;RF+0x170/4:sub;WF+0x170/4:and;TDYN;RTdyn/8:mov;WF+0xa/8:add;JMP:rsi;RF+0xa/8:mov
sampled_long_or_sparse	+0x78	sampled	-	533851ef13545e4e	39	1	246@0xab427:39	165@0x9a24c:31,354@0xc2241:6,171@0x9b4b3:2	RF+0xa/8:4,WF+0xa/8:2,IPADV+0x8:1,RIP+0x8/2:1,IPADV+0xa:1,RIP+0xa/1:1	RF+0xa/8:mov;IPADV+0x0;RIP+0x0/2:mov;RF+0x10f/8:mov;TDYN;RTdyn/8:mov;RF+0xa/8:mov;IPADV+0x4;RIP+0x4/4:mov;WF+0xa/8:sub;WF+0xa/8:add;JMP:r9
exact	+0x5	VVCCV	b2=0x3d,b3=0x01	25d615d754aa73c4	37	1	348@0xc0d7d:37	352@0xc1ec4:12,257@0xadbfd:7,173@0x9ba74:5,160@0x994cf:5,198@0xa037e:3,108@0x8f24b:3	RF+0x0/8:5,WF+0x170/4:5,RF+0x71/8:4,RF+0x23/4:4,WF+0x23/4:4,RF+0x81/8:3	RF+0xa/8:mov;IPADV+0x0;RIP+0x0/2:movzx;RF+0x10f/8:mov;RF+0x170/4:xor;WF+0x170/4:and;TDYN;RTdyn/8:mov;WF+0xa/8:add;JMP:rsi
exact	+0x5	VVCCV	b2=0x3d,b3=0x01	d30889d577af0538	33	1	74@0x86d43:33	108@0x8f24b:9,160@0x994cf:9,352@0xc1ec4:5,198@0xa037e:4,173@0x9ba74:4,144@0x95887:2	WF+0x23/4:7,RF+0x170/4:6,RF+0x0/8:4,RF+0x71/8:3,WF+0x170/4:3,RF+0x81/8:3	RF+0x10f/8:mov;RF+0xa/8:mov;IPADV+0x0;RIP+0x0/2:movzx;RF+0x170/4:sub;TDYN;RTdyn/8:mov;WF+0xa/8:add;JMP:rsi
exact	+0x5	CCEEE	b0=0x3d,b1=0x01	8e88aa3261e831b4	27	1	290@0xb4c00:27	257@0xadbfd:17,108@0x8f24b:10	RF+0xa/8:4,RF+0x0/8:2,WF+0x170/4:2,IPADV+0x0:2,RIP+0x0/2:2,WF+0x71/8:2	RF+0xa/8:mov;IPADV+0x2;RIP+0x2/2:movzx;RF+0x10f/8:mov;RF+0x170/4:add;WF+0x170/4:and;TDYN;RTdyn/8:mov;WF+0xa/8:add;JMP:r11
exact	+0x5	EECCE	b2=0x3d,b3=0x01	3760363d13fc92fb	27	1	56@0x83e76:27	160@0x994cf:13,173@0x9ba74:10,108@0x8f24b:4	RF+0xa/8:4,RF+0x0/8:2,RF+0x60/8:2,IPADV+0x2:2,RIP+0x2/2:2,WF+0x71/8:2	RF+0xa/8:mov;RF+0x10f/8:mov;IPADV+0x0;RIP+0x0/2:movzx;RF+0x170/4:sub;WF+0x170/4:add;TDYN;RTdyn/8:mov;WF+0xa/8:add;JMP:r14
exact	+0x4	VVVV	-	6a1fee4cd0f7744e	23	1	65@0x85371:23	253@0xacfb1:4,18@0x7be9b:4,199@0xa0631:2,43@0x8173d:2,337@0xbec0e:2,347@0xc088d:1	RF+0xa/8:2,RF+0x170/4:2,RF+0x23/4:2,WF+0x23/4:2,RF+0x81/8:2,IPADV+0x2:1	RF+0xa/8:mov;IPADV+0x0;RIP+0x0/2:movzx;RF+0x10f/8:mov;RF+0x170/4:xor;TDYN;RTdyn/8:mov;WF+0xa/8:add;JMP:r13
exact	+0x4	EEEE	-	2717b9b8c1beb49d	20	1	248@0xac110:20	258@0xadf2c:9,168@0x9aa83:4,189@0x9e7af:2,157@0x98a9a:2,124@0x91e81:1,345@0xc02e4:1	WF+0x23/4:6,RF+0x170/4:3,RF+0x23/4:3,RF+0x81/8:2,RF+0xa/8:2,WF+0x170/4:2	RF+0x10f/8:mov;RF+0xa/8:mov;IPADV+0x2;RIP+0x2/2:movzx;WF+0x170/4:xor;TDYN;RTdyn/8:mov;WF+0xa/8:add;JMP:r11
sampled_long_or_sparse	+0x30	sampled	-	aca44e810825fe46	15	1	210@0xa2da3:15	354@0xc2241:7,171@0x9b4b3:6,165@0x9a24c:2	RF+0xa/8:4,WF+0xa/8:2,IPADV+0x8:1,RIP+0x8/2:1,IPADV+0xa:1,RIP+0xa/1:1	RF+0xa/8:mov;IPADV+0x0;RIP+0x0/2:mov;RF+0x10f/8:mov;TDYN;RTdyn/8:mov;RF+0xa/8:mov;IPADV+0x4;RIP+0x4/4:mov;WF+0xa/8:sub;WF+0xa/8:add;JMP:r13
exact	+0x5	CCEEE	b0=0x3d,b1=0x01	7d0a0dbe15fcc589	12	1	87@0x8a49e:12	257@0xadbfd:4,108@0x8f24b:4,256@0xad849:4	WF+0x170/4:7,RF+0x23/4:3,RF+0x0/8:3,RF+0xa/8:3,RF+0x81/8:2,RF+0x60/8:2	RF+0xa/8:mov;IPADV+0x2;RIP+0x2/2:movzx;RF+0x10f/8:mov;WF+0x170/4:or;TDYN;RTdyn/8:mov;WF+0xa/8:add;JMP:r14
exact	+0x5	EECCE	b2=0x3d,b3=0x01	3903d861401138ec	10	1	153@0x979ab:10	144@0x95887:5,173@0x9ba74:5	RF+0xa/8:4,RF+0x0/8:3,RF+0x60/8:2,RF+0x170/4:2,IPADV+0x2:2,RIP+0x2/2:2	RF+0xa/8:mov;IPADV+0x0;RIP+0x0/2:movzx;RF+0x10f/8:mov;RF+0x170/4:sub;WF+0x170/4:add;TDYN;RTdyn/8:mov;WF+0xa/8:add;JMP:r9;RF+0x23/4:mov
exact	+0x5	ECCEE	b1=0x3d,b2=0x01	8a57b40e895c7f02	7	1	240@0xa9cf7:7	173@0x9ba74:5,108@0x8f24b:2	RF+0xa/8:4,RF+0x0/8:2,RF+0x60/8:2,IPADV+0x1:2,RIP+0x1/2:2,RF+0x194/1:2	RF+0x10f/8:mov;RF+0xa/8:mov;IPADV+0x3;RIP+0x3/2:movzx;RF+0x170/4:sub;WF+0x170/4:sub;TDYN;RTdyn/8:mov;WF+0xa/8:add;JMP:r8
exact	+0x5	CCCCC	b0=0xce,b1=0x13,b2=0x3d,b3=0x01,b4=0x87	c01ecc161e652058	6	1	225@0xa6af9:6	144@0x95887:6	RF+0xa/8:4,RF+0x60/8:2,RF+0x194/1:2,RF+0x0/8:2,IPADV+0x2:2,RIP+0x2/2:2	RF+0xa/8:mov;RF+0x10f/8:mov;IPADV+0x0;RIP+0x0/2:movzx;RF+0x170/4:xor;WF+0x170/4:and;TDYN;RTdyn/8:mov;WF+0xa/8:add;JMP:rdx
exact	+0x5	CCEEC	b0=0x3d,b1=0x01,b4=0x00	7433166036dc3d92	6	1	359@0xc3406:6	108@0x8f24b:4,160@0x994cf:2	RF+0xa/8:3,RF+0x0/8:2,RF+0x23/4:2,WF+0x170/4:2,WF+0x71/8:2,WF+0x23/4:2	RF+0x10f/8:mov;RF+0xa/8:mov;IPADV+0x2;RIP+0x2/2:movzx;RF+0x170/4:add;WF+0x170/4:or;TDYN;RTdyn/8:mov;WF+0xa/8:add;JMP:rbx
exact	+0x5	EEECC	b3=0x3d,b4=0x01	65adbd203a16a238	6	1	357@0xc29cf:6	352@0xc1ec4:3,144@0x95887:3	RF+0xa/8:4,RF+0x60/8:2,RF+0x0/8:2,IPADV+0x3:2,RIP+0x3/2:2,WF+0x71/8:2	RF+0xa/8:mov;IPADV+0x0;RF+0x10f/8:mov;RIP+0x0/2:movzx;RF+0x170/4:xor;TDYN;RTdyn/8:mov;WF+0xa/8:add;JMP:rbx
exact	+0x4	EECC	b2=0x00,b3=0x00	5e1653aa00b13967	5	1	86@0x8a37f:5	310@0xb8556:4,169@0x9af18:1	RF+0x194/1:1,RF+0xa/8:1,IPADV+0x0:1,RIP+0x0/2:1,RF+0x10f/8:1,TDYN:1	RF+0xa/8:mov;IPADV+0x0;RIP+0x0/2:mov;RF+0x10f/8:mov;TDYN;RTdyn/8:mov;WF+0xa/8:add;JMP:r8
exact	+0x5	CCCCC	b0=0x3d,b1=0x3d,b2=0x01,b3=0x89,b4=0x76	3a1f28f165852031	5	1	187@0x9e07d:5	173@0x9ba74:5	RF+0xa/8:4,RF+0x0/8:3,IPADV+0x1:2,RIP+0x1/2:2,WF+0x71/8:2,RF+0x170/4:2	RF+0xa/8:mov;IPADV+0x3;RIP+0x3/2:movzx;RF+0x10f/8:mov;RF+0x170/4:sub;WF+0x170/4:add;TDYN;RTdyn/8:mov;WF+0xa/8:add;JMP:r10
exact	+0x5	EECCE	b2=0x3d,b3=0x01	4819578994ee8e08	5	1	13@0x7aee8:5	256@0xad849:4,257@0xadbfd:1	RF+0x0/8:5,RF+0x81/8:4,RF+0x23/4:4,WF+0x23/4:4,RF+0xa/8:3,RF+0x71/8:3	RF+0x10f/8:mov;RF+0xa/8:mov;IPADV+0x0;RIP+0x0/2:movzx;RF+0x170/4:sub;TDYN;RTdyn/8:mov;WF+0xa/8:add;JMP:r12
exact	+0x5	EECCE	b2=0x3d,b3=0x01	f66258d59e149898	5	1	130@0x931d3:5	144@0x95887:4,198@0xa037e:1	RF+0x170/4:3,RF+0x0/8:3,WF+0x23/4:3,RF+0x23/4:3,WF+0x170/4:3,RF+0xa/8:3	RF+0xa/8:mov;RF+0x10f/8:mov;IPADV+0x0;RIP+0x0/2:movzx;RF+0x170/4:add;WF+0x170/4:or;TDYN;RTdyn/8:mov;WF+0xa/8:add;JMP:r13
exact	+0x5	CCCCC	b0=0x3d,b1=0x01,b2=0x03,b3=0x6c,b4=0xa7	8a68d26e84949302	4	1	231@0xa799b:4	198@0xa037e:4	WF+0x170/4:6,RF+0x0/8:5,WF+0x23/4:4,RF+0x194/1:4,RF+0x170/4:4,RF+0x23/4:3	RF+0xa/8:mov;IPADV+0x3;RIP+0x3/2:movzx;RF+0x10f/8:mov;RF+0x170/4:sub;WF+0x170/4:and;TDYN;RTdyn/8:mov;WF+0xa/8:add;JMP:rsi
exact	+0x5	CCCCC	b0=0x3d,b1=0x01,b2=0x7e,b3=0x59,b4=0xff	52a9d815db16de8d	4	1	313@0xb8b42:4	352@0xc1ec4:4	RF+0x170/4:7,WF+0x170/4:6,RF+0x23/4:5,WF+0x23/4:5,RF+0x0/8:4,RF+0x81/8:3	RF+0xa/8:mov;RF+0x10f/8:mov;IPADV+0x2;RIP+0x2/2:movzx;RF+0x170/4:add;WF+0x170/4:xor;TDYN;RTdyn/8:mov;WF+0xa/8:add;JMP:r14
exact	+0x5	CCCCC	b0=0x53,b1=0x00,b2=0x08,b3=0x3d,b4=0x01	93d2dbc0a7c6ffa9	4	1	221@0xa5889:4	256@0xad849:4	RF+0x81/8:7,WF+0x23/4:6,RF+0x0/8:4,RF+0x23/4:3,RF+0xa/8:3,RF+0x170/4:2	RF+0xa/8:mov;IPADV+0x1;RIP+0x1/2:movzx;RF+0x10f/8:mov;WF+0x170/4:xor;TDYN;RTdyn/8:mov;WF+0xa/8:add;JMP:rdi
exact	+0x5	CCCCC	b0=0x5c,b1=0xc2,b2=0xa3,b3=0x3d,b4=0x01	afb4de5c5be229eb	4	1	36@0x800a1:4	108@0x8f24b:4	WF+0x170/4:5,RF+0x23/4:3,RF+0x71/8:3,WF+0x23/4:3,RF+0xa/8:3,RF+0x0/8:2	RF+0x10f/8:mov;RF+0xa/8:mov;IPADV+0x0;RIP+0x0/2:movzx;RF+0x170/4:sub;WF+0x170/4:xor;TDYN;RTdyn/8:mov;WF+0xa/8:add;JMP:r15
exact	+0x5	CCCCC	b0=0xb7,b1=0xce,b2=0xc9,b3=0x3d,b4=0x01	f30da4d1bb9dec51	4	1	267@0xafa1f:4	144@0x95887:4	WF+0x23/4:7,RF+0x23/4:5,RF+0x0/8:4,WF+0x170/4:4,RF+0x170/4:3,RF+0x194/1:3	RF+0xa/8:mov;RF+0x10f/8:mov;IPADV+0x0;RIP+0x0/2:movzx;RF+0x170/4:add;WF+0x170/4:add;TDYN;RTdyn/8:mov;WF+0xa/8:add;JMP:rax
exact	+0x5	CCCCC	b0=0xd2,b1=0xbd,b2=0xb3,b3=0x3d,b4=0x01	30507212145f00ab	4	1	214@0xa3fe9:4	257@0xadbfd:4	WF+0x170/4:7,WF+0x23/4:6,RF+0x194/1:4,RF+0x23/4:3,RF+0x0/8:3,RF+0xa/8:3	RF+0x10f/8:mov;RF+0xa/8:mov;IPADV+0x0;RIP+0x0/2:movzx;RF+0x170/4:add;WF+0x170/4:sub;TDYN;RTdyn/8:mov;WF+0xa/8:add;JMP:r13
exact	+0x4	CCEE	b0=0x00,b1=0x00	2a38780ce71f6ff8	3	1	42@0x815ea:3	169@0x9af18:2,310@0xb8556:1	RF+0x170/4:3,WF+0x23/4:3,RF+0x0/8:1,RF+0x23/4:1,WF+0x170/4:1,RF+0xa/8:1	RF+0xa/8:mov;IPADV+0x2;RIP+0x2/2:mov;RF+0x10f/8:mov;TDYN;RTdyn/8:mov;WF+0xa/8:add;JMP:rax
exact	+0x5	CCCCC	b0=0x69,b1=0x3d,b2=0x01,b3=0xb4,b4=0x4a	480aa429577861a1	3	1	9@0x79da3:3	256@0xad849:3	RF+0xa/8:3,RF+0x0/8:2,RF+0x194/1:2,WF+0x71/8:2,WF+0x0/8:1,RF+0x71/8:1	RF+0xa/8:mov;IPADV+0x3;RIP+0x3/2:movzx;RF+0x10f/8:mov;RF+0x170/4:sub;WF+0x170/4:and;TDYN;RTdyn/8:mov;WF+0xa/8:add;JMP:r8;RF+0x194/1:mov
sampled_backedge	-0x2306	sampled	-	00977df261a72c34	3	1	195@0x9fb50:3	310@0xb8556:2,86@0x8a37f:1	WF+0x170/4:7,WF+0x23/4:6,RF+0x23/4:5,RF+0xa/8:4,RF+0x170/4:4,RF+0x71/8:3	RF+0xa/8:mov;IPADV+0x2;RF+0x10f/8:mov;RIP+0x2/2:movzx;RF+0x170/4:add;TDYN;RTdyn/8:mov;WF+0xa/8:add;JMP:r10
exact	+0x5	CCCCC	b0=0x3d,b1=0x01,b2=0xdf,b3=0x2e,b4=0xed	5e433235f1a64822	2	1	31@0x7ecd2:2	352@0xc1ec4:2	RF+0x0/8:3,RF+0xa/8:3,RF+0x170/4:2,WF+0x71/8:2,WF+0x0/8:1,RF+0x194/1:1	RF+0xa/8:mov;IPADV+0x2;RF+0x10f/8:mov;RIP+0x2/2:movzx;RF+0x170/4:add;TDYN;RTdyn/8:mov;WF+0xa/8:add;JMP:rax
exact	+0x5	CCCCC	b0=0x75,b1=0xd8,b2=0x3d,b3=0x01,b4=0x5b	89bec00432ea7154	2	1	136@0x9461b:2	198@0xa037e:2	RF+0xa/8:4,RF+0x0/8:3,RF+0x60/8:2,RF+0x71/8:2,IPADV+0x2:2,RIP+0x2/2:2	RF+0xa/8:mov;IPADV+0x0;RIP+0x0/2:movzx;RF+0x10f/8:mov;RF+0x170/4:xor;WF+0x170/4:or;TDYN;RTdyn/8:mov;WF+0xa/8:add;JMP:r13
exact	+0x5	ECCEE	b1=0x3d,b2=0x01	cdd2edf1cfa95c61	2	1	112@0x8faec:2	160@0x994cf:1,108@0x8f24b:1	WF+0x170/4:6,RF+0x170/4:5,WF+0x23/4:5,RF+0x194/1:4,RF+0x23/4:4,RF+0x0/8:3	RF+0x10f/8:mov;RF+0xa/8:mov;IPADV+0x3;RIP+0x3/2:movzx;RF+0x170/4:xor;WF+0x170/4:xor;TDYN;RTdyn/8:mov;WF+0xa/8:add;JMP:r9
exact	+0x5	EECCE	b2=0x3d,b3=0x01	4891ede5048eedad	2	1	209@0xa2935:2	257@0xadbfd:1,352@0xc1ec4:1	WF+0x23/4:7,RF+0x81/8:5,RF+0x23/4:4,RF+0x0/8:4,RF+0xa/8:3,RF+0x170/4:2	RF+0xa/8:mov;IPADV+0x0;RIP+0x0/2:movzx;RF+0x10f/8:mov;RF+0x170/4:xor;WF+0x170/4:sub;TDYN;RTdyn/8:mov;WF+0xa/8:add;JMP:rdi
exact	+0xd	CCCCCCCCCCCCC	b0=0x00,b1=0x09,b2=0xc9,b3=0x8e,b4=0x9a,b5=0x20,b6=0x65,b7=0xea,b8=0x55,b9=0x36,b10=0x00,b11=0x80	d13d30e3eec95e5b	2	1	69@0x85f24:2	310@0xb8556:2	RF+0xa/8:14,WF+0x23/4:6,RF+0x23/4:5,WF+0x170/4:5,IPADV+0x7:4,RIP+0x7/4:4	RF+0x10f/8:mov;RF+0xa/8:mov;IPADV+0x0;RIP+0x0/2:movzx;RF+0x170/4:sub;TDYN;RTdyn/8:mov;WF+0xa/8:add;JMP:r8
exact	+0xd	EEECCCCCCCCEE	b3=0x00,b4=0x80,b5=0x00,b6=0x3d,b7=0x01,b8=0x22,b9=0xe8,b10=0x01	38bed2d8eca631f7	2	1	241@0xa9ffa:2	333@0xbd8af:1,66@0x855ff:1	RF+0xa/8:6,IPADV+0x6:1,RIP+0x6/2:1,IPADV+0x8:1,RIP+0x8/1:1,IPADV+0x0:1	RF+0xa/8:mov;IPADV+0xb;RIP+0xb/2:movzx;RF+0x10f/8:mov;RF+0x170/4:add;WF+0x170/4:sub;TDYN;RTdyn/8:mov;WF+0xa/8:add;JMP:r13
sampled_backedge	-0x7fe6	sampled	-	37a76dff328e0402	2	1	299@0xb6bba:2	169@0x9af18:1,310@0xb8556:1	RF+0x170/4:9,RF+0x0/8:7,WF+0x170/4:5,RF+0xa/8:4,RF+0x81/8:4,RF+0x23/4:3	RF+0x10f/8:mov;RF+0xa/8:mov;IPADV+0x2;RIP+0x2/2:movzx;RF+0x170/4:sub;WF+0x170/4:xor;TDYN;RTdyn/8:mov;WF+0xa/8:add;JMP:r12;RF+0x60/8:mov
central_or_long	+0x2cef7	sampled	-	868a7a966976575d	1	1	175@0x9c08f:1	310@0xb8556:1	RF+0xa/8:4,RF+0x71/8:4,RF+0x23/4:3,WF+0x170/4:3,IPADV+0x0:2,RF+0x170/4:2	RF+0xa/8:mov;IPADV+0x2;RF+0x10f/8:mov;RIP+0x2/2:movzx;RF+0x170/4:sub;TDYN;RTdyn/8:mov;WF+0xa/8:add;JMP:r13
exact	+0x20	CCCCCCCCCCCCCCCCCCCCCCCCCCCCCCCC	b0=0xab,b1=0x00,b2=0x00,b3=0x00,b4=0x20,b5=0x00,b6=0x00,b7=0x00,b8=0xa8,b9=0x00,b10=0xb3,b11=0x00	d5604b4e2772faa4	1	1	308@0xb837c:1	171@0x9b4b3:1	RF+0xa/8:3,WF+0xa/8:2,IPADV+0x0:1,RIP+0x0/2:1,RF+0x10f/8:1,TDYN:1	RF+0xa/8:mov;IPADV+0x0;RIP+0x0/2:mov;RF+0x10f/8:mov;TDYN;RTdyn/8:mov;RF+0xa/8:mov;IPADV+0x4;RIP+0x4/4:mov;WF+0xa/8:sub;WF+0xa/8:add;JMP:r10;RF+0xa/8:mov
exact	+0x4	CCCC	b0=0x36,b1=0x01,b2=0x00,b3=0x00	4be792cc77cd9a23	1	1	323@0xbb6e6:1	310@0xb8556:1	RF+0x23/4:5,WF+0x23/4:4,WF+0x170/4:2,RF+0x81/8:1,RF+0x170/4:1,RF+0x0/8:1	RF+0xa/8:mov;IPADV+0x0;RIP+0x0/2:mov;RF+0x10f/8:mov;TDYN;RTdyn/8:mov;WF+0xa/8:add;JMP:rax;RF+0x23/4:mov
exact	+0x5	CCCCC	b0=0x3d,b1=0x01,b2=0x00,b3=0x59,b4=0x47	dc3a22d6a9e37e02	1	1	229@0xa71fe:1	352@0xc1ec4:1	RF+0x170/4:5,RF+0x194/1:5,RF+0x0/8:4,WF+0x170/4:3,RF+0xa/8:3,RF+0x60/8:2	RF+0x10f/8:mov;RF+0xa/8:mov;IPADV+0x3;RIP+0x3/2:movzx;RF+0x170/4:xor;WF+0x170/4:sub;TDYN;RTdyn/8:mov;WF+0xa/8:add;JMP:r11
exact	+0x5	CCCCC	b0=0x3d,b1=0x01,b2=0x67,b3=0x85,b4=0x4f	7dea7bbe081df3af	1	1	285@0xb3ff4:1	160@0x994cf:1	RF+0xa/8:4,RF+0x0/8:2,WF+0x170/4:2,IPADV+0x0:2,RIP+0x0/2:2,WF+0x71/8:2	RF+0xa/8:mov;RF+0x10f/8:mov;IPADV+0x2;RIP+0x2/2:movzx;RF+0x170/4:sub;WF+0x170/4:add;TDYN;RTdyn/8:mov;WF+0xa/8:add;JMP:r12
exact	+0x5	CCCCC	b0=0x69,b1=0xf8,b2=0x00,b3=0x3d,b4=0x01	d712345fb648119b	1	1	35@0x7fd4d:1	256@0xad849:1	RF+0xa/8:3,RF+0x0/8:2,RF+0x60/8:2,RF+0x71/8:2,WF+0x71/8:2,WF+0x0/8:1	RF+0xa/8:mov;IPADV+0x0;RIP+0x0/2:movzx;RF+0x10f/8:mov;RF+0x170/4:sub;TDYN;RTdyn/8:mov;WF+0xa/8:add;JMP:r8;RF+0x81/8:mov
exact	+0x5	CCCCC	b0=0x7d,b1=0x1a,b2=0x3d,b3=0x01,b4=0x00	8981a49d84bb5165	1	1	358@0xc2d37:1	144@0x95887:1	WF+0x170/4:10,RF+0x23/4:7,RF+0x194/1:5,RF+0x81/8:3,RF+0x0/8:3,RF+0xa/8:3	RF+0xa/8:mov;IPADV+0x0;RF+0x10f/8:mov;RIP+0x0/2:movzx;RF+0x170/4:xor;WF+0x170/4:or;TDYN;RTdyn/8:mov;WF+0xa/8:add;JMP:r13
exact	+0x5	CCCCC	b0=0xf1,b1=0x1b,b2=0xbd,b3=0x3d,b4=0x01	85b4ec1071beb440	1	1	54@0x837cb:1	256@0xad849:1	RF+0xa/8:4,RF+0x0/8:2,WF+0x170/4:2,RF+0x60/8:2,IPADV+0x3:2,RIP+0x3/2:2	RF+0x10f/8:mov;RF+0xa/8:mov;IPADV+0x0;RIP+0x0/2:movzx;RF+0x170/4:xor;TDYN;RTdyn/8:mov;WF+0xa/8:add;JMP:r12
exact	+0x5	CCCCC	b0=0xff,b1=0xfe,b2=0x3d,b3=0x01,b4=0x00	8a8ec59f6c54073d	1	1	188@0x9e336:1	173@0x9ba74:1	WF+0x170/4:5,RF+0x0/8:3,RF+0x194/1:3,RF+0xa/8:3,RF+0x60/8:2,RF+0x81/8:2	RF+0x10f/8:mov;RF+0xa/8:mov;IPADV+0x0;RIP+0x0/2:movzx;RF+0x170/4:xor;WF+0x170/4:sub;TDYN;RTdyn/8:mov;WF+0xa/8:add;JMP:r9
exact	+0xa	CCCCCCCCCC	b0=0x2c,b1=0x74,b2=0xfa,b3=0x95,b4=0xff,b5=0xff,b6=0xff,b7=0xff,b8=0x6a,b9=0xbb	9da077b079ec81f7	1	1	314@0xb8fcf:1	189@0x9e7af:1	RF+0x170/4:5,WF+0x23/4:5,RF+0xa/8:3,RF+0x81/8:2,RF+0x71/8:2,RF+0x0/8:2	RF+0xa/8:mov;RF+0x10f/8:mov;IPADV+0x8;RIP+0x8/2:movzx;RF+0x170/4:add;TDYN;RTdyn/8:mov;WF+0xa/8:add;JMP:rcx
exact	+0xa	CCCCCCCCCC	b0=0xc9,b1=0xc7,b2=0xf0,b3=0xc6,b4=0x36,b5=0x38,b6=0x0f,b7=0x39,b8=0x98,b9=0x02	491ce69313fc0263	1	1	142@0x953b1:1	83@0x8947b:1	WF+0x170/4:12,RF+0x23/4:7,WF+0x23/4:7,RF+0x170/4:6,RF+0x0/8:3,RF+0xa/8:3	RF+0x10f/8:mov;RF+0xa/8:mov;IPADV+0x8;RIP+0x8/2:movzx;WF+0x170/4:sub;TDYN;RTdyn/8:mov;WF+0xa/8:add;JMP:r11
exact	+0xa	CCCCCCCCCC	b0=0xd9,b1=0x69,b2=0xff,b3=0xff,b4=0xff,b5=0xff,b6=0xff,b7=0xff,b8=0xff,b9=0xff	adcf016fbd7bfc79	1	1	276@0xb1b2d:1	157@0x98a9a:1	WF+0x170/4:8,RF+0x23/4:5,RF+0x170/4:3,RF+0xa/8:3,RF+0x81/8:2,RF+0x194/1:2	RF+0xa/8:mov;RF+0x10f/8:mov;IPADV+0x0;RIP+0x0/2:movzx;RF+0x170/4:add;WF+0x170/4:xor;TDYN;RTdyn/8:mov;WF+0xa/8:add;JMP:rax
exact	+0xa	CCCCCCCCCC	b0=0xe0,b1=0x00,b2=0xff,b3=0xff,b4=0x13,b5=0x05,b6=0x00,b7=0x00,b8=0xec,b9=0xfa	4d902087e5384737	1	1	259@0xae332:1	28@0x7e390:1	WF+0x23/4:11,RF+0x23/4:9,WF+0x170/4:6,RF+0x170/4:5,RF+0x81/8:4,RF+0x0/8:4	RF+0xa/8:mov;IPADV+0x0;RIP+0x0/2:movzx;RF+0x10f/8:mov;WF+0x170/4:or;TDYN;RTdyn/8:mov;WF+0xa/8:add;JMP:rbx
exact	+0xd	CCCCCCCCCCCCC	b0=0x1e,b1=0x1e,b2=0x02,b3=0x00,b4=0x80,b5=0x00,b6=0x3d,b7=0x01,b8=0x22,b9=0xe8,b10=0x01,b11=0x00	29d3c7f9781c54d8	1	1	85@0x89b37:1	64@0x85059:1	RF+0xa/8:6,IPADV+0x6:1,RIP+0x6/2:1,IPADV+0x8:1,RIP+0x8/1:1,IPADV+0x0:1	RF+0x10f/8:mov;RF+0xa/8:mov;IPADV+0xb;RIP+0xb/2:movzx;TDYN;RTdyn/8:mov;WF+0xa/8:add;JMP:rdi;RF+0x194/1:mov
exact	+0xd	CCCCCCCCCCCCC	b0=0x1e,b1=0x1e,b2=0x02,b3=0x00,b4=0x80,b5=0x00,b6=0x3d,b7=0x01,b8=0x22,b9=0xe8,b10=0x01,b11=0x54	b4cc04ad56a49cfd	1	1	101@0x8ceb4:1	199@0xa0631:1	RF+0xa/8:6,IPADV+0x6:1,RIP+0x6/2:1,IPADV+0x8:1,RIP+0x8/1:1,IPADV+0x0:1	RF+0xa/8:mov;IPADV+0xb;RF+0x10f/8:mov;RIP+0xb/2:movzx;RF+0x170/4:xor;WF+0x170/4:and;TDYN;RTdyn/8:mov;WF+0xa/8:add;JMP:rcx
exact	+0xd	CCCCCCCCCCCCC	b0=0x1e,b1=0x1e,b2=0x02,b3=0x00,b4=0x80,b5=0x00,b6=0x3d,b7=0x01,b8=0x9a,b9=0xe8,b10=0x01,b11=0xc4	467e054a38572850	1	1	284@0xb379b:1	239@0xa991e:1	RF+0xa/8:6,IPADV+0x6:1,RIP+0x6/2:1,IPADV+0x8:1,RIP+0x8/1:1,IPADV+0x0:1	RF+0x10f/8:mov;RF+0xa/8:mov;IPADV+0xb;RIP+0xb/2:movzx;WF+0x170/4:sub;TDYN;RTdyn/8:mov;WF+0xa/8:add;JMP:r9;RF+0x0/8:mov
exact	+0xd	CCCCCCCCCCCCC	b0=0xd5,b1=0xa3,b2=0xe8,b3=0xf5,b4=0xb1,b5=0x34,b6=0x21,b7=0xdf,b8=0xd2,b9=0x33,b10=0x00,b11=0x80	7d87dcfc7cbb730f	1	1	78@0x883c0:1	310@0xb8556:1	RF+0xa/8:15,WF+0x170/4:8,IPADV+0x7:4,RIP+0x7/4:4,RF+0x23/4:4,IPADV+0x0:3	RF+0xa/8:mov;RF+0x10f/8:mov;IPADV+0x0;RIP+0x0/2:movzx;RF+0x170/4:xor;WF+0x170/4:or;TDYN;RTdyn/8:mov;WF+0xa/8:add;JMP:r10;RF+0xa/8:mov
