source_entry	opcode_name	reduction_status	proof_status	original_chars	candidate_chars	candidate_c	smt2	solver_output_excerpt
0	vmop_000_plus0x5_state_add_const_slot_mba_stateful	compiler_expression_recovered	proved_equivalent	62	57	(((0x1966e0e7u + state0) - u16_0) ^ state0) ^ 0xf44cdfa6u	dumps/vmtail-wide-1m-w16/vm_mba_state_formula_compiler_proofs/state_000.smt2	"unsat\n(error ""line 8 column 10: model is not available"")"
3	vmop_003_plus0x5_state_add_const_slot_multi_path	compiler_expression_recovered	proved_equivalent	176	133	(((u16_0 ^ (((0xe3fc337eu + state0) - flags0) - flags0)) ^ 0x1271f0e1u) | (((0xe3fc337eu + state0) - flags0) - flags0)) | 0x5e32c369u	dumps/vmtail-wide-1m-w16/vm_mba_state_formula_compiler_proofs/state_003.smt2	"unsat\n(error ""line 9 column 10: model is not available"")"
9	vmop_009_plus0x5_state_formula_slot_unknown	compiler_expression_recovered	proved_equivalent	36	41	((u16_3 - state0) & state0) ^ 0x25d88329u	dumps/vmtail-wide-1m-w16/vm_mba_state_formula_compiler_proofs/state_009.smt2	"unsat\n(error ""line 8 column 10: model is not available"")"
13	vmop_013_plus0x5_state_add_const_slot_multi_path	compiler_expression_recovered	proved_equivalent	78	62	(((flags0 - 0x1c36555u) ^ state0) ^ 0x67934603u) | 0x77bfefb9u	dumps/vmtail-wide-1m-w16/vm_mba_state_formula_compiler_proofs/state_013.smt2	"unsat\n(error ""line 7 column 10: model is not available"")"
17	vmop_017_plus0x5_state_add_const_slot_multi_path	compiler_expression_recovered	proved_equivalent	213	185	((((u16_0 & 0x4365071cu) ^ flags0) | state0) | (((0x4365071cu + flags0) ^ flags0) ^ 0x4a3a9184u)) | ((((u16_3 + 0x95f9698u) - state0) ^ ((0x4365071cu + flags0) ^ flags0)) ^ 0x4365071cu)	dumps/vmtail-wide-1m-w16/vm_mba_state_formula_compiler_proofs/state_017.smt2	"unsat\n(error ""line 11 column 10: model is not available"")"
18	vmop_018_plus0x3_state_add_const_slot_multi_path	compiler_expression_recovered	proved_equivalent	185	83	((((0x649b4ea0u - (u16_0 + state0)) | state0) | 0x1188080u) & flags0) | 0x649b4ea0u	dumps/vmtail-wide-1m-w16/vm_mba_state_formula_compiler_proofs/state_018.smt2	"unsat\n(error ""line 9 column 10: model is not available"")"
20	vmop_020_plus0x4_state_add_const_slot_multi_path	compiler_expression_recovered	proved_equivalent	285	165	((((0xe1db482au - flags0) ^ 0x10000000u) | (flags0 | state0)) | ((0x38e67f26u - flags0) ^ 0x10100800u)) | (((u16_2 & 0x10100800u) ^ (0x38e67f26u - flags0)) ^ state0)	dumps/vmtail-wide-1m-w16/vm_mba_state_formula_compiler_proofs/state_020.smt2	"unsat\n(error ""line 9 column 10: model is not available"")"
26	vmop_026_plus0x4_state_add_const_slot_multi_path	compiler_expression_recovered	proved_equivalent	470	258	((((((state0 - 0x6b3e5bb1u) - u16_0) & 0xe71ae1du) ^ ((0xb8ed9b36u + flags0) ^ (0xb8ed9b36u + state0))) ^ 0xd470bb91u) | ((((state0 - 0x6b3e5bb1u) & 0xe71ae1du) ^ 0xb352839cu) | (((0xb8ed9b36u + flags0) ^ (0xb8ed9b36u + state0)) ^ 0x8019001u))) | 0x2a01f150u	dumps/vmtail-wide-1m-w16/vm_mba_state_formula_compiler_proofs/state_026.smt2	"unsat\n(error ""line 9 column 10: model is not available"")"
30	vmop_030_plus0x4_state_add_const_slot_multi_path	compiler_expression_recovered	proved_equivalent	41	31	(flags0 & 0xc64a6123u) | state0	dumps/vmtail-wide-1m-w16/vm_mba_state_formula_compiler_proofs/state_030.smt2	"unsat\n(error ""line 7 column 10: model is not available"")"
31	vmop_031_plus0x5_state_preserve_slot_mba_stateful	compiler_expression_recovered	proved_equivalent	6	6	state0	dumps/vmtail-wide-1m-w16/vm_mba_state_formula_compiler_proofs/state_031.smt2	"unsat\n(error ""line 6 column 10: model is not available"")"
33	vmop_033_plus0x4_state_add_const_slot_multi_path	compiler_expression_recovered	proved_equivalent	62	57	(((u16_2 + state0) & 0x15422921u) | state0) | 0x42493d14u	dumps/vmtail-wide-1m-w16/vm_mba_state_formula_compiler_proofs/state_033.smt2	"unsat\n(error ""line 8 column 10: model is not available"")"
35	vmop_035_plus0x5_state_preserve_slot_mba_stateful	compiler_expression_recovered	proved_equivalent	6	6	state0	dumps/vmtail-wide-1m-w16/vm_mba_state_formula_compiler_proofs/state_035.smt2	"unsat\n(error ""line 6 column 10: model is not available"")"
36	vmop_036_plus0x5_state_add_const_slot_multi_path	compiler_expression_recovered	proved_equivalent	163	148	(((((u16_0 + flags0) - state0) ^ (flags0 & 0x30820186u)) ^ 0x8254723u) | (((state0 + flags0) ^ (flags0 & 0x30820186u)) ^ 0x72d0ef43u)) | 0x7af5a860u	dumps/vmtail-wide-1m-w16/vm_mba_state_formula_compiler_proofs/state_036.smt2	"unsat\n(error ""line 9 column 10: model is not available"")"
37	vmop_037_plus0x5_state_add_const_slot_mba_stateful	compiler_expression_recovered	proved_equivalent	104	95	((u16_0 ^ ((0xb63aedf4u + state0) - flags0)) ^ 0x384e1c86u) | ((0xb63aedf4u + state0) - flags0)	dumps/vmtail-wide-1m-w16/vm_mba_state_formula_compiler_proofs/state_037.smt2	"unsat\n(error ""line 9 column 10: model is not available"")"
40	vmop_040_plus0x6_state_add_const_slot_mba_stateful	compiler_expression_recovered	proved_equivalent	23	17	(~u16_4) & state0	dumps/vmtail-wide-1m-w16/vm_mba_state_formula_compiler_proofs/state_040.smt2	"unsat\n(error ""line 8 column 10: model is not available"")"
42	vmop_042_plus0x4_state_mixed_slot_const_or_affine	compiler_expression_recovered	proved_equivalent	63	58	((state0 - flags0) ^ (state0 - 0x798f4b52u)) ^ 0x160c3a44u	dumps/vmtail-wide-1m-w16/vm_mba_state_formula_compiler_proofs/state_042.smt2	"unsat\n(error ""line 7 column 10: model is not available"")"
43	vmop_043_plus0x4_state_add_const_slot_mba_stateful	compiler_expression_recovered	proved_equivalent	23	5	u16_2	dumps/vmtail-wide-1m-w16/vm_mba_state_formula_compiler_proofs/state_043.smt2	"unsat\n(error ""line 8 column 10: model is not available"")"
48	vmop_048_plus0x5_state_add_const_slot_multi_path	translator_or_proof_error	not_proved	813	0			unknown operand 'rdi'
49	vmop_049_plus0x5_state_add_const_slot_mba_stateful	compiler_expression_recovered	proved_equivalent	124	101	(((0x206e91ebu + (flags0 + flags0)) + state0) - u16_1) & (((flags0 + flags0) + 0x76278178u) & state0)	dumps/vmtail-wide-1m-w16/vm_mba_state_formula_compiler_proofs/state_049.smt2	"unsat\n(error ""line 9 column 10: model is not available"")"
52	vmop_052_plus0x5_state_add_const_slot_mba_stateful	compiler_expression_recovered	proved_equivalent	36	39	(u16_0 + (state0 * 0x2u)) ^ 0x7823b2dau	dumps/vmtail-wide-1m-w16/vm_mba_state_formula_compiler_proofs/state_052.smt2	"unsat\n(error ""line 8 column 10: model is not available"")"
54	vmop_054_plus0x5_state_add_const_slot_mba_stateful	compiler_expression_recovered	proved_equivalent	28	31	(flags0 - 0x68b4ad2fu) & state0	dumps/vmtail-wide-1m-w16/vm_mba_state_formula_compiler_proofs/state_054.smt2	"unsat\n(error ""line 7 column 10: model is not available"")"
56	vmop_056_plus0x5_state_add_const_slot_mba_stateful	compiler_expression_recovered	proved_equivalent	36	19	u16_0 ^ 0x5380ff71u	dumps/vmtail-wide-1m-w16/vm_mba_state_formula_compiler_proofs/state_056.smt2	"unsat\n(error ""line 8 column 10: model is not available"")"
62	vmop_062_plus0x4_state_add_const_slot_multi_path	compiler_expression_recovered	proved_equivalent	120	118	(((u16_0 + 0x5dbb6647u) ^ ((0xd90ded5u + flags0) ^ u16_2)) | (((0xd90ded5u + flags0) ^ u16_2) ^ 0xdc76aee9u)) | state0	dumps/vmtail-wide-1m-w16/vm_mba_state_formula_compiler_proofs/state_062.smt2	"unsat\n(error ""line 11 column 10: model is not available"")"
64	vmop_064_plus0x4_state_add_const_slot_multi_path	compiler_expression_recovered	proved_equivalent	136	116	((state0 - 0x79614de5u) ^ ((0xbde73fa0u + flags0) & 0xcdc277b6u)) ^ (((flags0 + u16_2) - 0x4218c060u) & 0x5b249a06u)	dumps/vmtail-wide-1m-w16/vm_mba_state_formula_compiler_proofs/state_064.smt2	"unsat\n(error ""line 9 column 10: model is not available"")"
65	vmop_065_plus0x4_state_simple_slot_mba_stateful	compiler_expression_recovered	proved_equivalent	6	6	state0	dumps/vmtail-wide-1m-w16/vm_mba_state_formula_compiler_proofs/state_065.smt2	"unsat\n(error ""line 6 column 10: model is not available"")"
66	vmop_066_plus0x3_state_add_const_slot_multi_path	compiler_expression_recovered	proved_equivalent	264	232	((((((u16_0 - state0) & (0x2f6cb1f6u - b2)) ^ ((0xc3c726c9u - flags0) & 0x745ff1d2u)) ^ (state0 & 0x2f6cb1f6u)) ^ 0x33c1d6ecu) | ((((0x2f6cb1f6u - b2) ^ 0x2f6cb1f6u) & state0) ^ ((0xc3c726c9u - flags0) & 0x745ff1d2u))) | 0x74b257b9u	dumps/vmtail-wide-1m-w16/vm_mba_state_formula_compiler_proofs/state_066.smt2	"unsat\n(error ""line 11 column 10: model is not available"")"
69	vmop_069_plus0xd_state_formula_slot_unknown	compiler_expression_recovered	proved_equivalent	396	188	((((((state0 + flags0) ^ (state0 ^ flags0)) ^ (0xfb3ee75du + flags0)) ^ 0x3a572249u) | ((0xfb3ee75du + flags0) ^ state0)) | (((0xfb3ee75du + flags0) ^ state0) ^ 0x58fb4a0cu)) | 0x7adfef49u	dumps/vmtail-wide-1m-w16/vm_mba_state_formula_compiler_proofs/state_069.smt2	"unsat\n(error ""line 7 column 10: model is not available"")"
70	vmop_070_plus0x5_state_add_const_slot_mba_stateful	compiler_expression_recovered	proved_equivalent	396	188	((((((state0 + flags0) ^ (state0 ^ flags0)) ^ (0xfb3ee75du + flags0)) ^ 0x3a572249u) | (state0 ^ (0xfb3ee75du + flags0))) | ((state0 ^ (0xfb3ee75du + flags0)) ^ 0x58fb4a0cu)) | 0x7adfef49u	dumps/vmtail-wide-1m-w16/vm_mba_state_formula_compiler_proofs/state_070.smt2	"unsat\n(error ""line 7 column 10: model is not available"")"
74	vmop_074_plus0x5_state_add_const_slot_mba_stateful	compiler_expression_recovered	proved_equivalent	76	58	((state0 - flags0) & (state0 + 0x236ef542u)) ^ 0x99b4ac0eu	dumps/vmtail-wide-1m-w16/vm_mba_state_formula_compiler_proofs/state_074.smt2	"unsat\n(error ""line 7 column 10: model is not available"")"
75	vmop_075_minus0x6d_sampled_backedge_slot_unknown	compiler_expression_recovered	proved_equivalent	6	6	state0	dumps/vmtail-wide-1m-w16/vm_mba_state_formula_compiler_proofs/state_075.smt2	"unsat\n(error ""line 6 column 10: model is not available"")"
78	vmop_078_plus0xd_state_preserve_slot_multi_path	compiler_expression_recovered	proved_equivalent	303	56	(((state0 - flags0) ^ 0xc72fc6fu) | u16_0) | 0x9fd07f20u	dumps/vmtail-wide-1m-w16/vm_mba_state_formula_compiler_proofs/state_078.smt2	"unsat\n(error ""line 9 column 10: model is not available"")"
79	vmop_079_plus0x5_state_add_const_slot_multi_path	compiler_expression_recovered	proved_equivalent	303	56	(((state0 - flags0) ^ 0xc72fc6fu) | u16_0) | 0x9fd07f20u	dumps/vmtail-wide-1m-w16/vm_mba_state_formula_compiler_proofs/state_079.smt2	"unsat\n(error ""line 9 column 10: model is not available"")"
82	vmop_082_plus0x3_state_add_const_slot_mba_stateful	compiler_expression_recovered	proved_equivalent	106	95	((((flags0 + state0) - u16_0) + 0x4931985eu) | ((flags0 + state0) + 0x1bc90d20u)) | 0x8a2e7016u	dumps/vmtail-wide-1m-w16/vm_mba_state_formula_compiler_proofs/state_082.smt2	"unsat\n(error ""line 9 column 10: model is not available"")"
83	vmop_083_plus0x5_state_add_const_slot_multi_path	compiler_expression_recovered	proved_equivalent	132	111	(((((0x2c3e26b4u + state0) + flags0) - u16_0) | state0) & 0x122d7f19u) | ((flags0 + 0x2c3e26b4u) ^ 0x4b7ebb84u)	dumps/vmtail-wide-1m-w16/vm_mba_state_formula_compiler_proofs/state_083.smt2	"unsat\n(error ""line 9 column 10: model is not available"")"
88	vmop_088_plus0x5_state_add_const_slot_multi_path	compiler_expression_recovered	proved_equivalent	80	95	(((u16_1 + state0) ^ (0xe3630316u + flags0)) | ((0xe3630316u + flags0) ^ 0x415462f5u)) | state0	dumps/vmtail-wide-1m-w16/vm_mba_state_formula_compiler_proofs/state_088.smt2	"unsat\n(error ""line 9 column 10: model is not available"")"
90	vmop_090_plus0x4_state_add_const_slot_mba_stateful	compiler_expression_recovered	proved_equivalent	259	279	(((((((u16_2 - state0) + ((0x1c1030c0u + flags0) + (flags0 * 0x2u))) & 0x4347c2c0u) | (flags0 & 0x4b6fdae0u)) | ((flags0 + 0x4357e3c2u) & 0x4b6fdae0u)) | ((u16_0 + 0x224914c1u) ^ 0x5c7526f3u)) | ((state0 + ((0x1c1030c0u + flags0) + (flags0 * 0x2u))) & 0x4b6fdae0u)) | 0x59296ab9u	dumps/vmtail-wide-1m-w16/vm_mba_state_formula_compiler_proofs/state_090.smt2	"unsat\n(error ""line 11 column 10: model is not available"")"
91	vmop_091_plus0x4_state_add_const_slot_mba_stateful	compiler_expression_recovered	proved_equivalent	23	5	u16_0	dumps/vmtail-wide-1m-w16/vm_mba_state_formula_compiler_proofs/state_091.smt2	"unsat\n(error ""line 8 column 10: model is not available"")"
92	vmop_092_plus0x4_state_add_const_slot_multi_path	compiler_expression_recovered	proved_equivalent	210	113	((((((u16_0 + state0) & u16_2) ^ (state0 ^ flags0)) ^ 0x3efd297du) | flags0) | ((~u16_2) & state0)) | 0xbf5fdb37u	dumps/vmtail-wide-1m-w16/vm_mba_state_formula_compiler_proofs/state_092.smt2	"unsat\n(error ""line 11 column 10: model is not available"")"
94	vmop_094_plus0x5_state_add_const_slot_multi_path	compiler_expression_recovered	proved_equivalent	199	138	((((0x7af574e5u + flags0) & (0x551fa912u + state0)) ^ ((state0 & flags0) ^ (0x551fa912u + state0))) | (0x23f8268cu - u16_1)) | 0x23f8268cu	dumps/vmtail-wide-1m-w16/vm_mba_state_formula_compiler_proofs/state_094.smt2	"unsat\n(error ""line 9 column 10: model is not available"")"
95	vmop_095_plus0xa_state_preserve_slot_mba_stateful	compiler_expression_recovered	proved_equivalent	27	30	(u16_4 + 0x1f18e1aau) ^ state0	dumps/vmtail-wide-1m-w16/vm_mba_state_formula_compiler_proofs/state_095.smt2	"unsat\n(error ""line 8 column 10: model is not available"")"
99	vmop_099_plus0x5_state_add_const_slot_mba_stateful	compiler_expression_recovered	proved_equivalent	36	41	(u16_1 & state0) ^ (state0 - 0x48503105u)	dumps/vmtail-wide-1m-w16/vm_mba_state_formula_compiler_proofs/state_099.smt2	"unsat\n(error ""line 8 column 10: model is not available"")"
101	vmop_101_plus0xd_state_add_const_slot_mba_stateful	compiler_expression_recovered	proved_equivalent	37	34	((~u16_11) & state0) ^ 0x44422ebbu	dumps/vmtail-wide-1m-w16/vm_mba_state_formula_compiler_proofs/state_101.smt2	"unsat\n(error ""line 8 column 10: model is not available"")"
102	vmop_102_plus0xd_state_preserve_slot_mba_stateful	compiler_expression_recovered	proved_equivalent	6	6	state0	dumps/vmtail-wide-1m-w16/vm_mba_state_formula_compiler_proofs/state_102.smt2	"unsat\n(error ""line 6 column 10: model is not available"")"
107	vmop_107_plus0x5_state_add_const_slot_mba_stateful	compiler_expression_recovered	proved_equivalent	23	25	(state0 - u16_0) ^ state0	dumps/vmtail-wide-1m-w16/vm_mba_state_formula_compiler_proofs/state_107.smt2	"unsat\n(error ""line 8 column 10: model is not available"")"
108	vmop_108_plus0x2_state_add_const_slot_mba_stateful	compiler_expression_recovered	proved_equivalent	41	47	(state0 + 0x11961dc7u) ^ (0x5fa19cc7u - flags0)	dumps/vmtail-wide-1m-w16/vm_mba_state_formula_compiler_proofs/state_108.smt2	"unsat\n(error ""line 7 column 10: model is not available"")"
112	vmop_112_plus0x5_state_formula_slot_unknown	compiler_expression_recovered	proved_equivalent	692	486	(((((u16_3 ^ (state0 & flags0)) ^ ((0x40561547u - flags0) & 0x40c1f4e9u)) ^ ((0x40561547u - flags0) & 0x982041u)) ^ ((((0x488765f3u + state0) & flags0) ^ ((0x40561547u - flags0) & 0x6b6d3139u)) ^ (state0 & flags0))) | (((state0 & flags0) ^ ((0x40561547u - flags0) & 0x40c1f4e9u)) | (((0x40561547u - flags0) & 0x417480u) ^ (state0 & flags0)))) | (((0x40561547u - flags0) & 0x40900041u) ^ ((((0x488765f3u + state0) & flags0) ^ ((0x40561547u - flags0) & 0x6b6d3139u)) ^ (state0 & flags0)))	dumps/vmtail-wide-1m-w16/vm_mba_state_formula_compiler_proofs/state_112.smt2	"unsat\n(error ""line 9 column 10: model is not available"")"
114	vmop_114_plus0x4_state_add_const_slot_multi_path	translator_or_proof_error	not_proved	1374	0			unknown operand 'rdi'
117	vmop_117_minus0x40_sampled_backedge_slot_unknown	compiler_expression_recovered	proved_equivalent	6	6	state0	dumps/vmtail-wide-1m-w16/vm_mba_state_formula_compiler_proofs/state_117.smt2	"unsat\n(error ""line 6 column 10: model is not available"")"
118	vmop_118_plus0x3_state_formula_slot_mba_stateful	compiler_expression_recovered	proved_equivalent	35	40	(u16_1 & state0) ^ (state0 - 0x52d3aa4u)	dumps/vmtail-wide-1m-w16/vm_mba_state_formula_compiler_proofs/state_118.smt2	"unsat\n(error ""line 8 column 10: model is not available"")"
119	vmop_119_plus0x6_state_add_const_slot_mba_stateful	compiler_expression_recovered	proved_equivalent	36	41	((0x7e7974a5u + state0) ^ u16_4) | state0	dumps/vmtail-wide-1m-w16/vm_mba_state_formula_compiler_proofs/state_119.smt2	"unsat\n(error ""line 8 column 10: model is not available"")"
121	vmop_121_plus0x4_state_add_const_slot_mba_stateful	compiler_expression_recovered	proved_equivalent	102	66	(((0x8c7a190u + (flags0 + state0)) + u16_0) ^ state0) ^ 0x8c7a190u	dumps/vmtail-wide-1m-w16/vm_mba_state_formula_compiler_proofs/state_121.smt2	"unsat\n(error ""line 9 column 10: model is not available"")"
122	vmop_122_plus0x5_state_add_const_slot_mba_stateful	compiler_expression_recovered	proved_equivalent	54	50	(0x1af9be18u - u16_0) + ((flags0 + state0) * 0x2u)	dumps/vmtail-wide-1m-w16/vm_mba_state_formula_compiler_proofs/state_122.smt2	"unsat\n(error ""line 9 column 10: model is not available"")"
123	vmop_123_plus0x4_state_add_const_slot_mba_stateful	compiler_expression_recovered	proved_equivalent	62	35	(0x7b4ee84au - u16_0) ^ 0x1603b0a9u	dumps/vmtail-wide-1m-w16/vm_mba_state_formula_compiler_proofs/state_123.smt2	"unsat\n(error ""line 8 column 10: model is not available"")"
124	vmop_124_plus0x6_state_add_const_slot_multi_path	compiler_expression_recovered	proved_equivalent	1298	411	(((((((((u32_0 - 0x7c31e804u) - state0) & 0x50ef8024u) ^ (0x2b837475u + flags0)) ^ 0x2bb25e3u) | (((0x83ce17fcu + state0) ^ (0x2b837475u + flags0)) ^ 0x2bb25e3u)) | (((0x410c95u + (flags0 - state0)) ^ (0x2b837475u + flags0)) ^ 0x2bb25e3u)) | ((((flags0 - state0) - 0x50ae738fu) ^ (0x2b837475u + flags0)) ^ 0x5254a5c7u)) | ((((state0 - 0x2b4267e0u) - u16_4) ^ (0x2b837475u + flags0)) ^ 0x2bb25e3u)) | 0x66bb4183u	dumps/vmtail-wide-1m-w16/vm_mba_state_formula_compiler_proofs/state_124.smt2	"unsat\n(error ""line 10 column 10: model is not available"")"
125	vmop_125_plus0x5_state_formula_slot_mba_stateful	compiler_expression_recovered	proved_equivalent	36	41	((0x84d8aceau + u16_0) + state0) & state0	dumps/vmtail-wide-1m-w16/vm_mba_state_formula_compiler_proofs/state_125.smt2	"unsat\n(error ""line 8 column 10: model is not available"")"
127	vmop_127_plus0x5_state_add_const_slot_mba_stateful	compiler_expression_recovered	proved_equivalent	35	40	((u16_0 + 0xf376a6au) - state0) | state0	dumps/vmtail-wide-1m-w16/vm_mba_state_formula_compiler_proofs/state_127.smt2	"unsat\n(error ""line 8 column 10: model is not available"")"
128	vmop_128_plus0x5_state_add_const_slot_multi_path	translator_or_proof_error	not_proved	810	0			unknown operand 'rdi'
129	vmop_129_plus0x3_state_add_const_slot_multi_path	compiler_expression_recovered	proved_equivalent	353	68	((((0xebf72897u + state0) + flags0) | state0) & flags0) | 0x63b0834u	dumps/vmtail-wide-1m-w16/vm_mba_state_formula_compiler_proofs/state_129.smt2	"unsat\n(error ""line 9 column 10: model is not available"")"
130	vmop_130_plus0x5_state_add_const_slot_multi_path	compiler_expression_recovered	proved_equivalent	236	101	(((0x6d381f7eu + (flags0 - state0)) + (flags0 - state0)) & 0xfae64754u) | ((u16_0 + state0) | state0)	dumps/vmtail-wide-1m-w16/vm_mba_state_formula_compiler_proofs/state_130.smt2	"unsat\n(error ""line 9 column 10: model is not available"")"
131	vmop_131_plus0x5_state_formula_slot_multi_path	compiler_expression_recovered	proved_equivalent	826	219	(((((((0x4c0c1704u + state0) - u16_1) ^ 0x7bed302fu) | state0) | ((flags0 + 0x565d9ac9u) - state0)) | ((0x6506a4a2u - (state0 + flags0)) ^ 0x754439f6u)) | ((0xa269b1cdu - (state0 + flags0)) ^ 0x7bed302fu)) | 0xeb79cb7fu	dumps/vmtail-wide-1m-w16/vm_mba_state_formula_compiler_proofs/state_131.smt2	"unsat\n(error ""line 9 column 10: model is not available"")"
136	vmop_136_plus0x5_state_add_const_slot_mba_stateful	compiler_expression_recovered	proved_equivalent	36	41	((0xd151b154u + state0) ^ u16_0) | state0	dumps/vmtail-wide-1m-w16/vm_mba_state_formula_compiler_proofs/state_136.smt2	"unsat\n(error ""line 8 column 10: model is not available"")"
140	vmop_140_plus0x6_state_add_const_slot_multi_path	compiler_expression_recovered	proved_equivalent	148	62	((u16_0 + 0x16a9ca8cu) | (0x90ab6087u - flags0)) | 0x7fb7d777u	dumps/vmtail-wide-1m-w16/vm_mba_state_formula_compiler_proofs/state_140.smt2	"unsat\n(error ""line 9 column 10: model is not available"")"
142	vmop_142_plus0xa_state_formula_slot_unknown	compiler_expression_recovered	proved_equivalent	1682	330	((((((((((0x9e0dd673u - u16_8) ^ (state0 ^ flags0)) ^ 0x99e1ef7fu) | flags0) | (state0 ^ 0x2f86f9e3u)) | ((state0 ^ flags0) ^ 0x5727d23fu)) | ((state0 ^ flags0) ^ 0x608849u)) | ((u32_0 + 0x6209aa88u) ^ 0x9155adeeu)) | ((state0 ^ flags0) ^ 0xc6727fd1u)) | (((flags0 + 0x6209aa88u) ^ (state0 ^ flags0)) ^ 0xc6727fd1u)) | 0x3ffbffeau	dumps/vmtail-wide-1m-w16/vm_mba_state_formula_compiler_proofs/state_142.smt2	"unsat\n(error ""line 10 column 10: model is not available"")"
144	vmop_144_plus0x2_state_mixed_slot_mba_stateful	compiler_expression_recovered	proved_equivalent	114	35	(u16_0 & 0x6367b3ddu) ^ 0x345590fbu	dumps/vmtail-wide-1m-w16/vm_mba_state_formula_compiler_proofs/state_144.smt2	"unsat\n(error ""line 8 column 10: model is not available"")"
145	vmop_145_plus0x139_sampled_long_or_sparse_slot_unknown	compiler_expression_recovered	proved_equivalent	6	6	state0	dumps/vmtail-wide-1m-w16/vm_mba_state_formula_compiler_proofs/state_145.smt2	"unsat\n(error ""line 6 column 10: model is not available"")"
146	vmop_146_plus0x5_state_add_const_slot_multi_path	compiler_expression_recovered	proved_equivalent	284	63	(((u16_1 + flags0) - state0) ^ (state0 + flags0)) ^ 0x2d076887u	dumps/vmtail-wide-1m-w16/vm_mba_state_formula_compiler_proofs/state_146.smt2	"unsat\n(error ""line 11 column 10: model is not available"")"
148	vmop_148_plus0x5_state_add_const_slot_mba_stateful	compiler_expression_recovered	proved_equivalent	15	15	state0 & flags0	dumps/vmtail-wide-1m-w16/vm_mba_state_formula_compiler_proofs/state_148.smt2	"unsat\n(error ""line 7 column 10: model is not available"")"
151	vmop_151_plus0x5_state_add_const_slot_mba_stateful	compiler_expression_recovered	proved_equivalent	54	63	((0x77236c60u + (flags0 + state0)) + u16_3) ^ (flags0 + state0)	dumps/vmtail-wide-1m-w16/vm_mba_state_formula_compiler_proofs/state_151.smt2	"unsat\n(error ""line 9 column 10: model is not available"")"
153	vmop_153_plus0x5_state_add_const_slot_mba_stateful	compiler_expression_recovered	proved_equivalent	36	19	u16_0 ^ 0x6f642592u	dumps/vmtail-wide-1m-w16/vm_mba_state_formula_compiler_proofs/state_153.smt2	"unsat\n(error ""line 8 column 10: model is not available"")"
154	vmop_154_plus0x4_state_add_const_slot_multi_path	translator_or_proof_error	not_proved	388	0			unknown operand 'rdi'
157	vmop_157_plus0x4_state_add_const_slot_multi_path	compiler_expression_recovered	proved_equivalent	338	269	((((u16_0 + state0) ^ (0x2f4dfd84u + u16_2)) ^ (((0x869c849au - flags0) ^ (0x2f4dfd84u + u16_2)) ^ (state0 & 0x3d2638afu))) ^ 0x3aeb4349u) | (((0x2f4dfd84u + u16_2) ^ state0) | ((((0x869c849au - flags0) ^ (0x2f4dfd84u + u16_2)) ^ (state0 & 0x3d2638afu)) ^ 0x2d38dfd6u))	dumps/vmtail-wide-1m-w16/vm_mba_state_formula_compiler_proofs/state_157.smt2	"unsat\n(error ""line 11 column 10: model is not available"")"
158	vmop_158_plus0x4_state_add_const_slot_multi_path	compiler_expression_recovered	proved_equivalent	200	110	(((0x3c39b020u + u16_2) + state0) ^ 0x33416bd8u) | (((state0 ^ flags0) ^ 0x3cf76f46u) | (flags0 ^ 0xc7200d2u))	dumps/vmtail-wide-1m-w16/vm_mba_state_formula_compiler_proofs/state_158.smt2	"unsat\n(error ""line 9 column 10: model is not available"")"
160	vmop_160_plus0x2_state_const_post_slot_multi_path	compiler_expression_recovered	proved_equivalent	140	30	(state0 | u16_0) | 0x777b8ff6u	dumps/vmtail-wide-1m-w16/vm_mba_state_formula_compiler_proofs/state_160.smt2	"unsat\n(error ""line 8 column 10: model is not available"")"
161	vmop_161_plus0x4_state_add_const_slot_multi_path	compiler_expression_recovered	proved_equivalent	19	20	state0 | 0x69145e52u	dumps/vmtail-wide-1m-w16/vm_mba_state_formula_compiler_proofs/state_161.smt2	"unsat\n(error ""line 6 column 10: model is not available"")"
167	vmop_167_plus0x6_state_add_const_slot_mba_stateful	compiler_expression_recovered	proved_equivalent	35	40	((state0 - u16_4) ^ state0) ^ 0x5f92615u	dumps/vmtail-wide-1m-w16/vm_mba_state_formula_compiler_proofs/state_167.smt2	"unsat\n(error ""line 8 column 10: model is not available"")"
168	vmop_168_plus0x4_state_add_const_slot_multi_path	compiler_expression_recovered	proved_equivalent	252	110	(((((u16_0 + flags0) & 0x20118084u) ^ 0x400a0425u) | state0) | ((state0 + u16_2) & 0x4ee70776u)) | 0xa4173818u	dumps/vmtail-wide-1m-w16/vm_mba_state_formula_compiler_proofs/state_168.smt2	"unsat\n(error ""line 11 column 10: model is not available"")"
172	vmop_172_plus0x4_state_add_const_slot_mba_stateful	compiler_expression_recovered	proved_equivalent	140	113	(((((u16_0 + 0x1a1af2bu) ^ (state0 & 0x15bf847fu)) ^ flags0) ^ 0x1a1af2bu) | (u16_2 ^ 0x715f0a33u)) | 0x3eba9edfu	dumps/vmtail-wide-1m-w16/vm_mba_state_formula_compiler_proofs/state_172.smt2	"unsat\n(error ""line 11 column 10: model is not available"")"
173	vmop_173_plus0x2_state_add_const_slot_multi_path	compiler_expression_recovered	proved_equivalent	226	174	(((((flags0 + 0x5eced92du) - state0) & 0xebbbd20u) | (((u16_0 & 0x14028844u) ^ (0x5eced92du + state0)) ^ 0x456d7018u)) | ((0x5eced92du + state0) ^ 0x456d7018u)) | 0x13000804u	dumps/vmtail-wide-1m-w16/vm_mba_state_formula_compiler_proofs/state_173.smt2	"unsat\n(error ""line 9 column 10: model is not available"")"
174	vmop_174_plus0x4_state_add_const_slot_mba_stateful	compiler_expression_recovered	proved_equivalent	134	145	(((((u16_0 + state0) - flags0) & flags0) ^ (flags0 + flags0)) ^ 0x9929ac05u) | ((((state0 - flags0) & flags0) ^ (flags0 + flags0)) ^ 0x5fa9d2b1u)	dumps/vmtail-wide-1m-w16/vm_mba_state_formula_compiler_proofs/state_174.smt2	"unsat\n(error ""line 9 column 10: model is not available"")"
175	vmop_175_plus0x2cef7_central_or_long_slot_unknown	compiler_expression_recovered	proved_equivalent	50	58	((state0 & flags0) & 0x2c46ace3u) | (flags0 - 0x14b22a15u)	dumps/vmtail-wide-1m-w16/vm_mba_state_formula_compiler_proofs/state_175.smt2	"unsat\n(error ""line 7 column 10: model is not available"")"
176	vmop_176_plus0x4_state_add_const_slot_multi_path	compiler_expression_recovered	proved_equivalent	50	58	((state0 & flags0) & 0x2c46ace3u) | (flags0 - 0x14b22a15u)	dumps/vmtail-wide-1m-w16/vm_mba_state_formula_compiler_proofs/state_176.smt2	"unsat\n(error ""line 7 column 10: model is not available"")"
179	vmop_179_plus0x5_state_add_const_slot_multi_path	compiler_expression_recovered	proved_equivalent	114	121	(((0x7ef33dc5u + flags0) ^ (u16_3 ^ flags0)) ^ (u16_1 - state0)) | (((flags0 + 0x58b7053eu) ^ (u16_3 ^ flags0)) | state0)	dumps/vmtail-wide-1m-w16/vm_mba_state_formula_compiler_proofs/state_179.smt2	"unsat\n(error ""line 11 column 10: model is not available"")"
180	vmop_180_plus0x4_state_mixed_slot_mba_stateful	compiler_expression_recovered	proved_equivalent	27	30	(u16_0 + 0x7920fa05u) | state0	dumps/vmtail-wide-1m-w16/vm_mba_state_formula_compiler_proofs/state_180.smt2	"unsat\n(error ""line 8 column 10: model is not available"")"
181	vmop_181_plus0x6_state_add_const_slot_mba_stateful	compiler_expression_recovered	proved_equivalent	23	12	0x0u - u16_4	dumps/vmtail-wide-1m-w16/vm_mba_state_formula_compiler_proofs/state_181.smt2	"unsat\n(error ""line 8 column 10: model is not available"")"
183	vmop_183_plus0x4_state_add_const_slot_mba_stateful	compiler_expression_recovered	proved_equivalent	86	87	(((u16_2 + 0xfaa325cu) - state0) ^ 0x4e60ca1au) | ((state0 + 0xfaa325cu) ^ 0x694e1f66u)	dumps/vmtail-wide-1m-w16/vm_mba_state_formula_compiler_proofs/state_183.smt2	"unsat\n(error ""line 8 column 10: model is not available"")"
184	vmop_184_plus0x4_state_add_const_slot_multi_path	compiler_expression_recovered	proved_equivalent	202	160	((((u16_0 + flags0) - state0) ^ (0x7db9efb0u + flags0)) ^ 0x3da01862u) | ((((0x3f05b2f0u + flags0) ^ (0x7db9efb0u + flags0)) ^ 0x3da01862u) | (state0 | flags0))	dumps/vmtail-wide-1m-w16/vm_mba_state_formula_compiler_proofs/state_184.smt2	"unsat\n(error ""line 9 column 10: model is not available"")"
185	vmop_185_plus0x3_state_add_const_slot_multi_path	compiler_expression_recovered	proved_equivalent	263	121	(((((0x1f29f35u + flags0) & 0x2000c224u) ^ 0x17e55682u) | (state0 ^ flags0)) | ((state0 ^ flags0) ^ u16_0)) | 0x5f7a5ddfu	dumps/vmtail-wide-1m-w16/vm_mba_state_formula_compiler_proofs/state_185.smt2	"unsat\n(error ""line 9 column 10: model is not available"")"
186	vmop_186_plus0x5_state_add_const_slot_mba_stateful	compiler_expression_recovered	proved_equivalent	36	41	((0x72198f10u + u16_3) + state0) & state0	dumps/vmtail-wide-1m-w16/vm_mba_state_formula_compiler_proofs/state_186.smt2	"unsat\n(error ""line 8 column 10: model is not available"")"
187	vmop_187_plus0x5_state_add_const_slot_mba_stateful	compiler_expression_recovered	proved_equivalent	23	5	u16_3	dumps/vmtail-wide-1m-w16/vm_mba_state_formula_compiler_proofs/state_187.smt2	"unsat\n(error ""line 8 column 10: model is not available"")"
188	vmop_188_plus0x5_state_formula_slot_unknown	compiler_expression_recovered	proved_equivalent	124	97	(((state0 + (flags0 * 0x2u)) - u16_0) - 0x1e6ead81u) ^ ((state0 + (flags0 * 0x2u)) + 0x44548057u)	dumps/vmtail-wide-1m-w16/vm_mba_state_formula_compiler_proofs/state_188.smt2	"unsat\n(error ""line 9 column 10: model is not available"")"
189	vmop_189_plus0x4_state_add_const_slot_mba_stateful	compiler_expression_recovered	proved_equivalent	62	73	((((0x160e4f34u + u16_2) + state0) & state0) & 0x160e4f34u) ^ 0x2a1ce984u	dumps/vmtail-wide-1m-w16/vm_mba_state_formula_compiler_proofs/state_189.smt2	"unsat\n(error ""line 8 column 10: model is not available"")"
190	vmop_190_plus0x5_state_add_const_slot_mba_stateful	compiler_expression_recovered	proved_equivalent	36	41	((0x20f4b909u + u16_3) + state0) & state0	dumps/vmtail-wide-1m-w16/vm_mba_state_formula_compiler_proofs/state_190.smt2	"unsat\n(error ""line 8 column 10: model is not available"")"
192	vmop_192_plus0x5_state_add_const_slot_multi_path	compiler_expression_recovered	proved_equivalent	409	236	(((((state0 + (flags0 * 0x2u)) + 0x563159ceu) ^ 0x5d641cd7u) | (((flags0 + state0) + (state0 + (flags0 * 0x2u))) ^ 0x5d641cd7u)) | (((0x563159ceu - u16_0) ^ ((flags0 + state0) + (state0 + (flags0 * 0x2u)))) ^ 0x5d641cd7u)) | 0x7eb1dfffu	dumps/vmtail-wide-1m-w16/vm_mba_state_formula_compiler_proofs/state_192.smt2	"unsat\n(error ""line 9 column 10: model is not available"")"
195	vmop_195_minus0x2306_sampled_backedge_slot_unknown	compiler_expression_recovered	proved_equivalent	276	117	(((((0x44fb7fdbu + flags0) ^ 0x72e5925eu) | state0) | (flags0 + 0x52e5924au)) | (state0 & 0x4083ed99u)) | 0x52e5a24au	dumps/vmtail-wide-1m-w16/vm_mba_state_formula_compiler_proofs/state_195.smt2	"unsat\n(error ""line 7 column 10: model is not available"")"
196	vmop_196_plus0x4_state_add_const_slot_multi_path	compiler_expression_recovered	proved_equivalent	276	117	(((((0x44fb7fdbu + flags0) ^ 0x72e5925eu) | state0) | (flags0 + 0x52e5924au)) | (state0 & 0x4083ed99u)) | 0x52e5a24au	dumps/vmtail-wide-1m-w16/vm_mba_state_formula_compiler_proofs/state_196.smt2	"unsat\n(error ""line 7 column 10: model is not available"")"
198	vmop_198_plus0x2_state_add_const_slot_mba_stateful	compiler_expression_recovered	proved_equivalent	150	55	(((flags0 << 0x2u) - u16_0) - 0xa690292u) ^ 0x3fe99379u	dumps/vmtail-wide-1m-w16/vm_mba_state_formula_compiler_proofs/state_198.smt2	"unsat\n(error ""line 9 column 10: model is not available"")"
199	vmop_199_plus0x3_state_add_const_slot_multi_path	compiler_expression_recovered	proved_equivalent	106	64	((state0 + flags0) + b2) ^ ((flags0 + 0x20d5418u) & 0x7e708197u)	dumps/vmtail-wide-1m-w16/vm_mba_state_formula_compiler_proofs/state_199.smt2	"unsat\n(error ""line 9 column 10: model is not available"")"
201	vmop_201_plus0x5_state_add_const_slot_mba_stateful	compiler_expression_recovered	proved_equivalent	279	245	((((((((state0 & flags0) & 0x6499103u) ^ flags0) ^ (flags0 & 0x5efd26e6u)) ^ (flags0 & 0x3f73d5c3u)) ^ 0x68be4631u) | (0x8b37d6a0u - u16_2)) | ((((state0 ^ flags0) ^ (flags0 & 0x3f73d5c3u)) ^ (flags0 & 0x5efd26e6u)) ^ 0x68be4631u)) | 0x4f2c497cu	dumps/vmtail-wide-1m-w16/vm_mba_state_formula_compiler_proofs/state_201.smt2	"unsat\n(error ""line 9 column 10: model is not available"")"
203	vmop_203_plus0x4_state_add_const_slot_mba_stateful	compiler_expression_recovered	proved_equivalent	392	250	(((((((0x786f3e30u - flags0) & (0x97da242u + flags0)) & ((0x97da242u + state0) - flags0)) & 0x24d2add8u) ^ 0x370370f1u) | ((u16_0 & 0x1710588u) ^ 0x4ccb9807u)) | ((((0x97da242u + state0) - flags0) & (0x97da242u + flags0)) ^ 0x370370f1u)) | 0x1f1759cu	dumps/vmtail-wide-1m-w16/vm_mba_state_formula_compiler_proofs/state_203.smt2	"unsat\n(error ""line 9 column 10: model is not available"")"
208	vmop_208_plus0x5_state_add_const_slot_multi_path	translator_or_proof_error	not_proved	963	0			unknown operand 'rdi'
209	vmop_209_plus0x5_state_add_const_slot_multi_path	compiler_expression_recovered	proved_equivalent	145	95	((((0x55c2f3a2u - u16_0) ^ (state0 & flags0)) ^ 0x22939484u) | (state0 & flags0)) | 0x77d5e73fu	dumps/vmtail-wide-1m-w16/vm_mba_state_formula_compiler_proofs/state_209.smt2	"unsat\n(error ""line 9 column 10: model is not available"")"
210	vmop_210_plus0x30_sampled_long_or_sparse_slot_unknown	compiler_expression_recovered	proved_equivalent	6	6	state0	dumps/vmtail-wide-1m-w16/vm_mba_state_formula_compiler_proofs/state_210.smt2	"unsat\n(error ""line 6 column 10: model is not available"")"
214	vmop_214_plus0x5_state_add_const_slot_multi_path	compiler_expression_recovered	proved_equivalent	328	207	((((((0xf6bf4123u + state0) - u16_0) & (0x784f7133u + flags0)) & 0x4cc9d7bu) ^ (0x784f7133u + flags0)) ^ 0x1060502u) | (((state0 ^ (0x784f7133u + flags0)) ^ 0x1060502u) | ((0x784f7133u + flags0) & 0x41938u))	dumps/vmtail-wide-1m-w16/vm_mba_state_formula_compiler_proofs/state_214.smt2	"unsat\n(error ""line 9 column 10: model is not available"")"
215	vmop_215_plus0x3_state_mixed_slot_u16_0	compiler_expression_recovered	proved_equivalent	213	107	(((((0x6c5f0f12u + b2) + state0) | state0) | (0x760f463fu - flags0)) | (0x38d2bdd3u - u16_0)) | 0xfe5f0f3fu	dumps/vmtail-wide-1m-w16/vm_mba_state_formula_compiler_proofs/state_215.smt2	"unsat\n(error ""line 11 column 10: model is not available"")"
216	vmop_216_plus0xa_state_preserve_slot_mba_stateful	compiler_expression_recovered	proved_equivalent	15	15	state0 ^ flags0	dumps/vmtail-wide-1m-w16/vm_mba_state_formula_compiler_proofs/state_216.smt2	"unsat\n(error ""line 7 column 10: model is not available"")"
217	vmop_217_plus0x5_state_add_const_slot_mba_stateful	compiler_expression_recovered	proved_equivalent	15	15	state0 ^ flags0	dumps/vmtail-wide-1m-w16/vm_mba_state_formula_compiler_proofs/state_217.smt2	"unsat\n(error ""line 7 column 10: model is not available"")"
220	vmop_220_plus0x5_state_add_const_slot_multi_path	compiler_expression_recovered	proved_equivalent	211	144	(((u16_3 - state0) ^ (flags0 & 0xb22637f3u)) | ((flags0 & 0xbb1e3b6du) | state0)) | ((flags0 + 0x46462807u) & (0x2332d827u - (state0 + flags0)))	dumps/vmtail-wide-1m-w16/vm_mba_state_formula_compiler_proofs/state_220.smt2	"unsat\n(error ""line 9 column 10: model is not available"")"
222	vmop_222_plus0x5_state_add_const_slot_multi_path	compiler_expression_recovered	proved_equivalent	506	106	(((u16_2 + (state0 + flags0)) ^ 0x480910d2u) | ((flags0 + 0x39a63024u) | (state0 + flags0))) | 0x7fffffffu	dumps/vmtail-wide-1m-w16/vm_mba_state_formula_compiler_proofs/state_222.smt2	"unsat\n(error ""line 11 column 10: model is not available"")"
225	vmop_225_plus0x5_state_formula_slot_unknown	compiler_expression_recovered	proved_equivalent	41	15	state0 | flags0	dumps/vmtail-wide-1m-w16/vm_mba_state_formula_compiler_proofs/state_225.smt2	"unsat\n(error ""line 9 column 10: model is not available"")"
229	vmop_229_plus0x5_state_formula_slot_unknown	compiler_expression_recovered	proved_equivalent	80	35	(0x4a304ad7u - u16_3) ^ 0x722aaf72u	dumps/vmtail-wide-1m-w16/vm_mba_state_formula_compiler_proofs/state_229.smt2	"unsat\n(error ""line 9 column 10: model is not available"")"
231	vmop_231_plus0x5_state_add_const_slot_mba_stateful	compiler_expression_recovered	proved_equivalent	252	111	(((((0x37d0b9a9u + u16_3) + flags0) - state0) & 0x8b916accu) ^ ((0x37d0b9a9u + state0) + flags0)) ^ 0xdbd32c51u	dumps/vmtail-wide-1m-w16/vm_mba_state_formula_compiler_proofs/state_231.smt2	"unsat\n(error ""line 9 column 10: model is not available"")"
237	vmop_237_plus0x5_state_add_const_slot_multi_path	compiler_expression_recovered	proved_equivalent	170	19	u16_1 ^ 0xb7c30a76u	dumps/vmtail-wide-1m-w16/vm_mba_state_formula_compiler_proofs/state_237.smt2	"unsat\n(error ""line 9 column 10: model is not available"")"
239	vmop_239_plus0x6_state_add_const_slot_mba_stateful	compiler_expression_recovered	proved_equivalent	210	142	(((((state0 + flags0) - u16_4) + 0x7a791554u) & (((flags0 + u32_0) + 0x40a7aa16u) - state0)) & ((state0 + flags0) + 0x40a7aa16u)) & 0x1804a10u	dumps/vmtail-wide-1m-w16/vm_mba_state_formula_compiler_proofs/state_239.smt2	"unsat\n(error ""line 10 column 10: model is not available"")"
240	vmop_240_plus0x5_state_add_const_slot_mba_stateful	compiler_expression_recovered	proved_equivalent	36	19	0x8413de69u - u16_3	dumps/vmtail-wide-1m-w16/vm_mba_state_formula_compiler_proofs/state_240.smt2	"unsat\n(error ""line 8 column 10: model is not available"")"
241	vmop_241_plus0xd_state_add_const_slot_mba_stateful	compiler_expression_recovered	proved_equivalent	24	26	(state0 + state0) - u16_11	dumps/vmtail-wide-1m-w16/vm_mba_state_formula_compiler_proofs/state_241.smt2	"unsat\n(error ""line 8 column 10: model is not available"")"
242	vmop_242_plus0x5_state_formula_slot_mba_stateful	compiler_expression_recovered	proved_equivalent	36	41	((u16_3 - state0) ^ 0x5c05e9b5u) | state0	dumps/vmtail-wide-1m-w16/vm_mba_state_formula_compiler_proofs/state_242.smt2	"unsat\n(error ""line 8 column 10: model is not available"")"
243	vmop_243_plus0x4_state_add_const_slot_multi_path	compiler_expression_recovered	proved_equivalent	553	320	((((((0x98f0410cu + state0) & 0x4ec4a2f1u) ^ (flags0 & 0x57df388cu)) | ((flags0 | state0) | (state0 ^ 0x47b31677u))) | (((0x98f0410cu + state0) & 0x2627b93bu) ^ 0xbdd98a5u)) | ((((0x98f0410cu + state0) & state0) & 0x4ec4a2f1u) ^ 0x47b31677u)) | ((((u16_0 + 0x2627b93bu) - state0) & (0x98f0410cu + state0)) ^ 0x47b31677u)	dumps/vmtail-wide-1m-w16/vm_mba_state_formula_compiler_proofs/state_243.smt2	"unsat\n(error ""line 9 column 10: model is not available"")"
245	vmop_245_plus0x5_state_affine_slot_mba_stateful	compiler_expression_recovered	proved_equivalent	36	41	((u16_0 + state0) ^ state0) ^ 0x3a835417u	dumps/vmtail-wide-1m-w16/vm_mba_state_formula_compiler_proofs/state_245.smt2	"unsat\n(error ""line 8 column 10: model is not available"")"
246	vmop_246_plus0x78_sampled_long_or_sparse_slot_unknown	compiler_expression_recovered	proved_equivalent	6	6	state0	dumps/vmtail-wide-1m-w16/vm_mba_state_formula_compiler_proofs/state_246.smt2	"unsat\n(error ""line 6 column 10: model is not available"")"
248	vmop_248_plus0x4_state_add_const_slot_mba_stateful	compiler_expression_recovered	proved_equivalent	132	95	((((0x6764746au - state0) & 0x5188b16eu) ^ u16_2) ^ 0xf33f7905u) | ((flags0 - state0) ^ state0)	dumps/vmtail-wide-1m-w16/vm_mba_state_formula_compiler_proofs/state_248.smt2	"unsat\n(error ""line 9 column 10: model is not available"")"
250	vmop_250_plus0x3_state_add_const_slot_multi_path	compiler_expression_recovered	proved_equivalent	166	107	((((u16_1 - state0) ^ (flags0 + flags0)) ^ flags0) | ((state0 ^ flags0) ^ (flags0 + flags0))) | 0xbf5fefdau	dumps/vmtail-wide-1m-w16/vm_mba_state_formula_compiler_proofs/state_250.smt2	"unsat\n(error ""line 9 column 10: model is not available"")"
251	vmop_251_plus0x5_state_add_const_slot_mba_stateful	compiler_expression_recovered	proved_equivalent	36	41	((u16_3 - state0) & state0) ^ 0x7cf1b821u	dumps/vmtail-wide-1m-w16/vm_mba_state_formula_compiler_proofs/state_251.smt2	"unsat\n(error ""line 8 column 10: model is not available"")"
253	vmop_253_plus0x6_state_add_const_slot_mba_stateful	compiler_expression_recovered	proved_equivalent	118	110	((((u32_2 - 0x1c9c7d85u) ^ (flags0 + flags0)) | ((0x7c5d4802u + u16_0) ^ 0x2906c0c1u)) | state0) | 0x62c3b0ddu	dumps/vmtail-wide-1m-w16/vm_mba_state_formula_compiler_proofs/state_253.smt2	"unsat\n(error ""line 10 column 10: model is not available"")"
254	vmop_254_plus0x4_state_add_const_slot_mba_stateful	compiler_expression_recovered	proved_equivalent	170	159	((((((0xca5e7538u + flags0) & 0x5bf4e999u) ^ 0x15874263u) | flags0) | (0xdd75be5eu + u16_2)) | (((state0 + flags0) - u16_0) ^ (state0 + flags0))) | 0x7ff37dd9u	dumps/vmtail-wide-1m-w16/vm_mba_state_formula_compiler_proofs/state_254.smt2	"unsat\n(error ""line 11 column 10: model is not available"")"
256	vmop_256_plus0x2_state_add_const_slot_multi_path	compiler_expression_recovered	proved_equivalent	290	133	((((u16_0 + state0) & 0x30de4dc1u) ^ 0x55c8a398u) | ((state0 ^ (flags0 - state0)) ^ 0x11246d19u)) | ((flags0 - state0) ^ 0xbc2ab174u)	dumps/vmtail-wide-1m-w16/vm_mba_state_formula_compiler_proofs/state_256.smt2	"unsat\n(error ""line 9 column 10: model is not available"")"
257	vmop_257_plus0x2_state_add_const_slot_multi_path	compiler_expression_recovered	proved_equivalent	123	87	((((u16_0 + 0x33cddc09u) - state0) ^ 0x1d2af87u) | (state0 + 0x33cddc09u)) | 0x1d2af87u	dumps/vmtail-wide-1m-w16/vm_mba_state_formula_compiler_proofs/state_257.smt2	"unsat\n(error ""line 8 column 10: model is not available"")"
258	vmop_258_plus0x4_state_add_const_slot_multi_path	compiler_expression_recovered	proved_equivalent	266	179	((((((u16_0 - state0) & 0x1769756eu) ^ (0xfbf8fe86u + flags0)) ^ 0xa1b079au) | ((0xfbf8fe86u + flags0) ^ state0)) | (((u16_2 - 0x1510614fu) - flags0) ^ 0x1d7272f4u)) | 0x45609bd8u	dumps/vmtail-wide-1m-w16/vm_mba_state_formula_compiler_proofs/state_258.smt2	"unsat\n(error ""line 11 column 10: model is not available"")"
259	vmop_259_plus0xa_state_formula_slot_unknown	compiler_expression_recovered	proved_equivalent	678	205	(((((((0x71457984u + flags0) ^ 0xa5101765u) | (u16_0 | state0)) | (flags0 ^ 0x9715c8du)) | (flags0 ^ 0x8a70cd93u)) | ((u32_2 - state0) & 0xac614be8u)) | ((flags0 - 0x539eb418u) ^ 0x9715c8du)) | 0x8301911eu	dumps/vmtail-wide-1m-w16/vm_mba_state_formula_compiler_proofs/state_259.smt2	"unsat\n(error ""line 10 column 10: model is not available"")"
260	vmop_260_plus0x4_state_add_const_slot_multi_path	compiler_expression_recovered	proved_equivalent	1676	231	((((((0x5a98810u + flags0) & 0x624bad50u) ^ 0x470c080du) | ((flags0 - 0x7eae8e8fu) | (0x5a98810u + flags0))) | ((0x5a98810u + flags0) & 0x5af0e1dbu)) | (((0x5a98810u + flags0) & 0x2efb7283u) ^ (state0 + 0x581f6275u))) | 0x3f274edfu	dumps/vmtail-wide-1m-w16/vm_mba_state_formula_compiler_proofs/state_260.smt2	"unsat\n(error ""line 11 column 10: model is not available"")"
261	vmop_261_plus0x6_state_add_const_slot_mba_stateful	compiler_expression_recovered	proved_equivalent	27	30	(state0 + u16_2) + 0x4c539d29u	dumps/vmtail-wide-1m-w16/vm_mba_state_formula_compiler_proofs/state_261.smt2	"unsat\n(error ""line 8 column 10: model is not available"")"
264	vmop_264_plus0xa_state_formula_slot_mba_stateful	compiler_expression_recovered	proved_equivalent	36	41	((0x9045cc9eu + u16_8) + state0) & state0	dumps/vmtail-wide-1m-w16/vm_mba_state_formula_compiler_proofs/state_264.smt2	"unsat\n(error ""line 8 column 10: model is not available"")"
266	vmop_266_minus0x2e8_sampled_backedge_slot_unknown	compiler_expression_recovered	proved_equivalent	6	6	state0	dumps/vmtail-wide-1m-w16/vm_mba_state_formula_compiler_proofs/state_266.smt2	"unsat\n(error ""line 6 column 10: model is not available"")"
267	vmop_267_plus0x5_state_add_const_slot_multi_path	compiler_expression_recovered	proved_equivalent	384	143	((((((0x2bce070cu + u16_0) + state0) & 0x22c7ea36u) | flags0) | (state0 & 0x22c7ea36u)) | ((flags0 & 0x99af118au) ^ 0x10c4506bu)) | 0xbd6dccf3u	dumps/vmtail-wide-1m-w16/vm_mba_state_formula_compiler_proofs/state_267.smt2	"unsat\n(error ""line 9 column 10: model is not available"")"
268	vmop_268_plus0x4_state_add_const_slot_multi_path	compiler_expression_recovered	proved_equivalent	410	216	(((((u16_0 + 0x71bd1bb1u) - state0) | ((0x33c0c75bu + flags0) & 0x81482e01u)) | state0) | (((0x71bd1bb1u - flags0) & (0x33c0c75bu + flags0)) & 0xef0600u)) | ((u16_2 - state0) ^ ((0x33c0c75bu + flags0) & 0x41582100u))	dumps/vmtail-wide-1m-w16/vm_mba_state_formula_compiler_proofs/state_268.smt2	"unsat\n(error ""line 11 column 10: model is not available"")"
269	vmop_269_plus0x5_state_add_const_slot_multi_path	compiler_expression_recovered	proved_equivalent	195	177	((((0x4f60a287u + u16_3) + state0) ^ ((flags0 & state0) & 0x6f7fff69u)) ^ (flags0 & state0)) | ((((flags0 & state0) & 0x6f7fff69u) ^ state0) | ((flags0 & state0) ^ 0x545b4609u))	dumps/vmtail-wide-1m-w16/vm_mba_state_formula_compiler_proofs/state_269.smt2	"unsat\n(error ""line 9 column 10: model is not available"")"
273	vmop_273_plus0x4_state_add_const_slot_mba_stateful	compiler_expression_recovered	proved_equivalent	260	199	(((((0x4b959cd0u + u16_0) + state0) & ((0x549dfe3eu + u16_2) - state0)) & 0x908616eu) ^ (0xd1f419a0u + flags0)) | ((((state0 + 0x4b959cd0u) & ((0x549dfe3eu + u16_2) - state0)) & 0x908616eu) ^ flags0)	dumps/vmtail-wide-1m-w16/vm_mba_state_formula_compiler_proofs/state_273.smt2	"unsat\n(error ""line 11 column 10: model is not available"")"
276	vmop_276_plus0xa_state_formula_slot_unknown	compiler_expression_recovered	proved_equivalent	182	180	((((u16_0 + state0) & 0x7246aa41u) ^ (0xfccd5e96u + (flags0 - u32_2))) ^ flags0) | ((((state0 & 0x7246aa41u) ^ flags0) | ((flags0 - u32_2) - 0x6729e4ebu)) | (0x47166ef1u - flags0))	dumps/vmtail-wide-1m-w16/vm_mba_state_formula_compiler_proofs/state_276.smt2	"unsat\n(error ""line 10 column 10: model is not available"")"
278	vmop_278_plus0xa_state_preserve_slot_multi_path	compiler_expression_recovered	proved_equivalent	54	63	((u16_2 - state0) | (state0 | flags0)) | (flags0 + 0x68baea26u)	dumps/vmtail-wide-1m-w16/vm_mba_state_formula_compiler_proofs/state_278.smt2	"unsat\n(error ""line 9 column 10: model is not available"")"
281	vmop_281_plus0x4_state_add_const_slot_multi_path	compiler_expression_recovered	proved_equivalent	298	239	((((0xce9bd574u + (state0 + u16_2)) & flags0) ^ 0x5b9839d1u) | (((0xce9bd574u + state0) ^ 0x5b9839d1u) | ((0xe13dc7afu - flags0) ^ 0x12a6b5dfu))) | ((((u16_0 + 0x6445395fu) ^ (0xce9bd574u + state0)) ^ (0xe13dc7afu - flags0)) ^ 0x5b9839d1u)	dumps/vmtail-wide-1m-w16/vm_mba_state_formula_compiler_proofs/state_281.smt2	"unsat\n(error ""line 11 column 10: model is not available"")"
282	vmop_282_plus0x5_state_add_const_slot_multi_path	compiler_expression_recovered	proved_equivalent	67	46	((flags0 - 0x54c8658au) & 0x48f2009u) ^ state0	dumps/vmtail-wide-1m-w16/vm_mba_state_formula_compiler_proofs/state_282.smt2	"unsat\n(error ""line 7 column 10: model is not available"")"
283	vmop_283_plus0x5_state_preserve_slot_mba_stateful	compiler_expression_recovered	proved_equivalent	6	6	state0	dumps/vmtail-wide-1m-w16/vm_mba_state_formula_compiler_proofs/state_283.smt2	"unsat\n(error ""line 6 column 10: model is not available"")"
284	vmop_284_plus0xd_state_add_const_slot_mba_stateful	compiler_expression_recovered	proved_equivalent	28	31	(state0 - 0x14b96a4cu) - u16_11	dumps/vmtail-wide-1m-w16/vm_mba_state_formula_compiler_proofs/state_284.smt2	"unsat\n(error ""line 8 column 10: model is not available"")"
285	vmop_285_plus0x5_state_add_const_slot_mba_stateful	compiler_expression_recovered	proved_equivalent	41	47	((u16_2 + flags0) - state0) ^ (state0 ^ flags0)	dumps/vmtail-wide-1m-w16/vm_mba_state_formula_compiler_proofs/state_285.smt2	"unsat\n(error ""line 9 column 10: model is not available"")"
287	vmop_287_plus0x4_state_add_const_slot_multi_path	compiler_expression_recovered	proved_equivalent	207	84	((((0x3ab14dd1u + state0) - u16_0) | state0) & (0x238df177u - flags0)) | 0x3035536cu	dumps/vmtail-wide-1m-w16/vm_mba_state_formula_compiler_proofs/state_287.smt2	"unsat\n(error ""line 9 column 10: model is not available"")"
290	vmop_290_plus0x5_state_add_const_slot_multi_path	compiler_expression_recovered	proved_equivalent	80	95	(((u16_2 + state0) & flags0) & 0x3acb356du) | (((flags0 & 0x3acb356du) ^ 0x29d9517bu) | state0)	dumps/vmtail-wide-1m-w16/vm_mba_state_formula_compiler_proofs/state_290.smt2	"unsat\n(error ""line 9 column 10: model is not available"")"
291	vmop_291_plus0x4_state_add_const_slot_multi_path	translator_or_proof_error	not_proved	429	0			unknown operand 'rdi'
292	vmop_292_plus0x5_state_add_const_slot_multi_path	compiler_expression_recovered	proved_equivalent	106	95	(((u16_1 + flags0) - state0) | ((0x628c34bcu + flags0) | state0)) | ((flags0 & u16_3) ^ state0)	dumps/vmtail-wide-1m-w16/vm_mba_state_formula_compiler_proofs/state_292.smt2	"unsat\n(error ""line 11 column 10: model is not available"")"
295	vmop_295_plus0x5_state_mixed_slot_mba_stateful	compiler_expression_recovered	proved_equivalent	27	30	(u16_2 - 0x396ecbf2u) | state0	dumps/vmtail-wide-1m-w16/vm_mba_state_formula_compiler_proofs/state_295.smt2	"unsat\n(error ""line 8 column 10: model is not available"")"
297	vmop_297_plus0x3_state_add_const_slot_multi_path	compiler_expression_recovered	proved_equivalent	455	209	(((((0x1e2ee079u - (u16_1 + state0)) | (0xb7ddf6beu + state0)) | ((0x283684b4u + flags0) ^ 0x4a5a939au)) | ((flags0 - 0x6c4a4295u) ^ 0x2c0a7a21u)) | (((state0 + b0) + 0x235d2f75u) ^ 0x6650e9bbu)) | 0x6fa2a570u	dumps/vmtail-wide-1m-w16/vm_mba_state_formula_compiler_proofs/state_297.smt2	"unsat\n(error ""line 11 column 10: model is not available"")"
299	vmop_299_minus0x7fe6_sampled_backedge_slot_unknown	compiler_expression_recovered	proved_equivalent	323	239	((((((u16_2 - state0) & (0x515f6307u + flags0)) & ((0x515f6307u + state0) - u16_0)) & 0x23320710u) ^ (flags0 & 0x10108a30u)) | (((((0x515f6307u + state0) - u16_0) & state0) & (0x515f6307u + flags0)) & 0x23320710u)) | (flags0 & 0x10108a30u)	dumps/vmtail-wide-1m-w16/vm_mba_state_formula_compiler_proofs/state_299.smt2	"unsat\n(error ""line 11 column 10: model is not available"")"
300	vmop_300_plus0x4_state_add_const_slot_multi_path	compiler_expression_recovered	proved_equivalent	323	239	((((((u16_2 - state0) & (0x515f6307u + flags0)) & ((0x515f6307u + state0) - u16_0)) & 0x23320710u) ^ (flags0 & 0x10108a30u)) | (((state0 & ((0x515f6307u + state0) - u16_0)) & (0x515f6307u + flags0)) & 0x23320710u)) | (flags0 & 0x10108a30u)	dumps/vmtail-wide-1m-w16/vm_mba_state_formula_compiler_proofs/state_300.smt2	"unsat\n(error ""line 11 column 10: model is not available"")"
301	vmop_301_plus0x5_state_add_const_slot_mba_stateful	compiler_expression_recovered	proved_equivalent	54	63	((u16_3 - state0) & (0xd3f01421u + flags0)) ^ (state0 & flags0)	dumps/vmtail-wide-1m-w16/vm_mba_state_formula_compiler_proofs/state_301.smt2	"unsat\n(error ""line 9 column 10: model is not available"")"
302	vmop_302_minus0x40_sampled_backedge_slot_unknown	compiler_expression_recovered	proved_equivalent	6	6	state0	dumps/vmtail-wide-1m-w16/vm_mba_state_formula_compiler_proofs/state_302.smt2	"unsat\n(error ""line 6 column 10: model is not available"")"
305	vmop_305_plus0x4_state_add_const_slot_mba_stateful	compiler_expression_recovered	proved_equivalent	23	25	(u16_0 + state0) & state0	dumps/vmtail-wide-1m-w16/vm_mba_state_formula_compiler_proofs/state_305.smt2	"unsat\n(error ""line 8 column 10: model is not available"")"
308	vmop_308_plus0x20_exact_slot_unknown	compiler_expression_recovered	proved_equivalent	6	6	state0	dumps/vmtail-wide-1m-w16/vm_mba_state_formula_compiler_proofs/state_308.smt2	"unsat\n(error ""line 6 column 10: model is not available"")"
311	vmop_311_plus0xa_state_preserve_slot_multi_path	compiler_expression_recovered	proved_equivalent	201	61	((0x35e8abc1u - u16_3) | (0xb9b0e04u - flags0)) | 0x3ff7fffbu	dumps/vmtail-wide-1m-w16/vm_mba_state_formula_compiler_proofs/state_311.smt2	"unsat\n(error ""line 9 column 10: model is not available"")"
313	vmop_313_plus0x5_state_add_const_slot_multi_path	translator_or_proof_error	not_proved	1206	0			unknown operand 'rdi'
314	vmop_314_plus0xa_state_add_const_slot_mba_stateful	compiler_expression_recovered	proved_equivalent	36	41	(state0 - u32_0) ^ (state0 + 0x477d7abbu)	dumps/vmtail-wide-1m-w16/vm_mba_state_formula_compiler_proofs/state_314.smt2	"unsat\n(error ""line 7 column 10: model is not available"")"
315	vmop_315_plus0x4_state_mixed_slot_mba_stateful	compiler_expression_recovered	proved_equivalent	88	73	(((state0 & 0x7562ddb5u) ^ flags0) ^ 0x2485a98du) | (u16_2 ^ 0x42c7f071u)	dumps/vmtail-wide-1m-w16/vm_mba_state_formula_compiler_proofs/state_315.smt2	"unsat\n(error ""line 9 column 10: model is not available"")"
316	vmop_316_minus0x3c4_sampled_backedge_slot_unknown	compiler_expression_recovered	proved_equivalent	6	6	state0	dumps/vmtail-wide-1m-w16/vm_mba_state_formula_compiler_proofs/state_316.smt2	"unsat\n(error ""line 6 column 10: model is not available"")"
317	vmop_317_plus0x4_state_add_const_slot_multi_path	compiler_expression_recovered	proved_equivalent	1078	313	(((((0xd528cc0fu + flags0) & 0xfff9ff9du) ^ ((0xd528cc0fu + u16_2) + flags0)) ^ ((0xd6c343c9u + flags0) & 0x60062u)) | ((((0xd528cc0fu + state0) - flags0) ^ 0x60062u) | ((0xd528cc0fu + flags0) ^ 0x5258264au))) | ((((((u16_0 + 0x2b733f1u) - state0) - flags0) & 0x12461866u) ^ (0xd528cc0fu + flags0)) ^ 0x50183e0eu)	dumps/vmtail-wide-1m-w16/vm_mba_state_formula_compiler_proofs/state_317.smt2	"unsat\n(error ""line 11 column 10: model is not available"")"
319	vmop_319_plus0x5_state_add_const_slot_multi_path	compiler_expression_recovered	proved_equivalent	586	159	(((flags0 | ((0x4fa9822eu + state0) & 0x27c134adu)) | ((state0 - 0x58e4c1fu) & 0x27c134adu)) | (((0x4fa9822eu + state0) & 0x27c134adu) ^ flags0)) | 0x5ffedbfbu	dumps/vmtail-wide-1m-w16/vm_mba_state_formula_compiler_proofs/state_319.smt2	"unsat\n(error ""line 9 column 10: model is not available"")"
320	vmop_320_plus0x5_state_add_const_slot_mba_stateful	compiler_expression_recovered	proved_equivalent	37	20	state0 & 0x81ebc77cu	dumps/vmtail-wide-1m-w16/vm_mba_state_formula_compiler_proofs/state_320.smt2	"unsat\n(error ""line 7 column 10: model is not available"")"
321	vmop_321_plus0xd_state_preserve_slot_multi_path	compiler_expression_recovered	proved_equivalent	122	99	(((((u16_2 + u16_0) - state0) & 0x9733ef30u) ^ flags0) | ((state0 + u16_0) ^ flags0)) | 0x12da4cf4u	dumps/vmtail-wide-1m-w16/vm_mba_state_formula_compiler_proofs/state_321.smt2	"unsat\n(error ""line 11 column 10: model is not available"")"
322	vmop_322_plus0x4_state_add_const_slot_multi_path	compiler_expression_recovered	proved_equivalent	122	99	(((((u16_2 + u16_0) - state0) & 0x9733ef30u) ^ flags0) | ((state0 + u16_0) ^ flags0)) | 0x12da4cf4u	dumps/vmtail-wide-1m-w16/vm_mba_state_formula_compiler_proofs/state_322.smt2	"unsat\n(error ""line 11 column 10: model is not available"")"
326	vmop_326_plus0x5_state_add_const_slot_mba_stateful	compiler_expression_recovered	proved_equivalent	36	41	((u16_1 + flags0) & state0) ^ 0x50d4eebeu	dumps/vmtail-wide-1m-w16/vm_mba_state_formula_compiler_proofs/state_326.smt2	"unsat\n(error ""line 9 column 10: model is not available"")"
331	vmop_331_plus0x3_state_formula_slot_multi_path	compiler_expression_recovered	proved_equivalent	193	187	(((((u16_0 + 0x47dd4277u) - state0) & ((0x3eb8b067u + flags0) & flags0)) ^ (0x87e2e175u + flags0)) | (((state0 & flags0) & (0x3eb8b067u + flags0)) ^ (0x87e2e175u + flags0))) | 0x4482d526u	dumps/vmtail-wide-1m-w16/vm_mba_state_formula_compiler_proofs/state_331.smt2	"unsat\n(error ""line 9 column 10: model is not available"")"
332	vmop_332_plus0x4_state_add_const_slot_multi_path	compiler_expression_recovered	proved_equivalent	720	83	(((state0 ^ 0xc975ddbu) | state0) | ((state0 ^ u16_2) ^ 0x10401a05u)) | 0x1cf75fdfu	dumps/vmtail-wide-1m-w16/vm_mba_state_formula_compiler_proofs/state_332.smt2	"unsat\n(error ""line 9 column 10: model is not available"")"
333	vmop_333_plus0x4_state_add_const_slot_multi_path	compiler_expression_recovered	proved_equivalent	235	139	(((((u16_0 + 0x569ecec3u) - state0) ^ (state0 ^ flags0)) | (((flags0 & 0xd5e75f83u) ^ (state0 + flags0)) ^ state0)) | flags0) | 0x77dedeebu	dumps/vmtail-wide-1m-w16/vm_mba_state_formula_compiler_proofs/state_333.smt2	"unsat\n(error ""line 9 column 10: model is not available"")"
334	vmop_334_plus0x2a5_sampled_long_or_sparse_slot_unknown	compiler_expression_recovered	proved_equivalent	6	6	state0	dumps/vmtail-wide-1m-w16/vm_mba_state_formula_compiler_proofs/state_334.smt2	"unsat\n(error ""line 6 column 10: model is not available"")"
336	vmop_336_plus0x5_state_add_const_slot_mba_stateful	compiler_expression_recovered	proved_equivalent	27	30	(state0 & u16_2) ^ 0x114009e8u	dumps/vmtail-wide-1m-w16/vm_mba_state_formula_compiler_proofs/state_336.smt2	"unsat\n(error ""line 8 column 10: model is not available"")"
337	vmop_337_plus0x4_state_add_const_slot_multi_path	compiler_expression_recovered	solver_unparsed	314	261	((((flags0 + 0x61f749a7u) ^ 0x5dd3431eu) | ((flags0 + 0x61f749a7u) ^ 0x7db39ef4u)) | ((((0x2051de91u + state0) + state0) - (u16_2 + flags0)) & (flags0 + 0x61f749a7u))) | (((u16_0 - (u16_2 + flags0)) + ((0x2051de91u + state0) + state0)) & (flags0 + 0x61f749a7u))	dumps/vmtail-wide-1m-w16/vm_mba_state_formula_compiler_proofs/state_337.smt2	timeout
338	vmop_338_plus0x6_state_add_const_slot_mba_stateful	compiler_expression_recovered	proved_equivalent	36	19	0xb40741f4u - u16_0	dumps/vmtail-wide-1m-w16/vm_mba_state_formula_compiler_proofs/state_338.smt2	"unsat\n(error ""line 8 column 10: model is not available"")"
340	vmop_340_plus0x4_state_add_const_slot_multi_path	compiler_expression_recovered	proved_equivalent	103	124	((((0xd4d1a5dau + state0) + u16_2) - u16_0) ^ 0x7535dd25u) | (((state0 - 0x2b2e5a26u) ^ 0x7535dd25u) | (u16_2 + 0x9097995u))	dumps/vmtail-wide-1m-w16/vm_mba_state_formula_compiler_proofs/state_340.smt2	"unsat\n(error ""line 10 column 10: model is not available"")"
345	vmop_345_plus0x6_state_add_const_slot_mba_stateful	compiler_expression_recovered	solver_unparsed	75	89	(((u16_0 + state0) + u32_2) + (flags0 + state0)) ^ ((state0 + u32_2) ^ (flags0 + state0))	dumps/vmtail-wide-1m-w16/vm_mba_state_formula_compiler_proofs/state_345.smt2	timeout
346	vmop_346_plus0x4_state_add_const_slot_multi_path	compiler_expression_recovered	proved_equivalent	54	31	(state0 ^ flags0) ^ 0x45daa5e4u	dumps/vmtail-wide-1m-w16/vm_mba_state_formula_compiler_proofs/state_346.smt2	"unsat\n(error ""line 7 column 10: model is not available"")"
347	vmop_347_plus0x4_state_add_const_slot_multi_path	compiler_expression_recovered	proved_equivalent	1228	295	((((((((((0x5cf483c7u + u16_2) + flags0) ^ state0) ^ 0x2efc96c5u) | state0) | (0x6fa972f0u + flags0)) | (state0 ^ flags0)) | ((0x45223942u + state0) & (0x6fa972f0u + flags0))) | (((flags0 & 0x5cf483c7u) ^ state0) ^ 0x2efc96c5u)) | (((0x5cf483c7u - flags0) ^ state0) ^ 0x2efc96c5u)) | 0x7ffebfe7u	dumps/vmtail-wide-1m-w16/vm_mba_state_formula_compiler_proofs/state_347.smt2	"unsat\n(error ""line 9 column 10: model is not available"")"
348	vmop_348_plus0x5_state_add_const_slot_multi_path	compiler_expression_recovered	proved_equivalent	226	119	((((u16_0 & 0x1000200u) ^ ((0x4ead272u + flags0) & state0)) | flags0) | ((0x4ead272u + flags0) & state0)) | 0xc1000204u	dumps/vmtail-wide-1m-w16/vm_mba_state_formula_compiler_proofs/state_348.smt2	"unsat\n(error ""line 9 column 10: model is not available"")"
350	vmop_350_plus0x4_state_add_const_slot_mba_stateful	compiler_expression_recovered	proved_equivalent	350	60	(((state0 - 0x7d911f5du) & (~u16_2)) & flags0) ^ 0x678e3cb6u	dumps/vmtail-wide-1m-w16/vm_mba_state_formula_compiler_proofs/state_350.smt2	"unsat\n(error ""line 11 column 10: model is not available"")"
351	vmop_351_plus0x5_state_add_const_slot_mba_stateful	compiler_expression_recovered	proved_equivalent	36	41	((0x84c5d2e8u + u16_2) + state0) | state0	dumps/vmtail-wide-1m-w16/vm_mba_state_formula_compiler_proofs/state_351.smt2	"unsat\n(error ""line 8 column 10: model is not available"")"
352	vmop_352_plus0x2_state_add_const_slot_mba_stateful	compiler_expression_recovered	proved_equivalent	62	57	((u16_0 + state0) & 0x64a42f6cu) | (state0 & 0x31863366u)	dumps/vmtail-wide-1m-w16/vm_mba_state_formula_compiler_proofs/state_352.smt2	"unsat\n(error ""line 8 column 10: model is not available"")"
356	vmop_356_plus0xa_state_preserve_slot_mba_stateful	compiler_expression_recovered	proved_equivalent	15	15	state0 ^ flags0	dumps/vmtail-wide-1m-w16/vm_mba_state_formula_compiler_proofs/state_356.smt2	"unsat\n(error ""line 7 column 10: model is not available"")"
357	vmop_357_plus0x5_state_add_const_slot_mba_stateful	compiler_expression_recovered	proved_equivalent	15	15	state0 ^ flags0	dumps/vmtail-wide-1m-w16/vm_mba_state_formula_compiler_proofs/state_357.smt2	"unsat\n(error ""line 7 column 10: model is not available"")"
358	vmop_358_plus0x5_state_formula_slot_unknown	compiler_expression_recovered	proved_equivalent	272	163	(((((u16_0 ^ ((0xc4339bbau + state0) + flags0)) ^ 0x50eab96u) | flags0) | (flags0 - 0x45b1cde1u)) | (((0xc4339bbau + state0) + flags0) ^ 0x50eab96u)) | 0xd01cbf1bu	dumps/vmtail-wide-1m-w16/vm_mba_state_formula_compiler_proofs/state_358.smt2	"unsat\n(error ""line 9 column 10: model is not available"")"
359	vmop_359_plus0x5_state_add_const_slot_multi_path	compiler_expression_recovered	proved_equivalent	80	52	(((u16_2 + state0) | state0) & flags0) | 0xb6bfefb7u	dumps/vmtail-wide-1m-w16/vm_mba_state_formula_compiler_proofs/state_359.smt2	"unsat\n(error ""line 9 column 10: model is not available"")"
