source_entry	opcode_name	problem_kind	state_kind	variables	status	template	candidate_c	random_tests	validation	original_state_formula
0	vmop_000_plus0x5_state_add_const_slot_mba_stateful	algebraic_mba	state_add_const	state0;u16_0	unsolved_by_current_templates			4107	random_differential_against_compiled_original_not_formal_proof	state0 ^ 0x1966e0e7 - u16_0 + state0 ^ 0x1966e0e7 - 0x251a0141
3	vmop_003_plus0x5_state_add_const_slot_multi_path	algebraic_mba	state_add_const	state0;flags0;u16_0	unsolved_by_current_templates			4107	random_differential_against_compiled_original_not_formal_proof	state0 - flags0 - 0x1c03cc82 - flags0 | 0x38c49877 - 0x742d9511 + 0x4ddaed7b ^ u16_0 ^ state0 - flags0 - 0x1c03cc82 - flags0 | 0x38c49877 - 0x742d9511 + 0x4ddaed7b + 0x4bc0d288
9	vmop_009_plus0x5_state_formula_slot_unknown	dispatch_unknown	state_formula	state0;u16_3	unsolved_by_current_templates			4107	random_differential_against_compiled_original_not_formal_proof	state0 & u16_3 - state0 ^ 0x25d88329
13	vmop_013_plus0x5_state_add_const_slot_multi_path	algebraic_mba	state_add_const	state0;flags0	unsolved_by_current_templates			4107	random_differential_against_compiled_original_not_formal_proof	state0 ^ 0x67934603 ^ flags0 - 0x1c36555 | 0x771fee31 | 0x1490ac71 - 0x2de02e8
17	vmop_017_plus0x5_state_add_const_slot_multi_path	algebraic_mba	state_add_const	state0;flags0;u16_0;u16_3	unsolved_by_current_templates			4107	random_differential_against_compiled_original_not_formal_proof	state0 | flags0 ^ 0x4365071c & u16_0 ^ state0 | flags0 ^ 0x4365071c + flags0 ^ 0x4365071c ^ 0x95f9698 + u16_3 - state0 | flags0 ^ 0x4365071c & u16_0 ^ state0 | flags0 ^ 0x4365071c + flags0 ^ 0x4365071c ^ 0x95f9698
18	vmop_018_plus0x3_state_add_const_slot_multi_path	algebraic_mba	state_add_const	state0;flags0;u16_0	unsolved_by_current_templates			4107	random_differential_against_compiled_original_not_formal_proof	state0 & flags0 | 0x954df65 + 0x5b466f3b - 0x6382ce20 & flags0 | 0x954df65 + 0x5b466f3b - u16_0 - state0 & flags0 | 0x954df65 + 0x5b466f3b - 0x6382ce20 & flags0 | 0x954df65 + 0x5b466f3b
20	vmop_020_plus0x4_state_add_const_slot_multi_path	algebraic_mba	state_add_const	state0;flags0;u16_2	unsolved_by_current_templates			4107	random_differential_against_compiled_original_not_formal_proof	state0 | flags0 | 0x180e72f2 - 0x36332ac8 - flags0 ^ 0x58f71b08 & 0x17188826 & 0x1fa2014f | 0x38e67f26 - flags0 ^ 0x58f71b08 & 0x17188826 & u16_2 ^ state0 | flags0 | 0x180e72f2 - 0x36332ac8 - flags0 ^ 0x58f71b08 & 0x17188826 & 0x1fa2014f | 0x38e67f26 - flags0 ^ 0x58f71b08 & 0x17188826
26	vmop_026_plus0x4_state_add_const_slot_multi_path	algebraic_mba	state_add_const	state0;flags0;u16_0	unsolved_by_current_templates			4107	random_differential_against_compiled_original_not_formal_proof	state0 - 0x471264ca + flags0 - state0 ^ 0x5fcdb203 & 0x637d285c + 0x44b4a975 ^ state0 - 0x471264ca | 0x2a01f150 | 0x7bdf07f3 + 0x104dd6df ^ 0x505df542 ^ 0xe71ae1d & 0x6dbe9345 + 0x521a2f7b + state0 - 0x471264ca + 0x1bfb4659 - u16_0 ^ state0 - 0x471264ca + flags0 - state0 ^ 0x5fcdb203 & 0x637d285c + 0x44b4a975 ^ state0 - 0x471264ca | 0x2a01f150 | 0x7bdf07f3 + 0x104dd6df ^ 0x505df542 ^ 0xe71ae1d & 0x6dbe9345 + 0x521a2f7b + state0 - 0x471264ca + 0x1bfb4659 ^ 0x6f23a80c
30	vmop_030_plus0x4_state_add_const_slot_multi_path	algebraic_mba	state_add_const	state0;flags0	unsolved_by_current_templates			4107	random_differential_against_compiled_original_not_formal_proof	state0 | flags0 & 0x614d4b17 + 0x64fd160c
31	vmop_031_plus0x5_state_preserve_slot_mba_stateful	algebraic_mba	state_preserve	state0	candidate_simplified	identity	state0	4107	random_differential_against_compiled_original_not_formal_proof	state0
33	vmop_033_plus0x4_state_add_const_slot_multi_path	algebraic_mba	state_add_const	state0;u16_2	unsolved_by_current_templates			4107	random_differential_against_compiled_original_not_formal_proof	state0 | 0x15422921 & u16_2 + state0 | 0x15422921 + 0x2d0713f3
35	vmop_035_plus0x5_state_preserve_slot_mba_stateful	algebraic_mba	state_preserve	state0	candidate_simplified	identity	state0	4107	random_differential_against_compiled_original_not_formal_proof	state0
36	vmop_036_plus0x5_state_add_const_slot_multi_path	algebraic_mba	state_add_const	state0;flags0;u16_0	unsolved_by_current_templates			4107	random_differential_against_compiled_original_not_formal_proof	state0 + flags0 ^ flags0 & 0x73966fc6 & 0x348b11be ^ 0x72d0ef43 | 0x7af5a860 ^ u16_0 - state0 + flags0 ^ flags0 & 0x73966fc6 & 0x348b11be ^ 0x72d0ef43 | 0x7af5a860
37	vmop_037_plus0x5_state_add_const_slot_mba_stateful	algebraic_mba	state_add_const	state0;flags0;u16_0	unsolved_by_current_templates			4107	random_differential_against_compiled_original_not_formal_proof	state0 - flags0 + 0x504fc3d - 0x4eca0e49 | u16_0 ^ state0 - flags0 + 0x504fc3d - 0x4eca0e49 ^ 0x384e1c86
40	vmop_040_plus0x6_state_add_const_slot_mba_stateful	algebraic_mba	state_add_const	state0;u16_4	unsolved_by_current_templates			4107	random_differential_against_compiled_original_not_formal_proof	state0 & u16_4 ^ state0
42	vmop_042_plus0x4_state_mixed_slot_const_or_affine	algebraic_mba	state_mixed	state0;flags0	unsolved_by_current_templates			4107	random_differential_against_compiled_original_not_formal_proof	state0 - flags0 ^ state0 - 0x327f38a4 - 0x471012ae ^ 0x160c3a44
43	vmop_043_plus0x4_state_add_const_slot_mba_stateful	algebraic_mba	state_add_const	state0;u16_2	candidate_simplified	identity	u16_2	4107	random_differential_against_compiled_original_not_formal_proof	state0 ^ u16_2 ^ state0
48	vmop_048_plus0x5_state_add_const_slot_multi_path	algebraic_mba	state_add_const	state0;flags0;u16_0;u16_3	unsolved_by_current_templates			4107	random_differential_against_compiled_original_not_formal_proof	state0 & u16_3 + state0 ^ flags0 ^ 0x8881ae0 - 0x1accc893 + 0x4f1a7667 - flags0 ^ 0x8881ae0 - 0x1accc893 & 0x6134e706 & 0x7e86fbd3 ^ 0x41ba58a6 & flags0 ^ 0x8881ae0 - 0x1accc893 & 0x6134e706 & 0x7e86fbd3 ^ 0x41ba58a6 ^ 0x79fc8ff4 | flags0 ^ 0x8881ae0 - 0x1accc893 & 0x6134e706 & 0x7e86fbd3 ^ 0x41ba58a6 - 0x430c028c & flags0 ^ 0x8881ae0 - 0x1accc893 & 0x6134e706 & 0x7e86fbd3 ^ 0x41ba58a6 + 0x157b2443 - u16_0 + state0 & u16_3 + state0 ^ flags0 ^ 0x8881ae0 - 0x1accc893 + 0x4f1a7667 - flags0 ^ 0x8881ae0 - 0x1accc893 & 0x6134e706 & 0x7e86fbd3 ^ 0x41ba58a6 & flags0 ^ 0x8881ae0 - 0x1accc893 & 0x6134e706 & 0x7e86fbd3 ^ 0x41ba58a6 ^ 0x79fc8ff4 | flags0 ^ 0x8881ae0 - 0x1accc893 & 0x6134e706 & 0x7e86fbd3 ^ 0x41ba58a6 - 0x430c028c & flags0 ^ 0x8881ae0 - 0x1accc893 & 0x6134e706 & 0x7e86fbd3 ^ 0x41ba58a6 + 0x157b2443
49	vmop_049_plus0x5_state_add_const_slot_mba_stateful	algebraic_mba	state_add_const	state0;flags0;u16_1	unsolved_by_current_templates			4107	random_differential_against_compiled_original_not_formal_proof	state0 & flags0 + flags0 - 0x353700ed + 0x55a592d8 - u16_1 + state0 & flags0 + flags0 - 0x353700ed + 0x55a592d8 + 0x55b8ef8d
52	vmop_052_plus0x5_state_add_const_slot_mba_stateful	algebraic_mba	state_add_const	state0;u16_0	unsolved_by_current_templates			4107	random_differential_against_compiled_original_not_formal_proof	state0 + u16_0 + state0 ^ 0x7823b2da
54	vmop_054_plus0x5_state_add_const_slot_mba_stateful	algebraic_mba	state_add_const	state0;flags0	unsolved_by_current_templates			4107	random_differential_against_compiled_original_not_formal_proof	state0 & flags0 - 0x68b4ad2f
56	vmop_056_plus0x5_state_add_const_slot_mba_stateful	algebraic_mba	state_add_const	state0;u16_0	candidate_simplified	xor_const	u16_0 ^ 0x5380ff71u	4107	random_differential_against_compiled_original_not_formal_proof	state0 + u16_0 - state0 ^ 0x5380ff71
62	vmop_062_plus0x4_state_add_const_slot_multi_path	algebraic_mba	state_add_const	state0;flags0;u16_0;u16_2	unsolved_by_current_templates			4107	random_differential_against_compiled_original_not_formal_proof	state0 | u16_2 ^ flags0 + 0xd90ded5 ^ 0x5dbb6647 + u16_0 ^ state0 | u16_2 ^ flags0 + 0xd90ded5 ^ 0x5dbb6647 + 0x7ebb48a2
64	vmop_064_plus0x4_state_add_const_slot_multi_path	algebraic_mba	state_add_const	state0;flags0;u16_2	unsolved_by_current_templates			4107	random_differential_against_compiled_original_not_formal_proof	state0 - 0x79614de5 ^ u16_2 + flags0 + 0x4cd0c9ae + 0x711675f2 & 0x5b249a06 ^ flags0 + 0x4cd0c9ae + 0x711675f2 & 0x5b249a06 + 0x729dddb0
65	vmop_065_plus0x4_state_simple_slot_mba_stateful	algebraic_mba	state_simple	state0	candidate_simplified	identity	state0	4107	random_differential_against_compiled_original_not_formal_proof	state0
66	vmop_066_plus0x3_state_add_const_slot_multi_path	algebraic_mba	state_add_const	state0;b2;flags0;u16_0	unsolved_by_current_templates			4107	random_differential_against_compiled_original_not_formal_proof	state0 & 0x2f6cb1f6 - b2 ^ state0 & 0x2f6cb1f6 ^ 0x745ff1d2 & 0x13de2cdd - flags0 - 0x50170614 | 0x7167293a ^ 0x42a6ffd6 ^ u16_0 - state0 & 0x2f6cb1f6 - b2 ^ state0 & 0x2f6cb1f6 ^ 0x745ff1d2 & 0x13de2cdd - flags0 - 0x50170614 | 0x7167293a ^ 0x42a6ffd6 - 0x3cd18153
69	vmop_069_plus0xd_state_formula_slot_unknown	dispatch_unknown	state_formula	state0;flags0	unsolved_by_current_templates			4107	random_differential_against_compiled_original_not_formal_proof	state0 ^ flags0 ^ flags0 - flags0 + state0 ^ flags0 ^ flags0 + 0x55fafa0c - 0x5abc12af ^ state0 ^ flags0 ^ flags0 | 0x58fb4a0c ^ 0x62ac6845 ^ flags0 + state0 ^ flags0 ^ flags0 + 0x55fafa0c - 0x5abc12af ^ state0 ^ flags0 ^ flags0 | 0x58fb4a0c ^ state0 ^ flags0 ^ flags0 - flags0 + state0 ^ flags0 ^ flags0 + 0x55fafa0c - 0x5abc12af ^ state0 ^ flags0 ^ flags0 | 0x58fb4a0c ^ 0x62ac6845 | 0x528cef01
70	vmop_070_plus0x5_state_add_const_slot_mba_stateful	algebraic_mba	state_add_const	state0;flags0	unsolved_by_current_templates			4107	random_differential_against_compiled_original_not_formal_proof	state0 ^ flags0 ^ flags0 - flags0 + state0 ^ flags0 ^ flags0 + 0x55fafa0c - 0x5abc12af ^ state0 ^ flags0 ^ flags0 | 0x58fb4a0c ^ 0x62ac6845 ^ flags0 + state0 ^ flags0 ^ flags0 + 0x55fafa0c - 0x5abc12af ^ state0 ^ flags0 ^ flags0 | 0x58fb4a0c ^ state0 ^ flags0 ^ flags0 - flags0 + state0 ^ flags0 ^ flags0 + 0x55fafa0c - 0x5abc12af ^ state0 ^ flags0 ^ flags0 | 0x58fb4a0c ^ 0x62ac6845 | 0x528cef01
74	vmop_074_plus0x5_state_add_const_slot_mba_stateful	algebraic_mba	state_add_const	state0;flags0	unsolved_by_current_templates			4107	random_differential_against_compiled_original_not_formal_proof	state0 - flags0 & state0 - 0x7af5a4e2 - 0x619b65dc ^ 0x65dcaffc + 0x33d7fc12
75	vmop_075_minus0x6d_sampled_backedge_slot_unknown	dispatch_unknown	sampled_backedge	state0	candidate_simplified	identity	state0	4107	random_differential_against_compiled_original_not_formal_proof	state0
78	vmop_078_plus0xd_state_preserve_slot_multi_path	algebraic_mba	state_preserve	state0;flags0;u16_0	unsolved_by_current_templates			4107	random_differential_against_compiled_original_not_formal_proof	state0 - flags0 ^ 0xc7e744f ^ 0x623ccce4 & 0xd4da920 | flags0 ^ 0xc7e744f ^ 0x225dfa31 - 0x6110d031 ^ 0x3fcb6e9a ^ flags0 ^ 0xc7e744f + 0x60a9dba6 | u16_0 ^ state0 - flags0 ^ 0xc7e744f ^ 0x623ccce4 & 0xd4da920 | flags0 ^ 0xc7e744f ^ 0x225dfa31 - 0x6110d031 ^ 0x3fcb6e9a ^ flags0 ^ 0xc7e744f + 0x60a9dba6
79	vmop_079_plus0x5_state_add_const_slot_multi_path	algebraic_mba	state_add_const	state0;flags0;u16_0	unsolved_by_current_templates			4107	random_differential_against_compiled_original_not_formal_proof	state0 - flags0 ^ 0xc7e744f ^ 0x623ccce4 & 0xd4da920 | flags0 ^ 0xc7e744f ^ 0x225dfa31 - 0x6110d031 ^ 0x3fcb6e9a ^ flags0 ^ 0xc7e744f + 0x60a9dba6 | u16_0 ^ state0 - flags0 ^ 0xc7e744f ^ 0x623ccce4 & 0xd4da920 | flags0 ^ 0xc7e744f ^ 0x225dfa31 - 0x6110d031 ^ 0x3fcb6e9a ^ flags0 ^ 0xc7e744f + 0x60a9dba6
82	vmop_082_plus0x3_state_add_const_slot_mba_stateful	algebraic_mba	state_add_const	state0;flags0;u16_0	unsolved_by_current_templates			4107	random_differential_against_compiled_original_not_formal_proof	state0 + flags0 + 0x1bc90d20 | 0x2d688b3e - u16_0 + state0 + flags0 + 0x1bc90d20 | 0x2d688b3e + 0x5cc5e4d8
83	vmop_083_plus0x5_state_add_const_slot_multi_path	algebraic_mba	state_add_const	state0;flags0;u16_0	unsolved_by_current_templates			4107	random_differential_against_compiled_original_not_formal_proof	state0 & 0x122d7f19 | flags0 + 0x60e2eab8 - 0x34a4c404 - u16_0 + state0 & 0x122d7f19 | flags0 + 0x60e2eab8 - 0x34a4c404 ^ 0x4b7ebb84
88	vmop_088_plus0x5_state_add_const_slot_multi_path	algebraic_mba	state_add_const	state0;flags0;u16_1	unsolved_by_current_templates			4107	random_differential_against_compiled_original_not_formal_proof	state0 | flags0 - 0x1c9cfcea ^ u16_1 + state0 | flags0 - 0x1c9cfcea ^ 0x415462f5
90	vmop_090_plus0x4_state_add_const_slot_mba_stateful	algebraic_mba	state_add_const	state0;flags0;u16_0;u16_2	unsolved_by_current_templates			4107	random_differential_against_compiled_original_not_formal_proof	state0 + flags0 + flags0 + 0x1c1030c0 + flags0 & 0x4b6fdae0 | 0x4357e3c2 & u16_2 - state0 + flags0 + flags0 + 0x1c1030c0 + flags0 & 0x4b6fdae0 | 0x4357e3c2 + flags0 & 0x4b6fdae0 | 0x59296ab9 | flags0 & 0x4b6fdae0 | 0x3296b63d ^ 0x6ee390ce ^ u16_0 + 0x224914c1
91	vmop_091_plus0x4_state_add_const_slot_mba_stateful	algebraic_mba	state_add_const	state0;u16_0	candidate_simplified	identity	u16_0	4107	random_differential_against_compiled_original_not_formal_proof	state0 ^ u16_0 ^ state0
92	vmop_092_plus0x4_state_add_const_slot_multi_path	algebraic_mba	state_add_const	state0;flags0;u16_0;u16_2	unsolved_by_current_templates			4107	random_differential_against_compiled_original_not_formal_proof	state0 & u16_2 ^ state0 ^ flags0 | 0x39591837 | flags0 | 0x39591837 | 0x1002fee7 + 0x2efa2a96 ^ u16_0 + state0 & u16_2 ^ state0 ^ flags0 | 0x39591837 | flags0 | 0x39591837 | 0x1002fee7 + 0x2efa2a96 + 0x604aa997
94	vmop_094_plus0x5_state_add_const_slot_multi_path	algebraic_mba	state_add_const	state0;flags0;u16_1	unsolved_by_current_templates			4107	random_differential_against_compiled_original_not_formal_proof	state0 & flags0 ^ state0 + 0x551fa912 & 0x7af574e5 + flags0 ^ state0 + 0x551fa912 | 0x23f8268c - u16_1 ^ state0 & flags0 ^ state0 + 0x551fa912 & 0x7af574e5 + flags0 ^ state0 + 0x551fa912 | 0x23f8268c
95	vmop_095_plus0xa_state_preserve_slot_mba_stateful	algebraic_mba	state_preserve	state0;u16_4	unsolved_by_current_templates			4107	random_differential_against_compiled_original_not_formal_proof	state0 ^ u16_4 + 0x1f18e1aa
99	vmop_099_plus0x5_state_add_const_slot_mba_stateful	algebraic_mba	state_add_const	state0;u16_1	unsolved_by_current_templates			4107	random_differential_against_compiled_original_not_formal_proof	state0 & u16_1 ^ state0 - 0x48503105
101	vmop_101_plus0xd_state_add_const_slot_mba_stateful	algebraic_mba	state_add_const	state0;u16_11	unsolved_by_current_templates			4107	random_differential_against_compiled_original_not_formal_proof	state0 & u16_11 ^ state0 ^ 0x44422ebb
102	vmop_102_plus0xd_state_preserve_slot_mba_stateful	algebraic_mba	state_preserve	state0	candidate_simplified	identity	state0	4107	random_differential_against_compiled_original_not_formal_proof	state0
107	vmop_107_plus0x5_state_add_const_slot_mba_stateful	algebraic_mba	state_add_const	state0;u16_0	unsolved_by_current_templates			4107	random_differential_against_compiled_original_not_formal_proof	state0 - u16_0 ^ state0
108	vmop_108_plus0x2_state_add_const_slot_mba_stateful	algebraic_mba	state_add_const	state0;flags0	unsolved_by_current_templates			4107	random_differential_against_compiled_original_not_formal_proof	state0 + 0x11961dc7 ^ 0x5fa19cc7 - flags0
112	vmop_112_plus0x5_state_formula_slot_unknown	dispatch_unknown	state_formula	state0;flags0;u16_3	unsolved_by_current_templates			4107	random_differential_against_compiled_original_not_formal_proof	state0 & flags0 ^ 0x40561547 - flags0 & 0x1340e310 + 0x2d8111d9 | flags0 & state0 & flags0 ^ 0x40561547 - flags0 & 0x1340e310 + 0x2d8111d9 & 0x25637e96 | 0x488765f3 + state0 & flags0 ^ 0x40561547 - flags0 & 0x1340e310 + 0x2d8111d9 + 0x2aab3c50 ^ state0 & flags0 ^ 0x40561547 - flags0 & 0x1340e310 + 0x2d8111d9 + 0x7d6325a & 0x26dc7059 ^ u16_3 ^ state0 & flags0 ^ 0x40561547 - flags0 & 0x1340e310 + 0x2d8111d9 | flags0 & state0 & flags0 ^ 0x40561547 - flags0 & 0x1340e310 + 0x2d8111d9 & 0x25637e96 | 0x488765f3 + state0 & flags0 ^ 0x40561547 - flags0 & 0x1340e310 + 0x2d8111d9 + 0x2aab3c50 ^ state0 & flags0 ^ 0x40561547 - flags0 & 0x1340e310 + 0x2d8111d9 + 0x7d6325a & 0x26dc7059 + 0x2bd71820
114	vmop_114_plus0x4_state_add_const_slot_multi_path	algebraic_mba	state_add_const	state0;flags0;u16_0;u16_2	unsolved_by_current_templates			4107	random_differential_against_compiled_original_not_formal_proof	state0 ^ flags0 & state0 | 0x6729b5bf - 0x3dca653f ^ 0x671da5f4 + state0 & 0x48367f78 ^ 0x63bb548f + flags0 & state0 | 0x6729b5bf - 0x3dca653f ^ 0x671da5f4 + state0 & 0x292b555d ^ u16_2 + state0 ^ flags0 & state0 | 0x6729b5bf - 0x3dca653f ^ 0x671da5f4 + state0 & 0x48367f78 ^ 0x63bb548f + flags0 & state0 | 0x6729b5bf - 0x3dca653f ^ 0x671da5f4 + state0 & 0x292b555d + flags0 & state0 | 0x6729b5bf - 0x3dca653f ^ 0x671da5f4 + state0 - 0x3b2cb159 & 0xfc7215c & 0x662844c - 0x7bdaf9d9 ^ 0x257a9d7d ^ 0x665346b9 + flags0 & state0 | 0x6729b5bf - 0x3dca653f ^ 0x671da5f4 + state0 - 0x3b2cb159 & 0xfc7215c & 0x662844c - 0x7bdaf9d9 ^ 0x257a9d7d ^ 0x665346b9 & 0x1c8b6fee ^ 0x6b040388 - u16_0 + state0 ^ flags0 & state0 | 0x6729b5bf - 0x3dca653f ^ 0x671da5f4 + state0 & 0x48367f78 ^ 0x63bb548f + flags0 & state0 | 0x6729b5bf - 0x3dca653f ^ 0x671da5f4 + state0 & 0x292b555d ^ u16_2 + state0 ^ flags0 & state0 | 0x6729b5bf - 0x3dca653f ^ 0x671da5f4 + state0 & 0x48367f78 ^ 0x63bb548f + flags0 & state0 | 0x6729b5bf - 0x3dca653f ^ 0x671da5f4 + state0 & 0x292b555d + flags0 & state0 | 0x6729b5bf - 0x3dca653f ^ 0x671da5f4 + state0 - 0x3b2cb159 & 0xfc7215c & 0x662844c - 0x7bdaf9d9 ^ 0x257a9d7d ^ 0x665346b9 + flags0 & state0 | 0x6729b5bf - 0x3dca653f ^ 0x671da5f4 + state0 - 0x3b2cb159 & 0xfc7215c & 0x662844c - 0x7bdaf9d9 ^ 0x257a9d7d ^ 0x665346b9 & 0x1c8b6fee ^ 0x6b040388 + 0x667e49d1
117	vmop_117_minus0x40_sampled_backedge_slot_unknown	dispatch_unknown	sampled_backedge	state0	candidate_simplified	identity	state0	4107	random_differential_against_compiled_original_not_formal_proof	state0
118	vmop_118_plus0x3_state_formula_slot_mba_stateful	algebraic_mba	state_formula	state0;u16_1	unsolved_by_current_templates			4107	random_differential_against_compiled_original_not_formal_proof	state0 & u16_1 ^ state0 - 0x52d3aa4
119	vmop_119_plus0x6_state_add_const_slot_mba_stateful	algebraic_mba	state_add_const	state0;u16_4	unsolved_by_current_templates			4107	random_differential_against_compiled_original_not_formal_proof	state0 | u16_4 ^ state0 + 0x7e7974a5
121	vmop_121_plus0x4_state_add_const_slot_mba_stateful	algebraic_mba	state_add_const	state0;flags0;u16_0	unsolved_by_current_templates			4107	random_differential_against_compiled_original_not_formal_proof	state0 ^ flags0 + 0x3154e54a - 0x288d43ba + u16_0 + state0 ^ flags0 + 0x3154e54a - 0x288d43ba - flags0
122	vmop_122_plus0x5_state_add_const_slot_mba_stateful	algebraic_mba	state_add_const	state0;flags0;u16_0	unsolved_by_current_templates			4107	random_differential_against_compiled_original_not_formal_proof	state0 + flags0 - u16_0 + state0 + flags0 + 0x1af9be18
123	vmop_123_plus0x4_state_add_const_slot_mba_stateful	algebraic_mba	state_add_const	state0;u16_0	unsolved_by_current_templates			4107	random_differential_against_compiled_original_not_formal_proof	state0 + 0x3da77425 - u16_0 - state0 + 0x3da77425 ^ 0x1603b0a9
124	vmop_124_plus0x6_state_add_const_slot_multi_path	algebraic_mba	state_add_const	state0;flags0;u16_4;u32_0	unsolved_by_current_templates			4107	random_differential_against_compiled_original_not_formal_proof	state0 - 0x7c31e804 ^ flags0 + 0x57b29524 - 0x2c2f20af ^ 0x2bb25e3 | 0x50ef8024 + flags0 + 0x57b29524 - 0x2c2f20af - state0 - 0x7c31e804 ^ flags0 + 0x57b29524 - 0x2c2f20af ^ 0x2bb25e3 | 0x50ef8024 ^ flags0 + 0x57b29524 - 0x2c2f20af - state0 - 0x7c31e804 ^ flags0 + 0x57b29524 - 0x2c2f20af ^ 0x2bb25e3 | 0x50ef8024 & u32_0 - state0 - 0x7c31e804 ^ flags0 + 0x57b29524 - 0x2c2f20af ^ 0x2bb25e3 | 0x50ef8024 + flags0 + 0x57b29524 - 0x2c2f20af - state0 - 0x7c31e804 ^ flags0 + 0x57b29524 - 0x2c2f20af ^ 0x2bb25e3 | 0x50ef8024 ^ flags0 + 0x57b29524 - 0x2c2f20af - state0 - 0x7c31e804 ^ flags0 + 0x57b29524 - 0x2c2f20af ^ 0x2bb25e3 | 0x50ef8024 - u16_4 + state0 - 0x7c31e804 ^ flags0 + 0x57b29524 - 0x2c2f20af ^ 0x2bb25e3 | 0x50ef8024 + flags0 + 0x57b29524 - 0x2c2f20af - state0 - 0x7c31e804 ^ flags0 + 0x57b29524 - 0x2c2f20af ^ 0x2bb25e3 | 0x50ef8024 ^ flags0 + 0x57b29524 - 0x2c2f20af - state0 - 0x7c31e804 ^ flags0 + 0x57b29524 - 0x2c2f20af ^ 0x2bb25e3 | 0x50ef8024 & u32_0 - state0 - 0x7c31e804 ^ flags0 + 0x57b29524 - 0x2c2f20af ^ 0x2bb25e3 | 0x50ef8024 + flags0 + 0x57b29524 - 0x2c2f20af - state0 - 0x7c31e804 ^ flags0 + 0x57b29524 - 0x2c2f20af ^ 0x2bb25e3 | 0x50ef8024 ^ flags0 + 0x57b29524 - 0x2c2f20af - state0 - 0x7c31e804 ^ flags0 + 0x57b29524 - 0x2c2f20af ^ 0x2bb25e3 | 0x50ef8024 ^ 0x3654c1a7
125	vmop_125_plus0x5_state_formula_slot_mba_stateful	algebraic_mba	state_formula	state0;u16_0	unsolved_by_current_templates			4107	random_differential_against_compiled_original_not_formal_proof	state0 & u16_0 + state0 - 0x7b275316
127	vmop_127_plus0x5_state_add_const_slot_mba_stateful	algebraic_mba	state_add_const	state0;u16_0	unsolved_by_current_templates			4107	random_differential_against_compiled_original_not_formal_proof	state0 | u16_0 - state0 + 0xf376a6a
128	vmop_128_plus0x5_state_add_const_slot_multi_path	algebraic_mba	state_add_const	state0;flags0;u16_1;u16_3	unsolved_by_current_templates			4107	random_differential_against_compiled_original_not_formal_proof	state0 & flags0 & 0x7036ea56 + 0x277b426c - 0x57b04ce2 - flags0 ^ 0x46f37ee7 & 0x706a6a76 - 0x32c25a60 + 0x63f5af32 | 0x36a392ff | 0x38cd3aec - u16_1 + state0 & flags0 & 0x7036ea56 + 0x277b426c - 0x57b04ce2 - flags0 ^ 0x46f37ee7 & 0x706a6a76 - 0x32c25a60 + 0x63f5af32 | 0x36a392ff | 0x38cd3aec + flags0 ^ 0x46f37ee7 & 0x706a6a76 - 0x32c25a60 + 0x63f5af32 - 0x1a4f949c - 0x4e6b72c6 | 0x7b467141 & u16_3 ^ state0 & flags0 & 0x7036ea56 + 0x277b426c - 0x57b04ce2 - flags0 ^ 0x46f37ee7 & 0x706a6a76 - 0x32c25a60 + 0x63f5af32 | 0x36a392ff | 0x38cd3aec - u16_1 + state0 & flags0 & 0x7036ea56 + 0x277b426c - 0x57b04ce2 - flags0 ^ 0x46f37ee7 & 0x706a6a76 - 0x32c25a60 + 0x63f5af32 | 0x36a392ff | 0x38cd3aec + flags0 ^ 0x46f37ee7 & 0x706a6a76 - 0x32c25a60 + 0x63f5af32 - 0x1a4f949c - 0x4e6b72c6 | 0x7b467141 + 0x539da50e
129	vmop_129_plus0x3_state_add_const_slot_multi_path	algebraic_mba	state_add_const	state0;flags0;u16_0	unsolved_by_current_templates			4107	random_differential_against_compiled_original_not_formal_proof	state0 & flags0 | 0x77ecded8 + 0x14f8aa88 + 0x5f119f37 + flags0 + state0 & flags0 | 0x77ecded8 + 0x14f8aa88 + 0x5f119f37 - 0x42c8b2fa - 0x3f4e9109 + 0x5d5f2ae2 & 0x63b683d & u16_0 - state0 & flags0 | 0x77ecded8 + 0x14f8aa88 + 0x5f119f37 + flags0 + state0 & flags0 | 0x77ecded8 + 0x14f8aa88 + 0x5f119f37 - 0x42c8b2fa - 0x3f4e9109 + 0x5d5f2ae2 & 0x63b683d
130	vmop_130_plus0x5_state_add_const_slot_multi_path	algebraic_mba	state_add_const	state0;flags0;u16_0	unsolved_by_current_templates			4107	random_differential_against_compiled_original_not_formal_proof	state0 | flags0 - state0 + 0x42718c2a + flags0 - state0 + 0x42718c2a + 0x3941798 - 0x1b3f106e & 0x3a044344 | u16_0 + state0 | flags0 - state0 + 0x42718c2a + flags0 - state0 + 0x42718c2a + 0x3941798 - 0x1b3f106e & 0x3a044344 - 0x5121ff33
131	vmop_131_plus0x5_state_formula_slot_multi_path	algebraic_mba	state_formula	state0;flags0;u16_1	unsolved_by_current_templates			4107	random_differential_against_compiled_original_not_formal_proof	state0 | 0x8fb57c3 - 0x45a18ca4 | flags0 + 0x75229706 - 0x1ec4fc3d - state0 | 0x8fb57c3 + 0x4674713d ^ 0x4382f497 - 0x95703a1 ^ 0xea909d9 - flags0 + 0x75229706 - 0x1ec4fc3d - state0 | 0x8fb57c3 + 0x4674713d ^ 0x4382f497 - 0x95703a1 ^ 0xea909d9 ^ 0x7099ef27 - 0x248dd823 - flags0 + 0x75229706 - 0x1ec4fc3d - state0 | 0x8fb57c3 + 0x4674713d ^ 0x4382f497 - 0x95703a1 ^ 0xea909d9 ^ 0x7099ef27 - 0x248dd823 - u16_1 + state0 | 0x8fb57c3 - 0x45a18ca4 | flags0 + 0x75229706 - 0x1ec4fc3d - state0 | 0x8fb57c3 + 0x4674713d ^ 0x4382f497 - 0x95703a1 ^ 0xea909d9 - flags0 + 0x75229706 - 0x1ec4fc3d - state0 | 0x8fb57c3 + 0x4674713d ^ 0x4382f497 - 0x95703a1 ^ 0xea909d9 ^ 0x7099ef27 - 0x248dd823 - flags0 + 0x75229706 - 0x1ec4fc3d - state0 | 0x8fb57c3 + 0x4674713d ^ 0x4382f497 - 0x95703a1 ^ 0xea909d9 ^ 0x7099ef27 - 0x248dd823 ^ 0x1d802c44
136	vmop_136_plus0x5_state_add_const_slot_mba_stateful	algebraic_mba	state_add_const	state0;u16_0	unsolved_by_current_templates			4107	random_differential_against_compiled_original_not_formal_proof	state0 | u16_0 ^ state0 - 0x2eae4eac
140	vmop_140_plus0x6_state_add_const_slot_multi_path	algebraic_mba	state_add_const	state0;flags0;u16_0	unsolved_by_current_templates			4107	random_differential_against_compiled_original_not_formal_proof	state0 - flags0 - 0x6f549f79 - state0 | 0xf17c331 | 0x16a9ca8c + u16_0 ^ state0 - flags0 - 0x6f549f79 - state0 | 0xf17c331 | 0x16a9ca8c ^ 0x6e089feb
142	vmop_142_plus0xa_state_formula_slot_unknown	dispatch_unknown	state_formula	state0;flags0;u16_8;u32_0	unsolved_by_current_templates			4107	random_differential_against_compiled_original_not_formal_proof	state0 ^ flags0 ^ 0x7e4feaa1 ^ 0x2968389e | flags0 | state0 ^ flags0 ^ 0x7e4feaa1 ^ 0x2968389e ^ 0x2de9e0a2 + 0x295d79d4 | 0x6a70639e - 0x2ed5a434 | flags0 | state0 ^ flags0 ^ 0x7e4feaa1 ^ 0x2968389e ^ 0x2de9e0a2 - 0x5f23a362 ^ 0x5f9390ae ^ 0x6209aa88 + u32_0 ^ state0 ^ flags0 ^ 0x7e4feaa1 ^ 0x2968389e | flags0 | state0 ^ flags0 ^ 0x7e4feaa1 ^ 0x2968389e ^ 0x2de9e0a2 + 0x295d79d4 | 0x6a70639e - 0x2ed5a434 | flags0 | state0 ^ flags0 ^ 0x7e4feaa1 ^ 0x2968389e ^ 0x2de9e0a2 - 0x5f23a362 ^ 0x5f9390ae ^ 0x6209aa88 + flags0 | state0 ^ flags0 ^ 0x7e4feaa1 ^ 0x2968389e ^ 0x2de9e0a2 ^ state0 ^ flags0 ^ 0x7e4feaa1 ^ 0x2968389e | flags0 | state0 ^ flags0 ^ 0x7e4feaa1 ^ 0x2968389e ^ 0x2de9e0a2 + 0x295d79d4 | 0x6a70639e - 0x2ed5a434 | flags0 | state0 ^ flags0 ^ 0x7e4feaa1 ^ 0x2968389e ^ 0x2de9e0a2 - 0x5f23a362 ^ 0x5f9390ae | 0x2fd9e422 | state0 ^ flags0 ^ 0x7e4feaa1 ^ 0x2968389e | flags0 | state0 ^ flags0 ^ 0x7e4feaa1 ^ 0x2968389e ^ 0x2de9e0a2 + 0x295d79d4 | 0x6a70639e - 0x2ed5a434 | flags0 | state0 ^ flags0 ^ 0x7e4feaa1 ^ 0x2968389e ^ 0x2de9e0a2 - 0x5f23a362 ^ 0x5f9390ae + 0x56d385ee ^ flags0 | state0 ^ flags0 ^ 0x7e4feaa1 ^ 0x2968389e ^ 0x2de9e0a2 ^ state0 ^ flags0 ^ 0x7e4feaa1 ^ 0x2968389e | flags0 | state0 ^ flags0 ^ 0x7e4feaa1 ^ 0x2968389e ^ 0x2de9e0a2 + 0x295d79d4 | 0x6a70639e - 0x2ed5a434 | flags0 | state0 ^ flags0 ^ 0x7e4feaa1 ^ 0x2968389e ^ 0x2de9e0a2 - 0x5f23a362 ^ 0x5f9390ae | 0x2fd9e422 | state0 ^ flags0 ^ 0x7e4feaa1 ^ 0x2968389e | flags0 | state0 ^ flags0 ^ 0x7e4feaa1 ^ 0x2968389e ^ 0x2de9e0a2 + 0x295d79d4 | 0x6a70639e - 0x2ed5a434 | flags0 | state0 ^ flags0 ^ 0x7e4feaa1 ^ 0x2968389e ^ 0x2de9e0a2 - 0x5f23a362 ^ 0x5f9390ae + 0x56d385ee - 0x18594029 - u16_8
144	vmop_144_plus0x2_state_mixed_slot_mba_stateful	algebraic_mba	state_mixed	state0;u16_0	unsolved_by_current_templates			4107	random_differential_against_compiled_original_not_formal_proof	state0 & 0x61f88068 & 0x1d022eee ^ 0x6367b3dd & u16_0 ^ state0 & 0x61f88068 & 0x1d022eee ^ 0x6367b3dd - 0x2f1222e2
145	vmop_145_plus0x139_sampled_long_or_sparse_slot_unknown	dispatch_unknown	sampled_long_or_sparse	state0	candidate_simplified	identity	state0	4107	random_differential_against_compiled_original_not_formal_proof	state0
146	vmop_146_plus0x5_state_add_const_slot_multi_path	algebraic_mba	state_add_const	state0;flags0;u16_1;u16_3	unsolved_by_current_templates			4107	random_differential_against_compiled_original_not_formal_proof	state0 + flags0 ^ 0x2e312e01 & flags0 & 0xa6d4251 ^ 0x409c2e61 + 0x7d882664 + 0x4a5b7e16 ^ u16_3 + flags0 & 0xa6d4251 ^ 0x409c2e61 ^ u16_1 - state0 + flags0 ^ 0x2e312e01 & flags0 & 0xa6d4251 ^ 0x409c2e61 + 0x7d882664 + 0x4a5b7e16 ^ u16_3 + flags0 & 0xa6d4251 ^ 0x409c2e61 + 0x2cff1885
148	vmop_148_plus0x5_state_add_const_slot_mba_stateful	algebraic_mba	state_add_const	state0;flags0	candidate_simplified	and2_add_const	(state0 & flags0) + 0x0u	4107	random_differential_against_compiled_original_not_formal_proof	state0 & flags0
151	vmop_151_plus0x5_state_add_const_slot_mba_stateful	algebraic_mba	state_add_const	state0;flags0;u16_3	unsolved_by_current_templates			4107	random_differential_against_compiled_original_not_formal_proof	state0 + flags0 ^ u16_3 + state0 + flags0 + 0x77236c60
153	vmop_153_plus0x5_state_add_const_slot_mba_stateful	algebraic_mba	state_add_const	state0;u16_0	candidate_simplified	xor_const	u16_0 ^ 0x6f642592u	4107	random_differential_against_compiled_original_not_formal_proof	state0 + u16_0 - state0 ^ 0x6f642592
154	vmop_154_plus0x4_state_add_const_slot_multi_path	algebraic_mba	state_add_const	state0;flags0;u16_0;u16_2	unsolved_by_current_templates			4107	random_differential_against_compiled_original_not_formal_proof	state0 - u16_2 ^ state0 - flags0 + 0x60c316f3 & 0x56154baf + 0xbc52893 & 0x57dbe69e | 0x7ed018fb + flags0 + 0x60c316f3 & 0x56154baf + 0xbc52893 & 0x57dbe69e | 0x7ed018fb ^ 0x18426e67 - u16_0 - state0 - u16_2 ^ state0 - flags0 + 0x60c316f3 & 0x56154baf + 0xbc52893 & 0x57dbe69e | 0x7ed018fb + flags0 + 0x60c316f3 & 0x56154baf + 0xbc52893 & 0x57dbe69e | 0x7ed018fb ^ 0x18426e67 - 0x6535d747
157	vmop_157_plus0x4_state_add_const_slot_multi_path	algebraic_mba	state_add_const	state0;flags0;u16_0;u16_2	unsolved_by_current_templates			4107	random_differential_against_compiled_original_not_formal_proof	state0 ^ 0x2f4dfd84 + u16_2 | 0x1f5cd114 - flags0 + 0x3f0d8c6a + 0x2832271c ^ 0x520e3305 & 0x7edaa354 ^ 0x68e1604d ^ 0x3d2638af & state0 ^ 0x2f4dfd84 + u16_2 ^ u16_0 + state0 ^ 0x2f4dfd84 + u16_2 | 0x1f5cd114 - flags0 + 0x3f0d8c6a + 0x2832271c ^ 0x520e3305 & 0x7edaa354 ^ 0x68e1604d ^ 0x3d2638af & state0 ^ 0x2f4dfd84 + u16_2 ^ 0x17d39c9f
158	vmop_158_plus0x4_state_add_const_slot_multi_path	algebraic_mba	state_add_const	state0;flags0;u16_2	unsolved_by_current_templates			4107	random_differential_against_compiled_original_not_formal_proof	state0 ^ 0x1fbfc3f3 ^ flags0 ^ 0x3c39b020 ^ 0x1f711c95 | 0xfb6049e ^ flags0 ^ 0x3c39b020 + u16_2 + state0 ^ 0x1fbfc3f3 ^ flags0 ^ 0x3c39b020 ^ 0x1f711c95 | 0xfb6049e ^ flags0 ^ 0x3c39b020 ^ 0x3ffdb46c
160	vmop_160_plus0x2_state_const_post_slot_multi_path	algebraic_mba	state_const_post	state0;u16_0	unsolved_by_current_templates			4107	random_differential_against_compiled_original_not_formal_proof	state0 | 0x67f1fed6 & 0x256c03d7 | 0x72df8f7a & 0x5a1beb81 | u16_0 ^ state0 | 0x67f1fed6 & 0x256c03d7 | 0x72df8f7a & 0x5a1beb81 - 0x4cf19f11
161	vmop_161_plus0x4_state_add_const_slot_multi_path	algebraic_mba	state_add_const	state0	candidate_simplified	or_mask	state0 | 0x69145e52u	4107	random_differential_against_compiled_original_not_formal_proof	state0 | 0x69145e52
167	vmop_167_plus0x6_state_add_const_slot_mba_stateful	algebraic_mba	state_add_const	state0;u16_4	unsolved_by_current_templates			4107	random_differential_against_compiled_original_not_formal_proof	state0 - u16_4 ^ state0 ^ 0x5f92615
168	vmop_168_plus0x4_state_add_const_slot_multi_path	algebraic_mba	state_add_const	state0;flags0;u16_0;u16_2	unsolved_by_current_templates			4107	random_differential_against_compiled_original_not_formal_proof	state0 | 0x6899d5d4 & u16_0 + flags0 & 0x66031b5e - 0x2eab70d9 ^ 0x7c2abc25 & 0x46cbe42d & 0x69af076d | 0x4ee70776 & u16_2 + state0 | 0x6899d5d4 & u16_0 + flags0 & 0x66031b5e - 0x2eab70d9 ^ 0x7c2abc25 & 0x46cbe42d & 0x69af076d | 0x4ee70776 + 0x553030a2
172	vmop_172_plus0x4_state_add_const_slot_mba_stateful	algebraic_mba	state_add_const	state0;flags0;u16_0;u16_2	unsolved_by_current_templates			4107	random_differential_against_compiled_original_not_formal_proof	state0 ^ 0x7070916c - 0x6ecee241 + u16_0 ^ state0 ^ 0x7070916c - 0x6ecee241 ^ flags0 ^ 0x15bf847f & state0 | 0x3eba9edf | u16_2 ^ 0x715f0a33
173	vmop_173_plus0x2_state_add_const_slot_multi_path	algebraic_mba	state_add_const	state0;flags0;u16_0	unsolved_by_current_templates			4107	random_differential_against_compiled_original_not_formal_proof	state0 + 0x5eced92d ^ 0x456d7018 | 0xebbbd20 & flags0 - state0 + 0x5eced92d | 0x1f8bac4c & 0x74128b65 & u16_0 ^ state0 + 0x5eced92d ^ 0x456d7018 | 0xebbbd20 & flags0 - state0 + 0x5eced92d | 0x1f8bac4c & 0x74128b65 + 0x1f118051
174	vmop_174_plus0x4_state_add_const_slot_mba_stateful	algebraic_mba	state_add_const	state0;flags0;u16_0	unsolved_by_current_templates			4107	random_differential_against_compiled_original_not_formal_proof	state0 - flags0 & flags0 ^ flags0 + flags0 ^ 0x5fa9d2b1 | u16_0 + state0 - flags0 & flags0 ^ flags0 + flags0 ^ 0x5fa9d2b1 + 0x397fd954
175	vmop_175_plus0x2cef7_central_or_long_slot_unknown	dispatch_unknown	central_or_long	state0;flags0	unsolved_by_current_templates			4107	random_differential_against_compiled_original_not_formal_proof	state0 & flags0 & 0x2c46ace3 | flags0 - 0x14b22a15
176	vmop_176_plus0x4_state_add_const_slot_multi_path	algebraic_mba	state_add_const	state0;flags0	unsolved_by_current_templates			4107	random_differential_against_compiled_original_not_formal_proof	state0 & flags0 & 0x2c46ace3 | flags0 - 0x14b22a15
179	vmop_179_plus0x5_state_add_const_slot_multi_path	algebraic_mba	state_add_const	state0;flags0;u16_1;u16_3	unsolved_by_current_templates			4107	random_differential_against_compiled_original_not_formal_proof	state0 | flags0 ^ u16_3 ^ flags0 + 0x7ef33dc5 ^ u16_1 - state0 | flags0 ^ u16_3 ^ flags0 + 0x7ef33dc5 - 0x263c3887
180	vmop_180_plus0x4_state_mixed_slot_mba_stateful	algebraic_mba	state_mixed	state0;u16_0	unsolved_by_current_templates			4107	random_differential_against_compiled_original_not_formal_proof	state0 | u16_0 + 0x7920fa05
181	vmop_181_plus0x6_state_add_const_slot_mba_stateful	algebraic_mba	state_add_const	state0;u16_4	candidate_simplified	const_sub	0x0u - u16_4	4107	random_differential_against_compiled_original_not_formal_proof	state0 - u16_4 - state0
183	vmop_183_plus0x4_state_add_const_slot_mba_stateful	algebraic_mba	state_add_const	state0;u16_2	unsolved_by_current_templates			4107	random_differential_against_compiled_original_not_formal_proof	state0 + 0xfaa325c ^ 0x694e1f66 | u16_2 - state0 + 0xfaa325c ^ 0x694e1f66 - 0x1aed554c
184	vmop_184_plus0x4_state_add_const_slot_multi_path	algebraic_mba	state_add_const	state0;flags0;u16_0	unsolved_by_current_templates			4107	random_differential_against_compiled_original_not_formal_proof	state0 | flags0 | 0x19d0d4d + 0x3c030b15 ^ flags0 + 0x7db9efb0 ^ flags0 - flags0 ^ flags0 + u16_0 - state0 | flags0 | 0x19d0d4d + 0x3c030b15 ^ flags0 + 0x7db9efb0 ^ flags0 - flags0 ^ flags0 + 0x3f05b2f0
185	vmop_185_plus0x3_state_add_const_slot_multi_path	algebraic_mba	state_add_const	state0;flags0;u16_0	unsolved_by_current_templates			4107	random_differential_against_compiled_original_not_formal_proof	state0 ^ flags0 | 0x17e55682 ^ 0x2000c224 & 0x1f29f35 + flags0 | 0x17e55682 + 0x28030c24 ^ 0x30d03eec | 0x7fa981a ^ 0x5ea8d1c5 | u16_0 ^ state0 ^ flags0 | 0x17e55682 ^ 0x2000c224 & 0x1f29f35 + flags0 | 0x17e55682 + 0x28030c24 ^ 0x30d03eec | 0x7fa981a ^ 0x5ea8d1c5
186	vmop_186_plus0x5_state_add_const_slot_mba_stateful	algebraic_mba	state_add_const	state0;u16_3	unsolved_by_current_templates			4107	random_differential_against_compiled_original_not_formal_proof	state0 & u16_3 + state0 + 0x72198f10
187	vmop_187_plus0x5_state_add_const_slot_mba_stateful	algebraic_mba	state_add_const	state0;u16_3	candidate_simplified	identity	u16_3	4107	random_differential_against_compiled_original_not_formal_proof	state0 + u16_3 - state0
188	vmop_188_plus0x5_state_formula_slot_unknown	dispatch_unknown	state_formula	state0;flags0;u16_0	unsolved_by_current_templates			4107	random_differential_against_compiled_original_not_formal_proof	state0 + 0x2bd68549 + flags0 - 0x4a4532ca + flags0 - u16_0 ^ state0 + 0x2bd68549 + flags0 - 0x4a4532ca + flags0 + 0x62c32dd8
189	vmop_189_plus0x4_state_add_const_slot_mba_stateful	algebraic_mba	state_add_const	state0;u16_2	unsolved_by_current_templates			4107	random_differential_against_compiled_original_not_formal_proof	state0 & 0x160e4f34 + u16_2 + state0 & 0x160e4f34 ^ 0x2a1ce984
190	vmop_190_plus0x5_state_add_const_slot_mba_stateful	algebraic_mba	state_add_const	state0;u16_3	unsolved_by_current_templates			4107	random_differential_against_compiled_original_not_formal_proof	state0 & u16_3 + state0 + 0x20f4b909
192	vmop_192_plus0x5_state_add_const_slot_multi_path	algebraic_mba	state_add_const	state0;flags0;u16_0	unsolved_by_current_templates			4107	random_differential_against_compiled_original_not_formal_proof	state0 + flags0 + flags0 + state0 + flags0 ^ 0x5d641cd7 | 0x76a1e6e7 ^ 0x1ea5bfdc & 0x4f4379b7 | 0x563159ce + flags0 + state0 + flags0 ^ 0x5d641cd7 | 0x76a1e6e7 ^ 0x1ea5bfdc & 0x4f4379b7 | 0x563159ce - u16_0 ^ state0 + flags0 + flags0 + state0 + flags0 ^ 0x5d641cd7 | 0x76a1e6e7 ^ 0x1ea5bfdc & 0x4f4379b7 | 0x563159ce + flags0 + state0 + flags0 ^ 0x5d641cd7 | 0x76a1e6e7 ^ 0x1ea5bfdc & 0x4f4379b7 | 0x563159ce
195	vmop_195_minus0x2306_sampled_backedge_slot_unknown	dispatch_unknown	sampled_backedge	state0;flags0	unsolved_by_current_templates			4107	random_differential_against_compiled_original_not_formal_proof	state0 | 0x52e5924a + flags0 | 0x4083ed99 & state0 | 0x52e5924a ^ 0x20047816 & 0x7ca762c5 - 0x5ff2f608 + 0x789b1461 + 0x37b5a024 + 0x2e12e35a ^ 0x44fb7fdb + flags0 | 0x4083ed99 & state0 | 0x52e5924a ^ 0x20047816 & 0x7ca762c5 - 0x5ff2f608 + 0x789b1461 + 0x32c4b127 & 0x7c737923
196	vmop_196_plus0x4_state_add_const_slot_multi_path	algebraic_mba	state_add_const	state0;flags0	unsolved_by_current_templates			4107	random_differential_against_compiled_original_not_formal_proof	state0 | 0x52e5924a + flags0 | 0x4083ed99 & state0 | 0x52e5924a ^ 0x20047816 & 0x7ca762c5 - 0x5ff2f608 + 0x789b1461 + 0x37b5a024 + 0x2e12e35a ^ 0x44fb7fdb + flags0 | 0x4083ed99 & state0 | 0x52e5924a ^ 0x20047816 & 0x7ca762c5 - 0x5ff2f608 + 0x789b1461 + 0x32c4b127 & 0x7c737923
198	vmop_198_plus0x2_state_add_const_slot_mba_stateful	algebraic_mba	state_add_const	state0;flags0;u16_0	unsolved_by_current_templates			4107	random_differential_against_compiled_original_not_formal_proof	state0 + flags0 - 0x5e173fc7 - 0x3cd02127 + flags0 + 0x15b2dfa5 - u16_0 - state0 + flags0 - 0x5e173fc7 - 0x3cd02127 + flags0 + 0x15b2dfa5 ^ 0x3fe99379
199	vmop_199_plus0x3_state_add_const_slot_multi_path	algebraic_mba	state_add_const	state0;b2;flags0	unsolved_by_current_templates			4107	random_differential_against_compiled_original_not_formal_proof	state0 + b2 + flags0 ^ 0x7353b039 - 0x24d1328a ^ 0x7e708197 & 0x20d5418 + flags0 ^ 0x7353b039 - 0x24d1328a
201	vmop_201_plus0x5_state_add_const_slot_mba_stateful	algebraic_mba	state_add_const	state0;flags0;u16_2	unsolved_by_current_templates			4107	random_differential_against_compiled_original_not_formal_proof	state0 ^ flags0 ^ 0x1940e110 ^ 0x5efd26e6 & flags0 ^ 0x71fea721 ^ flags0 & 0x3f73d5c3 | 0x4f2c497c | 0x6499103 & flags0 & state0 ^ flags0 ^ 0x1940e110 ^ 0x5efd26e6 & flags0 ^ 0x71fea721 ^ flags0 & 0x3f73d5c3 | 0x4f2c497c + 0x2daa0966 - 0x708b6fb1 - 0x7e894c58 - u16_2 - 0x289c039
203	vmop_203_plus0x4_state_add_const_slot_mba_stateful	algebraic_mba	state_add_const	state0;flags0;u16_0	unsolved_by_current_templates			4107	random_differential_against_compiled_original_not_formal_proof	state0 - flags0 + 0x97da242 & flags0 + 0x97da242 ^ 0x370370f1 | 0x1f1759c | flags0 + 0x97da242 & state0 - flags0 + 0x97da242 & flags0 + 0x97da242 ^ 0x370370f1 | 0x1f1759c & 0x71376753 + 0x2c217984 | 0x24d2add8 & 0x6ef19bee - flags0 + 0x97da242 & state0 - flags0 + 0x97da242 & flags0 + 0x97da242 ^ 0x370370f1 | 0x1f1759c & 0x71376753 + 0x2c217984 - 0x32825086 - 0x1f5b0269 & u16_0 ^ 0x4ccb9807
208	vmop_208_plus0x5_state_add_const_slot_multi_path	algebraic_mba	state_add_const	state0;flags0;u16_3	unsolved_by_current_templates			4107	random_differential_against_compiled_original_not_formal_proof	state0 + flags0 - 0x24472eba ^ 0x60ff2036 + 0x7627b830 - 0x42fb6768 ^ state0 + 0x7ad87935 ^ 0x39b69246 ^ state0 | 0x7a909dc0 ^ 0x58abcfc7 | 0x1477a707 - flags0 - 0x24472eba ^ 0x60ff2036 + 0x7627b830 - 0x42fb6768 ^ state0 + 0x7ad87935 ^ 0x39b69246 ^ state0 | 0x7a909dc0 ^ 0x58abcfc7 | 0x72f7690f & flags0 - 0x24472eba ^ 0x60ff2036 + 0x7627b830 - 0x42fb6768 ^ state0 + 0x7ad87935 ^ 0x39b69246 ^ state0 | 0x7a909dc0 ^ 0x58abcfc7 | 0x7be050b - 0x790391ce & 0x37c3d0a5 | 0x73f21f4d - u16_3 - state0 + flags0 - 0x24472eba ^ 0x60ff2036 + 0x7627b830 - 0x42fb6768 ^ state0 + 0x7ad87935 ^ 0x39b69246 ^ state0 | 0x7a909dc0 ^ 0x58abcfc7 | 0x1477a707 - flags0 - 0x24472eba ^ 0x60ff2036 + 0x7627b830 - 0x42fb6768 ^ state0 + 0x7ad87935 ^ 0x39b69246 ^ state0 | 0x7a909dc0 ^ 0x58abcfc7 | 0x72f7690f & flags0 - 0x24472eba ^ 0x60ff2036 + 0x7627b830 - 0x42fb6768 ^ state0 + 0x7ad87935 ^ 0x39b69246 ^ state0 | 0x7a909dc0 ^ 0x58abcfc7 | 0x7be050b - 0x790391ce & 0x37c3d0a5 | 0x73f21f4d
209	vmop_209_plus0x5_state_add_const_slot_multi_path	algebraic_mba	state_add_const	state0;flags0;u16_0	unsolved_by_current_templates			4107	random_differential_against_compiled_original_not_formal_proof	state0 & flags0 | 0x57058be5 ^ 0x36c108d8 | 0x22939484 ^ 0x55c2f3a2 - u16_0 ^ state0 & flags0 | 0x57058be5 ^ 0x36c108d8 | 0x22939484 ^ 0x55c2f3a2
210	vmop_210_plus0x30_sampled_long_or_sparse_slot_unknown	dispatch_unknown	sampled_long_or_sparse	state0	candidate_simplified	identity	state0	4107	random_differential_against_compiled_original_not_formal_proof	state0
214	vmop_214_plus0x5_state_add_const_slot_multi_path	algebraic_mba	state_add_const	state0;flags0;u16_0	unsolved_by_current_templates			4107	random_differential_against_compiled_original_not_formal_proof	state0 ^ flags0 + 0x784f7133 ^ 0x7e64782 & 0x5bda5c23 + 0x352ca91c | flags0 + 0x784f7133 & 0x4cc9d7b & 0x79233229 - 0x234dc07a - 0x2ce4baee - 0x3231759e - u16_0 + state0 ^ flags0 + 0x784f7133 ^ 0x7e64782 & 0x5bda5c23 + 0x352ca91c | flags0 + 0x784f7133 & 0x4cc9d7b & 0x79233229 - 0x234dc07a - 0x2ce4baee - 0x3231759e - 0x74a805eb
215	vmop_215_plus0x3_state_mixed_slot_u16_0	algebraic_mba	state_mixed	state0;b2;flags0;u16_0	unsolved_by_current_templates			4107	random_differential_against_compiled_original_not_formal_proof	state0 | 0x760f463f - flags0 | 0x77dcc51b ^ 0xee9796d ^ 0x717a207c + 0x15a799dd | 0x6c5f0f12 + b2 + state0 | 0x760f463f - flags0 | 0x77dcc51b ^ 0xee9796d ^ 0x717a207c + 0x15a799dd | 0x6c5f0f12 | 0x38d2bdd3 - u16_0
216	vmop_216_plus0xa_state_preserve_slot_mba_stateful	algebraic_mba	state_preserve	state0;flags0	candidate_simplified	xor2_const	state0 ^ flags0 ^ 0x0u	4107	random_differential_against_compiled_original_not_formal_proof	state0 ^ flags0
217	vmop_217_plus0x5_state_add_const_slot_mba_stateful	algebraic_mba	state_add_const	state0;flags0	candidate_simplified	xor2_const	state0 ^ flags0 ^ 0x0u	4107	random_differential_against_compiled_original_not_formal_proof	state0 ^ flags0
220	vmop_220_plus0x5_state_add_const_slot_multi_path	algebraic_mba	state_add_const	state0;flags0;u16_3	unsolved_by_current_templates			4107	random_differential_against_compiled_original_not_formal_proof	state0 | flags0 + 0x46462807 & 0x2332d827 - flags0 - state0 | flags0 & 0x4297c9dd + 0x6f8e6e16 ^ u16_3 - state0 | flags0 + 0x46462807 & 0x2332d827 - flags0 - state0 | flags0 & 0x4297c9dd + 0x6f8e6e16 + 0x8f8037a
222	vmop_222_plus0x5_state_add_const_slot_multi_path	algebraic_mba	state_add_const	state0;flags0;u16_0;u16_2	unsolved_by_current_templates			4107	random_differential_against_compiled_original_not_formal_proof	state0 + flags0 | 0x11da3648 & 0x169ceafa & u16_0 - state0 + flags0 | 0x11da3648 & 0x169ceafa + flags0 | 0x5b15ab43 | 0x4cc95222 | 0x70d72f46 | 0x30319008 | 0x39a63024 + flags0 | 0x5b15ab43 | 0x4cc95222 | 0x70d72f46 | 0x30319008 + 0x17d780ca ^ u16_2 + state0 + flags0 | 0x11da3648 & 0x169ceafa & u16_0 - state0 + flags0 | 0x11da3648 & 0x169ceafa + flags0 | 0x5b15ab43 | 0x4cc95222 | 0x70d72f46 | 0x30319008 | 0x39a63024 + flags0 | 0x5b15ab43 | 0x4cc95222 | 0x70d72f46 | 0x30319008 + 0x17d780ca - 0x29e369df
225	vmop_225_plus0x5_state_formula_slot_unknown	dispatch_unknown	state_formula	state0;flags0;u16_0	candidate_simplified	or2_add_const	(state0 | flags0) + 0x0u	4107	random_differential_against_compiled_original_not_formal_proof	state0 | flags0 & u16_0 ^ state0 | flags0
229	vmop_229_plus0x5_state_formula_slot_unknown	dispatch_unknown	state_formula	state0;flags0;u16_3	unsolved_by_current_templates			4107	random_differential_against_compiled_original_not_formal_proof	state0 ^ flags0 ^ 0x4a304ad7 - u16_3 ^ state0 ^ flags0 ^ 0x4a304ad7 ^ 0x381ae5a5
231	vmop_231_plus0x5_state_add_const_slot_mba_stateful	algebraic_mba	state_add_const	state0;flags0;u16_3	unsolved_by_current_templates			4107	random_differential_against_compiled_original_not_formal_proof	state0 + flags0 + 0x37d0b9a9 ^ 0x6307e167 + flags0 + 0x37d0b9a9 ^ 0x6307e167 ^ 0x69e2cccd ^ 0x500184b - 0x796ead7f & u16_3 - state0 + flags0 + 0x37d0b9a9 ^ 0x6307e167 + flags0 + 0x37d0b9a9 ^ 0x6307e167 ^ 0x69e2cccd ^ 0x500184b - 0x796ead7f + 0x5041c185
237	vmop_237_plus0x5_state_add_const_slot_multi_path	algebraic_mba	state_add_const	state0;flags0;u16_1	candidate_simplified	xor_const	u16_1 ^ 0xb7c30a76u	4107	random_differential_against_compiled_original_not_formal_proof	state0 - flags0 ^ 0x22900c8 - flags0 + 0x3fbeaa1d ^ 0x8178b71 - 0x4813dbc ^ u16_1 ^ state0 - flags0 ^ 0x22900c8 - flags0 + 0x3fbeaa1d ^ 0x8178b71 - 0x4813dbc - 0x4f4105f2
239	vmop_239_plus0x6_state_add_const_slot_mba_stateful	algebraic_mba	state_add_const	state0;flags0;u16_4;u32_0	unsolved_by_current_templates			4107	random_differential_against_compiled_original_not_formal_proof	state0 + 0x40a7aa16 + flags0 & 0x39d16b3e & u32_0 - state0 + 0x40a7aa16 + flags0 & 0x39d16b3e - u16_4 + state0 + 0x40a7aa16 + flags0 & 0x39d16b3e & u32_0 - state0 + 0x40a7aa16 + flags0 & 0x39d16b3e - 0x3650a0ae
240	vmop_240_plus0x5_state_add_const_slot_mba_stateful	algebraic_mba	state_add_const	state0;u16_3	candidate_simplified	const_sub	0x8413de69u - u16_3	4107	random_differential_against_compiled_original_not_formal_proof	state0 - u16_3 - state0 - 0x7bec2197
241	vmop_241_plus0xd_state_add_const_slot_mba_stateful	algebraic_mba	state_add_const	state0;u16_11	unsolved_by_current_templates			4107	random_differential_against_compiled_original_not_formal_proof	state0 - u16_11 + state0
242	vmop_242_plus0x5_state_formula_slot_mba_stateful	algebraic_mba	state_formula	state0;u16_3	unsolved_by_current_templates			4107	random_differential_against_compiled_original_not_formal_proof	state0 | u16_3 - state0 ^ 0x5c05e9b5
243	vmop_243_plus0x4_state_add_const_slot_multi_path	algebraic_mba	state_add_const	state0;flags0;u16_0	unsolved_by_current_templates			4107	random_differential_against_compiled_original_not_formal_proof	state0 ^ 0x47b31677 | flags0 | state0 | 0x5f60d018 + state0 + 0x398f70f4 & 0x4ec4a2f1 ^ 0x57df388c & flags0 | state0 | 0x5f60d018 + state0 + 0x398f70f4 & 0x4ec4a2f1 & state0 ^ 0x47b31677 | flags0 | state0 | 0x5f60d018 + state0 + 0x398f70f4 & 0x4ec4a2f1 - 0x289ce9b6 + u16_0 - state0 ^ 0x47b31677 | flags0 | state0 | 0x5f60d018 + state0 + 0x398f70f4 & 0x4ec4a2f1 ^ 0x57df388c & flags0 | state0 | 0x5f60d018 + state0 + 0x398f70f4 & 0x4ec4a2f1 & state0 ^ 0x47b31677 | flags0 | state0 | 0x5f60d018 + state0 + 0x398f70f4 & 0x4ec4a2f1 - 0x289ce9b6 ^ 0xbdd98a5
245	vmop_245_plus0x5_state_affine_slot_mba_stateful	algebraic_mba	state_affine	state0;u16_0	unsolved_by_current_templates			4107	random_differential_against_compiled_original_not_formal_proof	state0 ^ u16_0 + state0 ^ 0x3a835417
246	vmop_246_plus0x78_sampled_long_or_sparse_slot_unknown	dispatch_unknown	sampled_long_or_sparse	state0	candidate_simplified	identity	state0	4107	random_differential_against_compiled_original_not_formal_proof	state0
248	vmop_248_plus0x4_state_add_const_slot_mba_stateful	algebraic_mba	state_add_const	state0;flags0;u16_2	unsolved_by_current_templates			4107	random_differential_against_compiled_original_not_formal_proof	state0 ^ flags0 - state0 | 0x5188b16e & 0x6764746a - state0 ^ 0x46157a61 + 0x17fe21ad ^ 0x35ad1d25 - 0x496039c5 ^ u16_2 ^ 0x4160066b
250	vmop_250_plus0x3_state_add_const_slot_multi_path	algebraic_mba	state_add_const	state0;flags0;u16_1	unsolved_by_current_templates			4107	random_differential_against_compiled_original_not_formal_proof	state0 ^ flags0 + flags0 ^ flags0 | 0x75c2d7ad + 0x3d28c7fc - 0xb911f97 | u16_1 - state0 ^ flags0 + flags0 ^ flags0 | 0x75c2d7ad + 0x3d28c7fc - 0xb911f97 + 0x71ad6fc6
251	vmop_251_plus0x5_state_add_const_slot_mba_stateful	algebraic_mba	state_add_const	state0;u16_3	unsolved_by_current_templates			4107	random_differential_against_compiled_original_not_formal_proof	state0 & u16_3 - state0 ^ 0x7cf1b821
253	vmop_253_plus0x6_state_add_const_slot_mba_stateful	algebraic_mba	state_add_const	state0;flags0;u16_0;u32_2	unsolved_by_current_templates			4107	random_differential_against_compiled_original_not_formal_proof	state0 | 0x764111b0 + 0x6d2270cb + u32_2 ^ flags0 + flags0 | 0x62c3b0dd | 0x2b96d1d1 & 0x2d46e2e3 ^ u16_0 + 0x7c5d4802
254	vmop_254_plus0x4_state_add_const_slot_mba_stateful	algebraic_mba	state_add_const	state0;flags0;u16_0;u16_2	unsolved_by_current_templates			4107	random_differential_against_compiled_original_not_formal_proof	state0 + flags0 - u16_0 ^ state0 + flags0 | flags0 | 0x617339d9 | 0x5635509 | 0x15874263 ^ 0x5bf4e999 & flags0 - 0x35a18ac8 | 0x5feb6979 & 0x3e80b852 | u16_2 - 0x228a41a2
256	vmop_256_plus0x2_state_add_const_slot_multi_path	algebraic_mba	state_add_const	state0;flags0;u16_0	unsolved_by_current_templates			4107	random_differential_against_compiled_original_not_formal_proof	state0 ^ 0x3e93f8db + 0x1734aabd ^ flags0 - state0 ^ 0x3e93f8db ^ 0x7a7f365a | flags0 - state0 ^ 0x3e93f8db ^ 0x7a7f365a ^ 0x30de4dc1 & u16_0 + state0 ^ 0x3e93f8db + 0x1734aabd ^ flags0 - state0 ^ 0x3e93f8db ^ 0x7a7f365a | flags0 - state0 ^ 0x3e93f8db ^ 0x7a7f365a ^ 0x30de4dc1 - 0x3817cdcc
257	vmop_257_plus0x2_state_add_const_slot_multi_path	algebraic_mba	state_add_const	state0;u16_0	unsolved_by_current_templates			4107	random_differential_against_compiled_original_not_formal_proof	state0 - 0x509f61c9 + 0x1b9def5 - 0x7d4ca123 | 0x1d2af87 ^ u16_0 - state0 - 0x509f61c9 + 0x1b9def5 - 0x7d4ca123 | 0x1d2af87
258	vmop_258_plus0x4_state_add_const_slot_multi_path	algebraic_mba	state_add_const	state0;flags0;u16_0;u16_2	unsolved_by_current_templates			4107	random_differential_against_compiled_original_not_formal_proof	state0 ^ 0x11095fd5 + flags0 - 0x1510614f | 0xa1b079a ^ 0x1769756e ^ u16_2 - flags0 - 0x1510614f | 0xa1b079a ^ 0x1769756e & u16_0 - state0 ^ 0x11095fd5 + flags0 - 0x1510614f | 0xa1b079a ^ 0x1769756e ^ u16_2 - flags0 - 0x1510614f | 0xa1b079a ^ 0x1769756e ^ 0x5812e92c
259	vmop_259_plus0xa_state_formula_slot_unknown	dispatch_unknown	state_formula	state0;flags0;u16_0;u32_2	unsolved_by_current_templates			4107	random_differential_against_compiled_original_not_formal_proof	state0 | flags0 ^ 0x5b05419c + 0x792f3332 ^ 0x8bcb284 - 0x36b43160 ^ 0x674120fe - 0x57f37797 | 0x5190c117 + 0x5ad08ad1 & u32_2 - state0 | flags0 ^ 0x5b05419c + 0x792f3332 ^ 0x8bcb284 - 0x36b43160 ^ 0x674120fe - 0x57f37797 | 0x5190c117 + 0x5ad08ad1 + flags0 ^ 0x5b05419c + 0x792f3332 ^ 0x8bcb284 - 0x36b43160 ^ 0x674120fe - 0x57f37797 | 0x5190c117 + 0x5ad08ad1 ^ 0x71457984 + flags0 ^ 0x5b05419c + 0x792f3332 ^ 0x8bcb284 - 0x36b43160 ^ 0x674120fe - 0x57f37797 | 0x5190c117 + 0x5ad08ad1 ^ 0x76155fd ^ 0x2e1ba290 ^ 0x61a2d9b ^ flags0 ^ 0x5b05419c + 0x792f3332 ^ 0x8bcb284 - 0x36b43160 ^ 0x674120fe - 0x57f37797 | 0x5190c117 + 0x5ad08ad1 ^ 0x76155fd ^ 0x2e1ba290 ^ 0x61a2d9b | u16_0
260	vmop_260_plus0x4_state_add_const_slot_multi_path	algebraic_mba	state_add_const	state0;flags0;u16_0;u16_2	unsolved_by_current_templates			4107	random_differential_against_compiled_original_not_formal_proof	state0 + 0x581f6275 ^ flags0 - 0x705f9ad2 + 0x760922e2 & 0x2efb7283 | 0x7ba7e961 + flags0 - 0x705f9ad2 + 0x760922e2 | flags0 - 0x705f9ad2 + 0x760922e2 & 0x5af0e1db | 0x17270855 | flags0 - 0x705f9ad2 + 0x760922e2 | flags0 - 0x705f9ad2 + 0x760922e2 & u16_2 + state0 + 0x581f6275 ^ flags0 - 0x705f9ad2 + 0x760922e2 & 0x2efb7283 | 0x7ba7e961 + flags0 - 0x705f9ad2 + 0x760922e2 | flags0 - 0x705f9ad2 + 0x760922e2 & 0x5af0e1db | 0x17270855 | flags0 - 0x705f9ad2 + 0x760922e2 | flags0 - 0x705f9ad2 + 0x760922e2 - flags0 - 0x705f9ad2 + 0x760922e2 ^ 0x34525a09 ^ 0x17010cf2 | state0 + 0x581f6275 ^ flags0 - 0x705f9ad2 + 0x760922e2 & 0x2efb7283 | 0x7ba7e961 + flags0 - 0x705f9ad2 + 0x760922e2 | flags0 - 0x705f9ad2 + 0x760922e2 & 0x5af0e1db | 0x17270855 | flags0 - 0x705f9ad2 + 0x760922e2 | flags0 - 0x705f9ad2 + 0x760922e2 & 0x624bad50 - u16_0 - state0 + 0x581f6275 ^ flags0 - 0x705f9ad2 + 0x760922e2 & 0x2efb7283 | 0x7ba7e961 + flags0 - 0x705f9ad2 + 0x760922e2 | flags0 - 0x705f9ad2 + 0x760922e2 & 0x5af0e1db | 0x17270855 | flags0 - 0x705f9ad2 + 0x760922e2 | flags0 - 0x705f9ad2 + 0x760922e2 & u16_2 + state0 + 0x581f6275 ^ flags0 - 0x705f9ad2 + 0x760922e2 & 0x2efb7283 | 0x7ba7e961 + flags0 - 0x705f9ad2 + 0x760922e2 | flags0 - 0x705f9ad2 + 0x760922e2 & 0x5af0e1db | 0x17270855 | flags0 - 0x705f9ad2 + 0x760922e2 | flags0 - 0x705f9ad2 + 0x760922e2 - flags0 - 0x705f9ad2 + 0x760922e2 ^ 0x34525a09 ^ 0x17010cf2 | state0 + 0x581f6275 ^ flags0 - 0x705f9ad2 + 0x760922e2 & 0x2efb7283 | 0x7ba7e961 + flags0 - 0x705f9ad2 + 0x760922e2 | flags0 - 0x705f9ad2 + 0x760922e2 & 0x5af0e1db | 0x17270855 | flags0 - 0x705f9ad2 + 0x760922e2 | flags0 - 0x705f9ad2 + 0x760922e2 & 0x624bad50 ^ 0x470c080d
261	vmop_261_plus0x6_state_add_const_slot_mba_stateful	algebraic_mba	state_add_const	state0;u16_2	candidate_simplified	add2_const	state0 + u16_2 + 0x4c539d29u	4107	random_differential_against_compiled_original_not_formal_proof	state0 + u16_2 + 0x4c539d29
264	vmop_264_plus0xa_state_formula_slot_mba_stateful	algebraic_mba	state_formula	state0;u16_8	unsolved_by_current_templates			4107	random_differential_against_compiled_original_not_formal_proof	state0 & u16_8 + state0 - 0x6fba3362
266	vmop_266_minus0x2e8_sampled_backedge_slot_unknown	dispatch_unknown	sampled_backedge	state0	candidate_simplified	identity	state0	4107	random_differential_against_compiled_original_not_formal_proof	state0
267	vmop_267_plus0x5_state_add_const_slot_multi_path	algebraic_mba	state_add_const	state0;flags0;u16_0	unsolved_by_current_templates			4107	random_differential_against_compiled_original_not_formal_proof	state0 & 0x22c7ea36 | flags0 | 0x10c4506b ^ 0x5cdc1fad + 0x50bb45db - 0x13e853fe & flags0 | 0x10c4506b ^ 0x5cdc1fad + 0x50bb45db - 0x13e853fe & 0x18f9e0e8 - 0x376fe1fd | 0x2bce070c + u16_0 + state0 & 0x22c7ea36 | flags0 | 0x10c4506b ^ 0x5cdc1fad + 0x50bb45db - 0x13e853fe & flags0 | 0x10c4506b ^ 0x5cdc1fad + 0x50bb45db - 0x13e853fe & 0x18f9e0e8 - 0x376fe1fd | 0x2bce070c ^ 0x17e28bdf
268	vmop_268_plus0x4_state_add_const_slot_multi_path	algebraic_mba	state_add_const	state0;flags0;u16_0;u16_2	unsolved_by_current_templates			4107	random_differential_against_compiled_original_not_formal_proof	state0 | 0x71bd1bb1 + u16_0 - state0 | 0x71bd1bb1 - flags0 & flags0 + 0x33c0c75b & 0x174c40ef - 0x554d11ee & 0x30ef8696 | flags0 + 0x33c0c75b & 0x174c40ef - 0x554d11ee & 0x30ef8696 + 0x12696b26 ^ u16_2 - state0 | 0x71bd1bb1 + u16_0 - state0 | 0x71bd1bb1 - flags0 & flags0 + 0x33c0c75b & 0x174c40ef - 0x554d11ee & 0x30ef8696 | flags0 + 0x33c0c75b & 0x174c40ef - 0x554d11ee & 0x30ef8696 + 0x12696b26 + 0x73efcc77
269	vmop_269_plus0x5_state_add_const_slot_multi_path	algebraic_mba	state_add_const	state0;flags0;u16_3	unsolved_by_current_templates			4107	random_differential_against_compiled_original_not_formal_proof	state0 ^ flags0 & state0 & 0x6f7fff69 & flags0 & state0 | flags0 & state0 ^ 0x4f60a287 + u16_3 + state0 ^ flags0 & state0 & 0x6f7fff69 & flags0 & state0 | flags0 & state0 ^ 0x4f60a287 + 0x4faa382
273	vmop_273_plus0x4_state_add_const_slot_mba_stateful	algebraic_mba	state_add_const	state0;flags0;u16_0;u16_2	unsolved_by_current_templates			4107	random_differential_against_compiled_original_not_formal_proof	state0 - flags0 + 0x4b959cd0 + flags0 & 0x908616e + u16_2 - state0 - flags0 + 0x4b959cd0 + flags0 & 0x908616e ^ flags0 | u16_0 + state0 - flags0 + 0x4b959cd0 + flags0 & 0x908616e + u16_2 - state0 - flags0 + 0x4b959cd0 + flags0 & 0x908616e ^ flags0 - 0x2e0be660
276	vmop_276_plus0xa_state_formula_slot_unknown	dispatch_unknown	state_formula	state0;flags0;u16_0;u32_2	unsolved_by_current_templates			4107	random_differential_against_compiled_original_not_formal_proof	state0 & 0x7246aa41 ^ flags0 | 0x47166ef1 - flags0 | flags0 - u32_2 - 0x332a16a ^ u16_0 + state0 & 0x7246aa41 ^ flags0 | 0x47166ef1 - flags0 | flags0 - u32_2 - 0x332a16a - 0x63f74381
278	vmop_278_plus0xa_state_preserve_slot_multi_path	algebraic_mba	state_preserve	state0;flags0;u16_2	unsolved_by_current_templates			4107	random_differential_against_compiled_original_not_formal_proof	state0 | flags0 | u16_2 - state0 | flags0 + 0x68baea26
281	vmop_281_plus0x4_state_add_const_slot_multi_path	algebraic_mba	state_add_const	state0;flags0;u16_0;u16_2	unsolved_by_current_templates			4107	random_differential_against_compiled_original_not_formal_proof	state0 - 0x31642a8c ^ 0x5b9839d1 | flags0 & u16_2 + state0 - 0x31642a8c ^ 0x5b9839d1 | flags0 - flags0 - flags0 - 0x1ec23851 ^ 0x6445395f + u16_0 ^ state0 - 0x31642a8c ^ 0x5b9839d1 | flags0 & u16_2 + state0 - 0x31642a8c ^ 0x5b9839d1 | flags0 - flags0 - flags0 - 0x1ec23851 ^ 0x6445395f - 0x519e8380
282	vmop_282_plus0x5_state_add_const_slot_multi_path	algebraic_mba	state_add_const	state0;flags0	unsolved_by_current_templates			4107	random_differential_against_compiled_original_not_formal_proof	state0 ^ flags0 - 0x54c8658a & 0x259f380d & 0x41d706e9 - 0x334721c0
283	vmop_283_plus0x5_state_preserve_slot_mba_stateful	algebraic_mba	state_preserve	state0	candidate_simplified	identity	state0	4107	random_differential_against_compiled_original_not_formal_proof	state0
284	vmop_284_plus0xd_state_add_const_slot_mba_stateful	algebraic_mba	state_add_const	state0;u16_11	candidate_simplified	sub2_const	state0 - u16_11 + 0xeb4695b4u	4107	random_differential_against_compiled_original_not_formal_proof	state0 - u16_11 - 0x14b96a4c
285	vmop_285_plus0x5_state_add_const_slot_mba_stateful	algebraic_mba	state_add_const	state0;flags0;u16_2	unsolved_by_current_templates			4107	random_differential_against_compiled_original_not_formal_proof	state0 ^ flags0 + u16_2 - state0 ^ flags0
287	vmop_287_plus0x4_state_add_const_slot_multi_path	algebraic_mba	state_add_const	state0;flags0;u16_0	unsolved_by_current_templates			4107	random_differential_against_compiled_original_not_formal_proof	state0 & 0xa6ddb71 - flags0 - 0x67686890 + 0x609b810a + 0x6975e1b1 - 0x4988e425 | 0x3ab14dd1 - u16_0 + state0 & 0xa6ddb71 - flags0 - 0x67686890 + 0x609b810a + 0x6975e1b1 - 0x4988e425 | 0x3ab14dd1 ^ 0xa841ebd
290	vmop_290_plus0x5_state_add_const_slot_multi_path	algebraic_mba	state_add_const	state0;flags0;u16_2	unsolved_by_current_templates			4107	random_differential_against_compiled_original_not_formal_proof	state0 | flags0 & 0x3acb356d & u16_2 + state0 | flags0 & 0x3acb356d ^ 0x29d9517b
291	vmop_291_plus0x4_state_add_const_slot_multi_path	algebraic_mba	state_add_const	state0;flags0;u16_0;u16_2	unsolved_by_current_templates			4107	random_differential_against_compiled_original_not_formal_proof	state0 ^ flags0 ^ u16_0 - flags0 ^ 0x5acd2fa ^ 0x12648cbe - flags0 ^ 0x5acd2fa ^ 0x12648cbe ^ 0x2e91bd1c + 0x610956a9 & flags0 ^ 0x5acd2fa ^ 0x12648cbe ^ 0x2e91bd1c | 0x55d764bb ^ 0x17a0094a - 0x1f6881d8 | u16_2 + state0 ^ flags0 ^ u16_0 - flags0 ^ 0x5acd2fa ^ 0x12648cbe - flags0 ^ 0x5acd2fa ^ 0x12648cbe ^ 0x2e91bd1c + 0x610956a9 & flags0 ^ 0x5acd2fa ^ 0x12648cbe ^ 0x2e91bd1c | 0x55d764bb ^ 0x17a0094a - 0x1f6881d8 + 0xa61c44c
292	vmop_292_plus0x5_state_add_const_slot_multi_path	algebraic_mba	state_add_const	state0;flags0;u16_1;u16_3	unsolved_by_current_templates			4107	random_differential_against_compiled_original_not_formal_proof	state0 | flags0 + u16_1 - state0 | flags0 & u16_3 ^ state0 | flags0 + u16_1 - state0 | flags0 + 0x628c34bc
295	vmop_295_plus0x5_state_mixed_slot_mba_stateful	algebraic_mba	state_mixed	state0;u16_2	unsolved_by_current_templates			4107	random_differential_against_compiled_original_not_formal_proof	state0 | u16_2 - 0x396ecbf2
297	vmop_297_plus0x3_state_add_const_slot_multi_path	algebraic_mba	state_add_const	state0;b0;flags0;u16_1	unsolved_by_current_templates			4107	random_differential_against_compiled_original_not_formal_proof	state0 - 0x48220942 | flags0 + 0x283684b4 ^ 0x4a5a939a | 0x6650e9bb ^ 0x6b7f38b7 + b0 + state0 - 0x48220942 | flags0 + 0x283684b4 ^ 0x4a5a939a | 0x6650e9bb ^ 0x6b7f38b7 + flags0 + 0x283684b4 ^ 0x4a5a939a | 0x6650e9bb - u16_1 - state0 - 0x48220942 | flags0 + 0x283684b4 ^ 0x4a5a939a | 0x6650e9bb ^ 0x6b7f38b7 + b0 + state0 - 0x48220942 | flags0 + 0x283684b4 ^ 0x4a5a939a | 0x6650e9bb ^ 0x6b7f38b7 + flags0 + 0x283684b4 ^ 0x4a5a939a | 0x6650e9bb ^ 0x9f24ccb
299	vmop_299_minus0x7fe6_sampled_backedge_slot_unknown	dispatch_unknown	sampled_backedge	state0;flags0;u16_0;u16_2	unsolved_by_current_templates			4107	random_differential_against_compiled_original_not_formal_proof	state0 & 0x2b7e7713 & 0x515f6307 - u16_0 + state0 & 0x2b7e7713 & 0x515f6307 + flags0 & 0x742354d + 0x2ff05a2b | flags0 & 0x742354d + 0x2ff05a2b & 0x1011ba33 ^ u16_2 - state0 & 0x2b7e7713 & 0x515f6307 - u16_0 + state0 & 0x2b7e7713 & 0x515f6307 + flags0 & 0x742354d + 0x2ff05a2b | flags0 & 0x742354d + 0x2ff05a2b & 0x1011ba33
300	vmop_300_plus0x4_state_add_const_slot_multi_path	algebraic_mba	state_add_const	state0;flags0;u16_0;u16_2	unsolved_by_current_templates			4107	random_differential_against_compiled_original_not_formal_proof	state0 & 0x2b7e7713 & 0x515f6307 - u16_0 + state0 & 0x2b7e7713 & 0x515f6307 + flags0 & 0x742354d + 0x2ff05a2b | flags0 & 0x742354d + 0x2ff05a2b & 0x1011ba33 ^ u16_2 - state0 & 0x2b7e7713 & 0x515f6307 - u16_0 + state0 & 0x2b7e7713 & 0x515f6307 + flags0 & 0x742354d + 0x2ff05a2b | flags0 & 0x742354d + 0x2ff05a2b & 0x1011ba33
301	vmop_301_plus0x5_state_add_const_slot_mba_stateful	algebraic_mba	state_add_const	state0;flags0;u16_3	unsolved_by_current_templates			4107	random_differential_against_compiled_original_not_formal_proof	state0 & flags0 ^ u16_3 - state0 & flags0 - 0x2c0febdf
302	vmop_302_minus0x40_sampled_backedge_slot_unknown	dispatch_unknown	sampled_backedge	state0	candidate_simplified	identity	state0	4107	random_differential_against_compiled_original_not_formal_proof	state0
305	vmop_305_plus0x4_state_add_const_slot_mba_stateful	algebraic_mba	state_add_const	state0;u16_0	unsolved_by_current_templates			4107	random_differential_against_compiled_original_not_formal_proof	state0 & u16_0 + state0
308	vmop_308_plus0x20_exact_slot_unknown	dispatch_unknown	exact	state0	candidate_simplified	identity	state0	4107	random_differential_against_compiled_original_not_formal_proof	state0
311	vmop_311_plus0xa_state_preserve_slot_multi_path	algebraic_mba	state_preserve	state0;flags0;u16_3	unsolved_by_current_templates			4107	random_differential_against_compiled_original_not_formal_proof	state0 - 0x1889c111 - flags0 - state0 - 0x1889c111 + 0x3cae9026 | 0x2b959efa | 0x35e8abc1 - u16_3 ^ state0 - 0x1889c111 - flags0 - state0 - 0x1889c111 + 0x3cae9026 | 0x2b959efa | 0x35e8abc1 ^ 0xa9f4228
313	vmop_313_plus0x5_state_add_const_slot_multi_path	algebraic_mba	state_add_const	state0;flags0;u16_2	unsolved_by_current_templates			4107	random_differential_against_compiled_original_not_formal_proof	state0 - flags0 + 0x40989976 | 0x2f39160a ^ flags0 - state0 - flags0 + 0x40989976 | 0x2f39160a ^ 0x7af00ac1 ^ state0 - flags0 + 0x40989976 | 0x2f39160a ^ 0x3764731 - state0 - flags0 + 0x40989976 | 0x2f39160a | 0x6ecf352a & flags0 - state0 - flags0 + 0x40989976 | 0x2f39160a ^ 0x7af00ac1 ^ state0 - flags0 + 0x40989976 | 0x2f39160a ^ 0x3764731 - state0 - flags0 + 0x40989976 | 0x2f39160a - 0x344abbda ^ flags0 - state0 - flags0 + 0x40989976 | 0x2f39160a ^ 0x7af00ac1 ^ state0 - flags0 + 0x40989976 | 0x2f39160a ^ 0x3764731 - state0 - flags0 + 0x40989976 | 0x2f39160a + 0x52bb641c - 0x2d0c0392 ^ u16_2 + state0 - flags0 + 0x40989976 | 0x2f39160a ^ flags0 - state0 - flags0 + 0x40989976 | 0x2f39160a ^ 0x7af00ac1 ^ state0 - flags0 + 0x40989976 | 0x2f39160a ^ 0x3764731 - state0 - flags0 + 0x40989976 | 0x2f39160a | 0x6ecf352a & flags0 - state0 - flags0 + 0x40989976 | 0x2f39160a ^ 0x7af00ac1 ^ state0 - flags0 + 0x40989976 | 0x2f39160a ^ 0x3764731 - state0 - flags0 + 0x40989976 | 0x2f39160a - 0x344abbda ^ flags0 - state0 - flags0 + 0x40989976 | 0x2f39160a ^ 0x7af00ac1 ^ state0 - flags0 + 0x40989976 | 0x2f39160a ^ 0x3764731 - state0 - flags0 + 0x40989976 | 0x2f39160a + 0x52bb641c - 0x2d0c0392 ^ 0x35363d0a
314	vmop_314_plus0xa_state_add_const_slot_mba_stateful	algebraic_mba	state_add_const	state0;u32_0	unsolved_by_current_templates			4107	random_differential_against_compiled_original_not_formal_proof	state0 - u32_0 ^ state0 + 0x477d7abb
315	vmop_315_plus0x4_state_mixed_slot_mba_stateful	algebraic_mba	state_mixed	state0;flags0;u16_2	unsolved_by_current_templates			4107	random_differential_against_compiled_original_not_formal_proof	state0 & 0x7562ddb5 ^ 0x25ede89c - 0x19140c1b ^ flags0 ^ 0x285c750c | u16_2 ^ 0x42c7f071
316	vmop_316_minus0x3c4_sampled_backedge_slot_unknown	dispatch_unknown	sampled_backedge	state0	candidate_simplified	identity	state0	4107	random_differential_against_compiled_original_not_formal_proof	state0
317	vmop_317_plus0x4_state_add_const_slot_multi_path	algebraic_mba	state_add_const	state0;flags0;u16_0;u16_2	unsolved_by_current_templates			4107	random_differential_against_compiled_original_not_formal_proof	state0 - flags0 + 0x189c9c80 - 0x4373d071 ^ 0x12461866 & 0x2d8e67e2 | flags0 + 0x189c9c80 - 0x4373d071 ^ 0x12461866 & 0x2d8e67e2 ^ u16_2 + flags0 + 0x189c9c80 - 0x4373d071 ^ 0x12461866 & 0x2d8e67e2 & flags0 + 0x189c9c80 - 0x4373d071 ^ 0x12461866 & 0x2d8e67e2 & 0x19a77ba + flags0 + 0x189c9c80 - 0x4373d071 ^ 0x12461866 & 0x2d8e67e2 | flags0 + 0x189c9c80 - 0x4373d071 ^ 0x12461866 & 0x2d8e67e2 ^ flags0 + 0x189c9c80 - 0x4373d071 ^ 0x12461866 & 0x2d8e67e2 | 0x501e3e6c ^ flags0 + 0x189c9c80 - 0x4373d071 ^ 0x12461866 & 0x2d8e67e2 + u16_0 - state0 - flags0 + 0x189c9c80 - 0x4373d071 ^ 0x12461866 & 0x2d8e67e2 | flags0 + 0x189c9c80 - 0x4373d071 ^ 0x12461866 & 0x2d8e67e2 ^ u16_2 + flags0 + 0x189c9c80 - 0x4373d071 ^ 0x12461866 & 0x2d8e67e2 & flags0 + 0x189c9c80 - 0x4373d071 ^ 0x12461866 & 0x2d8e67e2 & 0x19a77ba + flags0 + 0x189c9c80 - 0x4373d071 ^ 0x12461866 & 0x2d8e67e2 | flags0 + 0x189c9c80 - 0x4373d071 ^ 0x12461866 & 0x2d8e67e2 ^ flags0 + 0x189c9c80 - 0x4373d071 ^ 0x12461866 & 0x2d8e67e2 | 0x501e3e6c ^ flags0 + 0x189c9c80 - 0x4373d071 ^ 0x12461866 & 0x2d8e67e2 + 0x18e7b255
319	vmop_319_plus0x5_state_add_const_slot_multi_path	algebraic_mba	state_add_const	state0;flags0;u16_2	unsolved_by_current_templates			4107	random_differential_against_compiled_original_not_formal_proof	state0 & flags0 | 0x6be63b72 ^ 0x55d6ffe2 ^ 0x655e4f3b | 0x27c134ad & state0 + 0x4fa9822e | 0x5ed258f1 | flags0 | 0x6be63b72 ^ 0x55d6ffe2 ^ 0x655e4f3b | 0x27c134ad & state0 + 0x4fa9822e ^ flags0 | 0x6be63b72 ^ 0x55d6ffe2 ^ 0x655e4f3b | 0x27c134ad & state0 + 0x4fa9822e + 0x2ba77993 + u16_2 + state0 & flags0 | 0x6be63b72 ^ 0x55d6ffe2 ^ 0x655e4f3b | 0x27c134ad & state0 + 0x4fa9822e | 0x5ed258f1 | flags0 | 0x6be63b72 ^ 0x55d6ffe2 ^ 0x655e4f3b | 0x27c134ad & state0 + 0x4fa9822e ^ flags0 | 0x6be63b72 ^ 0x55d6ffe2 ^ 0x655e4f3b | 0x27c134ad & state0 + 0x4fa9822e + 0x2ba77993 + 0x7f20b820
320	vmop_320_plus0x5_state_add_const_slot_mba_stateful	algebraic_mba	state_add_const	state0;flags0	candidate_simplified	and_mask	state0 & 0x81ebc77cu	4107	random_differential_against_compiled_original_not_formal_proof	state0 & flags0 - flags0 - 0x7e143884
321	vmop_321_plus0xd_state_preserve_slot_multi_path	algebraic_mba	state_preserve	state0;flags0;u16_0;u16_2	unsolved_by_current_templates			4107	random_differential_against_compiled_original_not_formal_proof	state0 + u16_0 ^ flags0 | 0x2d680d90 + 0x69cbe1a0 & u16_2 - state0 + u16_0 ^ flags0 | 0x2d680d90 + 0x69cbe1a0 + 0x7ba65dc4
322	vmop_322_plus0x4_state_add_const_slot_multi_path	algebraic_mba	state_add_const	state0;flags0;u16_0;u16_2	unsolved_by_current_templates			4107	random_differential_against_compiled_original_not_formal_proof	state0 + u16_0 ^ flags0 | 0x2d680d90 + 0x69cbe1a0 & u16_2 - state0 + u16_0 ^ flags0 | 0x2d680d90 + 0x69cbe1a0 + 0x7ba65dc4
326	vmop_326_plus0x5_state_add_const_slot_mba_stateful	algebraic_mba	state_add_const	state0;flags0;u16_1	unsolved_by_current_templates			4107	random_differential_against_compiled_original_not_formal_proof	state0 & flags0 + u16_1 ^ 0x50d4eebe
331	vmop_331_plus0x3_state_formula_slot_multi_path	algebraic_mba	state_formula	state0;flags0;u16_0	unsolved_by_current_templates			4107	random_differential_against_compiled_original_not_formal_proof	state0 & 0x3eb8b067 + flags0 & flags0 ^ 0x1f891278 + flags0 + 0x6859cefd | 0x47dd4277 + u16_0 - state0 & 0x3eb8b067 + flags0 & flags0 ^ 0x1f891278 + flags0 + 0x6859cefd | 0x47dd4277 - 0x35a6d51
332	vmop_332_plus0x4_state_add_const_slot_multi_path	algebraic_mba	state_add_const	state0;flags0;u16_2	unsolved_by_current_templates			4107	random_differential_against_compiled_original_not_formal_proof	state0 | 0x30661b97 & 0x57d9fe65 | flags0 & state0 | 0x2f0ca7d2 & state0 | 0x30661b97 - 0x23cebdbc ^ state0 | 0x30661b97 & 0x57d9fe65 & flags0 & state0 | 0x2f0ca7d2 & state0 | 0x30661b97 - 0x23cebdbc ^ state0 | 0x30661b97 & 0x57d9fe65 + 0x149316fa + flags0 & state0 | 0x2f0ca7d2 & state0 | 0x30661b97 - 0x23cebdbc ^ state0 | 0x30661b97 & 0x57d9fe65 ^ u16_2 ^ state0 | 0x30661b97 & 0x57d9fe65 | flags0 & state0 | 0x2f0ca7d2 & state0 | 0x30661b97 - 0x23cebdbc ^ state0 | 0x30661b97 & 0x57d9fe65 & flags0 & state0 | 0x2f0ca7d2 & state0 | 0x30661b97 - 0x23cebdbc ^ state0 | 0x30661b97 & 0x57d9fe65 + 0x149316fa + flags0 & state0 | 0x2f0ca7d2 & state0 | 0x30661b97 - 0x23cebdbc ^ state0 | 0x30661b97 & 0x57d9fe65 + 0x42097e5d
333	vmop_333_plus0x4_state_add_const_slot_multi_path	algebraic_mba	state_add_const	state0;flags0;u16_0	unsolved_by_current_templates			4107	random_differential_against_compiled_original_not_formal_proof	state0 ^ flags0 ^ state0 | 0x37ccc6ea - 0x61e56767 & flags0 ^ state0 + flags0 ^ state0 | 0x71cc1ee8 | 0x569ecec3 + u16_0 - state0 ^ flags0 ^ state0 | 0x37ccc6ea - 0x61e56767 & flags0 ^ state0 + flags0 ^ state0 | 0x71cc1ee8 | 0x569ecec3
334	vmop_334_plus0x2a5_sampled_long_or_sparse_slot_unknown	dispatch_unknown	sampled_long_or_sparse	state0	candidate_simplified	identity	state0	4107	random_differential_against_compiled_original_not_formal_proof	state0
336	vmop_336_plus0x5_state_add_const_slot_mba_stateful	algebraic_mba	state_add_const	state0;u16_2	unsolved_by_current_templates			4107	random_differential_against_compiled_original_not_formal_proof	state0 & u16_2 ^ 0x114009e8
337	vmop_337_plus0x4_state_add_const_slot_multi_path	algebraic_mba	state_add_const	state0;flags0;u16_0;u16_2	unsolved_by_current_templates			4107	random_differential_against_compiled_original_not_formal_proof	state0 - flags0 - u16_2 + state0 - flags0 + flags0 + 0x2051de91 & flags0 + 0x61f749a7 | 0x51d7631a ^ flags0 + 0x61f749a7 ^ 0x3de72107 & 0xe04b834 | u16_0 + state0 - flags0 - u16_2 + state0 - flags0 + flags0 + 0x2051de91 & flags0 + 0x61f749a7 | 0x51d7631a ^ flags0 + 0x61f749a7 ^ 0x3de72107 & 0xe04b834 ^ 0x2060ddea
338	vmop_338_plus0x6_state_add_const_slot_mba_stateful	algebraic_mba	state_add_const	state0;u16_0	candidate_simplified	const_sub	0xb40741f4u - u16_0	4107	random_differential_against_compiled_original_not_formal_proof	state0 - u16_0 - state0 - 0x4bf8be0c
340	vmop_340_plus0x4_state_add_const_slot_multi_path	algebraic_mba	state_add_const	state0;u16_0;u16_2	unsolved_by_current_templates			4107	random_differential_against_compiled_original_not_formal_proof	state0 - 0x2b2e5a26 ^ 0x7535dd25 | u16_2 - u16_0 + state0 - 0x2b2e5a26 ^ 0x7535dd25 | u16_2 + 0x9097995
345	vmop_345_plus0x6_state_add_const_slot_mba_stateful	algebraic_mba	state_add_const	state0;flags0;u16_0;u32_2	unsolved_by_current_templates			4107	random_differential_against_compiled_original_not_formal_proof	state0 + u32_2 ^ state0 + flags0 + u16_0 + state0 + u32_2 ^ state0 + flags0
346	vmop_346_plus0x4_state_add_const_slot_multi_path	algebraic_mba	state_add_const	state0;flags0	candidate_simplified	xor2_const	state0 ^ flags0 ^ 0x45daa5e4u	4107	random_differential_against_compiled_original_not_formal_proof	state0 ^ flags0 ^ 0x3f746ab3 ^ 0x3f5501a6 ^ 0x45fbcef1
347	vmop_347_plus0x4_state_add_const_slot_multi_path	algebraic_mba	state_add_const	state0;flags0;u16_2	unsolved_by_current_templates			4107	random_differential_against_compiled_original_not_formal_proof	state0 | flags0 + 0x6fa972f0 | flags0 ^ state0 | flags0 + 0x6fa972f0 & 0x45223942 + state0 | flags0 + 0x6fa972f0 | 0x2efc96c5 ^ 0x5cf483c7 & flags0 ^ state0 | flags0 + 0x6fa972f0 & 0x45223942 + state0 | flags0 + 0x6fa972f0 | 0x2efc96c5 | 0x6630614f ^ 0x1a7ef2ae | state0 | flags0 + 0x6fa972f0 | flags0 ^ state0 | flags0 + 0x6fa972f0 & 0x45223942 + state0 | flags0 + 0x6fa972f0 | 0x2efc96c5 ^ 0x5cf483c7 & flags0 ^ state0 | flags0 + 0x6fa972f0 & 0x45223942 + state0 | flags0 + 0x6fa972f0 | 0x2efc96c5 | 0x6630614f ^ 0x1a7ef2ae | state0 | flags0 + 0x6fa972f0 | flags0 ^ state0 | flags0 + 0x6fa972f0 & 0x45223942 + state0 | flags0 + 0x6fa972f0 | 0x2efc96c5 ^ 0x5cf483c7 + u16_2 + flags0 ^ state0 | flags0 + 0x6fa972f0 & 0x45223942 + state0 | flags0 + 0x6fa972f0 | 0x2efc96c5 | 0x6630614f ^ 0x1a7ef2ae | state0 | flags0 + 0x6fa972f0 | flags0 ^ state0 | flags0 + 0x6fa972f0 & 0x45223942 + state0 | flags0 + 0x6fa972f0 | 0x2efc96c5 ^ 0x5cf483c7 - flags0 ^ state0 | flags0 + 0x6fa972f0 & 0x45223942 + state0 | flags0 + 0x6fa972f0 | 0x2efc96c5 | 0x6630614f ^ 0x1a7ef2ae | state0 | flags0 + 0x6fa972f0 | flags0 ^ state0 | flags0 + 0x6fa972f0 & 0x45223942 + state0 | flags0 + 0x6fa972f0 | 0x2efc96c5 ^ 0x5cf483c7 ^ 0x7bd54e39 - 0x10871fd8
348	vmop_348_plus0x5_state_add_const_slot_multi_path	algebraic_mba	state_add_const	state0;flags0;u16_0	unsolved_by_current_templates			4107	random_differential_against_compiled_original_not_formal_proof	state0 & 0x4ead272 + flags0 | flags0 | 0x2730b0cc - 0x5c278a20 & 0x31691179 - 0x5c3efee3 & 0x19c08712 & u16_0 ^ state0 & 0x4ead272 + flags0 | flags0 | 0x2730b0cc - 0x5c278a20 & 0x31691179 - 0x5c3efee3 & 0x19c08712 - 0x369ef0d5
350	vmop_350_plus0x4_state_add_const_slot_mba_stateful	algebraic_mba	state_add_const	state0;flags0;u16_0;u16_2	unsolved_by_current_templates			4107	random_differential_against_compiled_original_not_formal_proof	state0 + 0x5c4fb994 - 0x33be5a8b ^ flags0 & state0 + 0x5c4fb994 + 0x261f270f & u16_0 ^ state0 + 0x5c4fb994 - 0x33be5a8b ^ flags0 & state0 + 0x5c4fb994 + 0x261f270f & u16_2 ^ state0 + 0x5c4fb994 - 0x33be5a8b ^ flags0 & state0 + 0x5c4fb994 + 0x261f270f & u16_0 ^ state0 + 0x5c4fb994 - 0x33be5a8b ^ flags0 & state0 + 0x5c4fb994 + 0x261f270f ^ 0x678e3cb6
351	vmop_351_plus0x5_state_add_const_slot_mba_stateful	algebraic_mba	state_add_const	state0;u16_2	unsolved_by_current_templates			4107	random_differential_against_compiled_original_not_formal_proof	state0 | u16_2 + state0 - 0x7b3a2d18
352	vmop_352_plus0x2_state_add_const_slot_mba_stateful	algebraic_mba	state_add_const	state0;u16_0	unsolved_by_current_templates			4107	random_differential_against_compiled_original_not_formal_proof	state0 & 0x31863366 | u16_0 + state0 & 0x31863366 + 0x331dfc06
356	vmop_356_plus0xa_state_preserve_slot_mba_stateful	algebraic_mba	state_preserve	state0;flags0	candidate_simplified	xor2_const	state0 ^ flags0 ^ 0x0u	4107	random_differential_against_compiled_original_not_formal_proof	state0 ^ flags0
357	vmop_357_plus0x5_state_add_const_slot_mba_stateful	algebraic_mba	state_add_const	state0;flags0	candidate_simplified	xor2_const	state0 ^ flags0 ^ 0x0u	4107	random_differential_against_compiled_original_not_formal_proof	state0 ^ flags0
358	vmop_358_plus0x5_state_formula_slot_unknown	dispatch_unknown	state_formula	state0;flags0;u16_0	unsolved_by_current_templates			4107	random_differential_against_compiled_original_not_formal_proof	state0 + flags0 - 0x3bcc6446 ^ 0x50eab96 - flags0 + flags0 | 0x4ea692e8 ^ flags0 ^ flags0 ^ 0x3b02b16c + 0x63b77c87 | flags0 | u16_0 ^ state0 + flags0 - 0x3bcc6446 ^ 0x50eab96 - flags0 + flags0 | 0x4ea692e8 ^ flags0 ^ flags0 ^ 0x3b02b16c + 0x63b77c87 | flags0 - 0x45b1cde1
359	vmop_359_plus0x5_state_add_const_slot_multi_path	algebraic_mba	state_add_const	state0;flags0;u16_2	unsolved_by_current_templates			4107	random_differential_against_compiled_original_not_formal_proof	state0 & flags0 | 0x16bae797 | u16_2 + state0 & flags0 | 0x16bae797 - 0x6683bbe1
