program	first_seen_rank	first_vm_ip	behavior_tags	behavior_confidence	exact_vm_ref_count	exact_side_effect_categories	role_mix	top_strings	runtime_native_binding	provenance	next_action
000	10	0xd0ac0	control_transfer_or_native_bridge_candidate	low	0	no_exact_side_effect_ref			not_bound_to_vm_program	program_rollup_from_exact_vm_refs_and_behavior_hypotheses	confirm tags by reducing nearby opcode windows and native/import bridge targets
001	8	0xd3fac	control_transfer_or_native_bridge_candidate	low	0	no_exact_side_effect_ref			not_bound_to_vm_program	program_rollup_from_exact_vm_refs_and_behavior_hypotheses	confirm tags by reducing nearby opcode windows and native/import bridge targets
002	9	0xd476e	control_transfer_or_native_bridge_candidate	low	0	no_exact_side_effect_ref			not_bound_to_vm_program	program_rollup_from_exact_vm_refs_and_behavior_hypotheses	confirm tags by reducing nearby opcode windows and native/import bridge targets
003	13	0xd5a12	control_transfer_or_native_bridge_candidate	low	0	no_exact_side_effect_ref			not_bound_to_vm_program	program_rollup_from_exact_vm_refs_and_behavior_hypotheses	confirm tags by reducing nearby opcode windows and native/import bridge targets
004	14	0xd718e	control_transfer_or_native_bridge_candidate	low	0	no_exact_side_effect_ref			not_bound_to_vm_program	program_rollup_from_exact_vm_refs_and_behavior_hypotheses	confirm tags by reducing nearby opcode windows and native/import bridge targets
005	15	0xda38f	control_transfer_or_native_bridge_candidate	low	0	no_exact_side_effect_ref			not_bound_to_vm_program	program_rollup_from_exact_vm_refs_and_behavior_hypotheses	confirm tags by reducing nearby opcode windows and native/import bridge targets
006	16	0xdac57	control_transfer_or_native_bridge_candidate	low	0	no_exact_side_effect_ref			not_bound_to_vm_program	program_rollup_from_exact_vm_refs_and_behavior_hypotheses	confirm tags by reducing nearby opcode windows and native/import bridge targets
007	3	0x11ac5e	control_transfer_or_native_bridge_candidate	low	0	no_exact_side_effect_ref			not_bound_to_vm_program	program_rollup_from_exact_vm_refs_and_behavior_hypotheses	confirm tags by reducing nearby opcode windows and native/import bridge targets
008	4	0x11bc28	control_transfer_or_native_bridge_candidate	low	0	no_exact_side_effect_ref			not_bound_to_vm_program	program_rollup_from_exact_vm_refs_and_behavior_hypotheses	confirm tags by reducing nearby opcode windows and native/import bridge targets
009	5	0x11bf5d	control_transfer_or_native_bridge_candidate	low	0	no_exact_side_effect_ref			not_bound_to_vm_program	program_rollup_from_exact_vm_refs_and_behavior_hypotheses	confirm tags by reducing nearby opcode windows and native/import bridge targets
010	6	0x11c2aa	control_transfer_or_native_bridge_candidate	low	0	no_exact_side_effect_ref			not_bound_to_vm_program	program_rollup_from_exact_vm_refs_and_behavior_hypotheses	confirm tags by reducing nearby opcode windows and native/import bridge targets
011	42	0x11de9f	control_transfer_or_native_bridge_candidate	low	0	no_exact_side_effect_ref			not_bound_to_vm_program	program_rollup_from_exact_vm_refs_and_behavior_hypotheses	confirm tags by reducing nearby opcode windows and native/import bridge targets
012	43	0x11e574	control_transfer_or_native_bridge_candidate	low	0	no_exact_side_effect_ref			not_bound_to_vm_program	program_rollup_from_exact_vm_refs_and_behavior_hypotheses	confirm tags by reducing nearby opcode windows and native/import bridge targets
013	44	0x11ef65	control_transfer_or_native_bridge_candidate	low	0	no_exact_side_effect_ref			not_bound_to_vm_program	program_rollup_from_exact_vm_refs_and_behavior_hypotheses	confirm tags by reducing nearby opcode windows and native/import bridge targets
014	45	0x1209d2	control_transfer_or_native_bridge_candidate	low	0	no_exact_side_effect_ref			not_bound_to_vm_program	program_rollup_from_exact_vm_refs_and_behavior_hypotheses	confirm tags by reducing nearby opcode windows and native/import bridge targets
015	49	0x1210d6	control_transfer_or_native_bridge_candidate	low	0	no_exact_side_effect_ref			not_bound_to_vm_program	program_rollup_from_exact_vm_refs_and_behavior_hypotheses	confirm tags by reducing nearby opcode windows and native/import bridge targets
016	51	0x121b31	control_transfer_or_native_bridge_candidate	low	0	no_exact_side_effect_ref			not_bound_to_vm_program	program_rollup_from_exact_vm_refs_and_behavior_hypotheses	confirm tags by reducing nearby opcode windows and native/import bridge targets
017	53	0x122074	control_transfer_or_native_bridge_candidate	low	0	no_exact_side_effect_ref			not_bound_to_vm_program	program_rollup_from_exact_vm_refs_and_behavior_hypotheses	confirm tags by reducing nearby opcode windows and native/import bridge targets
018	56	0x122344	control_transfer_or_native_bridge_candidate	low	0	no_exact_side_effect_ref			not_bound_to_vm_program	program_rollup_from_exact_vm_refs_and_behavior_hypotheses	confirm tags by reducing nearby opcode windows and native/import bridge targets
019	64	0x122a46	control_transfer_or_native_bridge_candidate	low	0	no_exact_side_effect_ref			not_bound_to_vm_program	program_rollup_from_exact_vm_refs_and_behavior_hypotheses	confirm tags by reducing nearby opcode windows and native/import bridge targets
020	58	0x128952	control_transfer_or_native_bridge_candidate	low_to_medium	1	host_environment_inventory:1	cpu_or_runtime_configuration_name:1	FILTERS_MODE_IPREFETCH	not_bound_to_vm_program	program_rollup_from_exact_vm_refs_and_behavior_hypotheses	reduce opcode/dataflow around referenced site and native bridge target
021	57	0x1705a9	threading_sync	low_to_medium	1	threading_sync:1	threading_import_symbol:1	pthread_mutexattr_init	not_bound_to_vm_program	program_rollup_from_exact_vm_refs_and_behavior_hypotheses	reduce opcode/dataflow around referenced site and native bridge target
022	46	0x176883	control_transfer_or_native_bridge_candidate	low_to_medium	1	compiler_metadata:1	compiler_type_name:1	unsigned __int128	not_bound_to_vm_program	program_rollup_from_exact_vm_refs_and_behavior_hypotheses	reduce opcode/dataflow around referenced site and native bridge target
023	47	0x177353	control_transfer_or_native_bridge_candidate	low	0	no_exact_side_effect_ref			not_bound_to_vm_program	program_rollup_from_exact_vm_refs_and_behavior_hypotheses	confirm tags by reducing nearby opcode windows and native/import bridge targets
024	48	0x179f43	control_transfer_or_native_bridge_candidate	low	0	no_exact_side_effect_ref			not_bound_to_vm_program	program_rollup_from_exact_vm_refs_and_behavior_hypotheses	confirm tags by reducing nearby opcode windows and native/import bridge targets
025	7	0x18b66f	control_transfer_or_native_bridge_candidate	low	0	no_exact_side_effect_ref			not_bound_to_vm_program	program_rollup_from_exact_vm_refs_and_behavior_hypotheses	confirm tags by reducing nearby opcode windows and native/import bridge targets
026	54	0x1a480d	control_transfer_or_native_bridge_candidate	low	0	no_exact_side_effect_ref			not_bound_to_vm_program	program_rollup_from_exact_vm_refs_and_behavior_hypotheses	confirm tags by reducing nearby opcode windows and native/import bridge targets
027	55	0x1a5f3d	control_transfer_or_native_bridge_candidate	low	0	no_exact_side_effect_ref			not_bound_to_vm_program	program_rollup_from_exact_vm_refs_and_behavior_hypotheses	confirm tags by reducing nearby opcode windows and native/import bridge targets
028	52	0x1ec0ab	control_transfer_or_native_bridge_candidate	low	0	no_exact_side_effect_ref			not_bound_to_vm_program	program_rollup_from_exact_vm_refs_and_behavior_hypotheses	confirm tags by reducing nearby opcode windows and native/import bridge targets
029	11	0x22fe2d	control_transfer_or_native_bridge_candidate	low	0	no_exact_side_effect_ref			not_bound_to_vm_program	program_rollup_from_exact_vm_refs_and_behavior_hypotheses	confirm tags by reducing nearby opcode windows and native/import bridge targets
030	12	0x230722	vm_dispatch_math_only_so_far	none	0	no_exact_side_effect_ref			not_bound_to_vm_program	program_rollup_from_exact_vm_refs_and_behavior_hypotheses	defer until control graph names this program or new data refs appear
031	50	0x2316bf	cxx_runtime	low_to_medium	1	cxx_runtime:1	cxx_runtime_type_or_exception_text:1	_ZGTtdlPv	not_bound_to_vm_program	program_rollup_from_exact_vm_refs_and_behavior_hypotheses	reduce opcode/dataflow around referenced site and native bridge target
032	2	0x249468	control_transfer_or_native_bridge_candidate	low	0	no_exact_side_effect_ref			not_bound_to_vm_program	program_rollup_from_exact_vm_refs_and_behavior_hypotheses	confirm tags by reducing nearby opcode windows and native/import bridge targets
033	0	0x26cd71	control_transfer_or_native_bridge_candidate	low	0	no_exact_side_effect_ref			not_bound_to_vm_program	program_rollup_from_exact_vm_refs_and_behavior_hypotheses	confirm tags by reducing nearby opcode windows and native/import bridge targets
034	1	0x26db07	control_transfer_or_native_bridge_candidate	low_to_medium	1	literal_data:1	literal_data_marker:1	YYYYY	not_bound_to_vm_program	program_rollup_from_exact_vm_refs_and_behavior_hypotheses	reduce opcode/dataflow around referenced site and native bridge target
035	59	0x292986	control_transfer_or_native_bridge_candidate	low	0	no_exact_side_effect_ref			not_bound_to_vm_program	program_rollup_from_exact_vm_refs_and_behavior_hypotheses	confirm tags by reducing nearby opcode windows and native/import bridge targets
036	60	0x2bec2e	control_transfer_or_native_bridge_candidate	low	0	no_exact_side_effect_ref			not_bound_to_vm_program	program_rollup_from_exact_vm_refs_and_behavior_hypotheses	confirm tags by reducing nearby opcode windows and native/import bridge targets
037	61	0x2bf297	control_transfer_or_native_bridge_candidate	low	0	no_exact_side_effect_ref			not_bound_to_vm_program	program_rollup_from_exact_vm_refs_and_behavior_hypotheses	confirm tags by reducing nearby opcode windows and native/import bridge targets
038	62	0x2bf97c	control_transfer_or_native_bridge_candidate	low	0	no_exact_side_effect_ref			not_bound_to_vm_program	program_rollup_from_exact_vm_refs_and_behavior_hypotheses	confirm tags by reducing nearby opcode windows and native/import bridge targets
039	63	0x2bfe6f	networking	low_to_medium	1	network:1	network_import_symbol:1	socket	not_bound_to_vm_program	program_rollup_from_exact_vm_refs_and_behavior_hypotheses	reduce opcode/dataflow around referenced site and native bridge target
040	65	0x2c1156	cxx_runtime	low_to_medium	1	cxx_runtime:1	cxx_runtime_type_or_exception_text:1	basic_string::append	not_bound_to_vm_program	program_rollup_from_exact_vm_refs_and_behavior_hypotheses	reduce opcode/dataflow around referenced site and native bridge target
041	31	0x30e872	crypto_hashing;cxx_runtime;disassembly_metadata	medium	5	cxx_runtime:1,locale_i18n:1,crypto_hashing:1,compiler_metadata:1,disassembly_metadata:1	gnu_transactional_memory_runtime_symbol:1,locale_runtime_symbol:1,crypto_import_symbol:1,compiler_type_name:1,disassembly_metadata_symbol:1	_ITM_registerTMCloneTable || __freelocale || blake3_hasher_finalize || unsigned __int128 || zydis_decoder_tree_root	not_bound_to_vm_program	program_rollup_from_exact_vm_refs_and_behavior_hypotheses	reduce opcode/dataflow around referenced site and native bridge target
042	17	0x31aa27	cxx_runtime	medium	4	cxx_runtime:2,locale_i18n:2	gnu_transactional_memory_runtime_symbol:2,locale_runtime_symbol:2	_ITM_registerTMCloneTable || __freelocale || _ITM_registerTMCloneTable || __freelocale	not_bound_to_vm_program	program_rollup_from_exact_vm_refs_and_behavior_hypotheses	reduce opcode/dataflow around referenced site and native bridge target
043	18	0x31df8f	control_transfer_or_native_bridge_candidate	low	0	no_exact_side_effect_ref			not_bound_to_vm_program	program_rollup_from_exact_vm_refs_and_behavior_hypotheses	confirm tags by reducing nearby opcode windows and native/import bridge targets
044	28	0x31ea5c	control_transfer_or_native_bridge_candidate	low	0	no_exact_side_effect_ref			not_bound_to_vm_program	program_rollup_from_exact_vm_refs_and_behavior_hypotheses	confirm tags by reducing nearby opcode windows and native/import bridge targets
045	29	0x31eae4	threading_sync	low_to_medium	1	threading_sync:1	threading_import_symbol:1	pthread_cond_wait	not_bound_to_vm_program	program_rollup_from_exact_vm_refs_and_behavior_hypotheses	reduce opcode/dataflow around referenced site and native bridge target
046	23	0x33170b	cxx_runtime	medium	2	cxx_runtime:1,locale_i18n:1	gnu_transactional_memory_runtime_symbol:1,locale_runtime_symbol:1	_ITM_registerTMCloneTable || __freelocale	not_bound_to_vm_program	program_rollup_from_exact_vm_refs_and_behavior_hypotheses	reduce opcode/dataflow around referenced site and native bridge target
047	24	0x333882	control_transfer_or_native_bridge_candidate	low	0	no_exact_side_effect_ref			not_bound_to_vm_program	program_rollup_from_exact_vm_refs_and_behavior_hypotheses	confirm tags by reducing nearby opcode windows and native/import bridge targets
048	19	0x334a3d	cxx_runtime	medium	3	cxx_runtime:1,locale_i18n:1,compiler_metadata:1	gnu_transactional_memory_runtime_symbol:1,locale_runtime_symbol:1,compiler_type_name:1	_ITM_registerTMCloneTable || __freelocale || long double	not_bound_to_vm_program	program_rollup_from_exact_vm_refs_and_behavior_hypotheses	reduce opcode/dataflow around referenced site and native bridge target
049	22	0x336dc8	control_transfer_or_native_bridge_candidate	low	0	no_exact_side_effect_ref			not_bound_to_vm_program	program_rollup_from_exact_vm_refs_and_behavior_hypotheses	confirm tags by reducing nearby opcode windows and native/import bridge targets
050	25	0x337e84	control_transfer_or_native_bridge_candidate	low	0	no_exact_side_effect_ref			not_bound_to_vm_program	program_rollup_from_exact_vm_refs_and_behavior_hypotheses	confirm tags by reducing nearby opcode windows and native/import bridge targets
051	26	0x33a385	control_transfer_or_native_bridge_candidate	low	0	no_exact_side_effect_ref			not_bound_to_vm_program	program_rollup_from_exact_vm_refs_and_behavior_hypotheses	confirm tags by reducing nearby opcode windows and native/import bridge targets
052	27	0x33b647	tls_or_ssl;host_environment	medium	2	tls_or_ssl:1,host_environment_inventory:1	tls_protocol_message:1,libc_version_requirement:1	dropping unexpected ChangeCipherSpec || GLIBC_2.17	not_bound_to_vm_program	program_rollup_from_exact_vm_refs_and_behavior_hypotheses	reduce opcode/dataflow around referenced site and native bridge target
053	20	0x33db28	control_transfer_or_native_bridge_candidate	low	0	no_exact_side_effect_ref			not_bound_to_vm_program	program_rollup_from_exact_vm_refs_and_behavior_hypotheses	confirm tags by reducing nearby opcode windows and native/import bridge targets
054	21	0x33e889	control_transfer_or_native_bridge_candidate	low	0	no_exact_side_effect_ref			not_bound_to_vm_program	program_rollup_from_exact_vm_refs_and_behavior_hypotheses	confirm tags by reducing nearby opcode windows and native/import bridge targets
055	30	0x33f278	tls_or_ssl;threading_sync;host_environment;cxx_runtime	medium	18	cxx_runtime:7,locale_i18n:6,threading_sync:2,tls_or_ssl:1,process_or_shell:1,host_environment_inventory:1	gnu_transactional_memory_runtime_symbol:6,locale_runtime_symbol:6,threading_import_symbol:2,cxx_runtime_type_or_exception_text:1,tls_library_source_path:1,process_or_host_import_symbol:1	_ITM_registerTMCloneTable || __freelocale || NSt7__cxx118time_getIwSt19istreambuf_iteratorIwSt11char_traitsIwEEEE || _ITM_registerTMCloneTable || __freelocale || /home/richard/code/mbedtls/library/ssl_tls.c || pthread_cond_timedwait || _ITM_registerTMCloneTable	not_bound_to_vm_program	program_rollup_from_exact_vm_refs_and_behavior_hypotheses	reduce opcode/dataflow around referenced site and native bridge target
056	32	0x3603af	control_transfer_or_native_bridge_candidate	low	0	no_exact_side_effect_ref			not_bound_to_vm_program	program_rollup_from_exact_vm_refs_and_behavior_hypotheses	confirm tags by reducing nearby opcode windows and native/import bridge targets
057	40	0x365458	control_transfer_or_native_bridge_candidate	low	0	no_exact_side_effect_ref			not_bound_to_vm_program	program_rollup_from_exact_vm_refs_and_behavior_hypotheses	confirm tags by reducing nearby opcode windows and native/import bridge targets
058	41	0x3654e0	control_transfer_or_native_bridge_candidate	low	0	no_exact_side_effect_ref			not_bound_to_vm_program	program_rollup_from_exact_vm_refs_and_behavior_hypotheses	confirm tags by reducing nearby opcode windows and native/import bridge targets
059	33	0x3674c3	cxx_runtime	medium	4	cxx_runtime:2,embedded_data_or_token:1,locale_i18n:1	embedded_token_or_encoded_blob:1,gnu_transactional_memory_runtime_symbol:1,locale_runtime_symbol:1,cxx_runtime_type_or_exception_text:1	QmK3TAsJm8V/J5AWpLEV6jAFgRGymGGHnof0DXzVWZidrcZJWTNuGEX90nB3ee2w || _ITM_registerTMCloneTable || __freelocale || basic_string::_S_construct null not valid	not_bound_to_vm_program	program_rollup_from_exact_vm_refs_and_behavior_hypotheses	reduce opcode/dataflow around referenced site and native bridge target
060	34	0x369ad3	control_transfer_or_native_bridge_candidate	low	0	no_exact_side_effect_ref			not_bound_to_vm_program	program_rollup_from_exact_vm_refs_and_behavior_hypotheses	confirm tags by reducing nearby opcode windows and native/import bridge targets
061	35	0x36b124	cxx_runtime	medium	2	cxx_runtime:1,locale_i18n:1	gnu_transactional_memory_runtime_symbol:1,locale_runtime_symbol:1	_ITM_registerTMCloneTable || __freelocale	not_bound_to_vm_program	program_rollup_from_exact_vm_refs_and_behavior_hypotheses	reduce opcode/dataflow around referenced site and native bridge target
062	36	0x36d524	control_transfer_or_native_bridge_candidate	low_to_medium	1	unclassified_data:1	unclassified_data_string:1	:$23	not_bound_to_vm_program	program_rollup_from_exact_vm_refs_and_behavior_hypotheses	reduce opcode/dataflow around referenced site and native bridge target
063	37	0x36ecdc	tls_or_ssl;cxx_runtime;process_or_shell	medium	5	process_or_shell:1,host_environment_inventory:1,cxx_runtime:1,locale_i18n:1,tls_or_ssl:1	process_or_host_import_symbol:1,gnu_transactional_memory_runtime_symbol:1,locale_runtime_symbol:1,tls_protocol_message:1	pclose || _ITM_registerTMCloneTable || __freelocale || client hello, adding server name extension: %s	not_bound_to_vm_program	program_rollup_from_exact_vm_refs_and_behavior_hypotheses	reduce opcode/dataflow around referenced site and native bridge target
064	38	0x3716c7	control_transfer_or_native_bridge_candidate	low	0	no_exact_side_effect_ref			not_bound_to_vm_program	program_rollup_from_exact_vm_refs_and_behavior_hypotheses	confirm tags by reducing nearby opcode windows and native/import bridge targets
065	39	0x3717c4	control_transfer_or_native_bridge_candidate	low	0	no_exact_side_effect_ref			not_bound_to_vm_program	program_rollup_from_exact_vm_refs_and_behavior_hypotheses	confirm tags by reducing nearby opcode windows and native/import bridge targets
