program	block	state	block_end	byte_end_min	rows	terminal_kind	source_block	raw_b0	raw_b1	raw_b2	raw_b3	raw_b4	raw_b5	raw_u16_0	raw_u16_1	raw_u16_2	raw_u16_4	raw_prefix32	first_source_entry	first_target_entry	first_state_ir	first_state_effect_ir	first_dispatch_ir	last_source_entry	last_target_entry	last_state_ir	last_state_effect_ir	last_dispatch_ir	edge_kind	edge_target_block	edge_target_vm_ip	edge_source_entry	edge_target_entry	edge_delta	edge_semantic_ir	edge_coverage	trace_observations	trace_with_pre_state	trace_with_pre_flags	trace_with_pre_byte	observed_pre_state	observed_post_state	observed_pre_flags	observed_post_flags	observed_target_entry	observed_bytes
028	153	0x1ec0ab	0x1ec347	0x1ec347	176	exact_instruction	13@0x1ec0ab-0x1ed489+0x0	0xe8	0x1	0xab	0x0	0x4d	0x1	0x1e8	0xab01	0xab	0x14d	e801ab004d0173e9990037f026178809e8a90be801c82aee9858015f3088d4fc						20	356				covered_synthetic_fallthrough		0x1ec347	20	356	+0x4	next = 356@0xc291a:1, ip += +0x4; dispatch_model=static_100	hidden_span_of_14:1	11	0	0	0					171:11	e801ab00:11
028	154	0x1ec355	0x1ec466	0x1ec466	72	exact_instruction	13@0x1ec0ab-0x1ed489+0x2aa	0x33	0x1	0x3a	0x8d	0xb4	0x60	0x133	0x3a01	0x8d3a	0x60b4	33013a8db460306209cfd9990089f1e80186ac21c5cb49ab009807bc4598e801						245	316				covered_synthetic_fallthrough		0x1ec466	245	316	+0x5	next = 316@0xb987b:1, ip += +0x5; dispatch_model=static_100	hidden_span_of_17:1	11	0	0	0					307:11	3301:11
028	155	0x1ec477	0x1ec5c3	0x1ec5c3	88	exact_instruction	13@0x1ec0ab-0x1ed489+0x3cc	0xa3	0xc5	0x8a	0x6b	0x46	0xb0	0xc5a3	0x8ac5	0x6b8a	0xb046	a3c58a6b46b0112ef12be801ce97ca003d014ea8af97c4767801815b002e2fc1						161	278				covered_synthetic_fallthrough		0x1ec5c3	161	278	+0x4	next = 278@0xb2342:1, ip += +0x4; dispatch_model=static_100; state=state_add_const	hidden_span_of_14:1	11	0	0	0					300:11	a3c58a6b:11
028	156	0x1ec5d1	0x1ec87a	0x1ec87a	181	exact_instruction	13@0x1ec0ab-0x1ed489+0x526	0xbd	0x0	0x99	0x0	0x1c	0xe0	0xbd	0x9900	0x99	0xe01c	bd0099001ce0baf5ae995756d89001e80121963a3b369cebd7984797a29fe801						176	216				covered_synthetic_fallthrough		0x1ec87a	176	216	+0x4	next = 216@0xa4a61:1, ip += +0x4; dispatch_model=static_100	hidden_span_of_14:1	11	0	0	0					189:11	bd00:11
028	157	0x1ec888	0x1ecb65	0x1ecb65	194	exact_instruction	13@0x1ec0ab-0x1ed489+0x7dd	0x2	0x1	0x3e	0xb6	0x7	0x76	0x102	0x3e01	0xb63e	0x7607	02013eb60776053ea5d79266d69a4ae801dddba5ad6e5e76d8ceadb2c2bae801						123	264				covered_synthetic_fallthrough		0x1ecb65	123	264	+0x4	next = 264@0xaf4cf:1, ip += +0x4; dispatch_model=static_100	hidden_span_of_14:1	11	0	0	0					258:11	0201:11
028	158	0x1ecb73	0x1ecdd5	0x1ecdd5	162	exact_instruction	13@0x1ec0ab-0x1ed489+0xac8	0xcb	0x0	0x3f	0x9e	0x35	0x76	0xcb	0x3f00	0x9e3f	0x7635	cb003f9e35767337b654710d87ea51e80164b808cce8053adca56c975624e801						174	278				covered_synthetic_fallthrough		0x1ecdd5	174	278	+0x4	next = 278@0xb2342:1, ip += +0x4; dispatch_model=static_100	hidden_span_of_14:1	11	0	0	0					203:11	cb00:11
028	159	0x1ecde3	0x1ecfff	0x1ecfff	144	exact_instruction	13@0x1ec0ab-0x1ed489+0xd38	0xc4	0x0	0x4f	0x6e	0xbc	0xf7	0xc4	0x4f00	0x6e4f	0xf7bc	c4004f6ebcf7619daf99101ceda59ae8018ba1ab00e7989743d00afc4c05e801						184	311				covered_synthetic_fallthrough		0x1ecfff	184	311	+0x4	next = 311@0xb86f8:1, ip += +0x4; dispatch_model=static_100	hidden_span_of_14:1	11	0	0	0					196:11	c400:11
028	160	0x1ed00d	0x1ed229	0x1ed229	144	exact_instruction	13@0x1ec0ab-0x1ed489+0xf62	0xb9	0x0	0x53	0xa2	0x3a	0x6b	0xb9	0x5300	0xa253	0x6b3a	b90053a23a6b8e8cdb395a5d2783d9e80140059032568ed96a0e4c41b71ce801						123	278				covered_synthetic_fallthrough		0x1ed229	123	278	+0x4	next = 278@0xb2342:1, ip += +0x4; dispatch_model=static_100	hidden_span_of_14:1	11	0	0	0					185:11	b900:11
028	161	0x1ed237	0x1ed483	0x1ed483	156	exact_instruction	13@0x1ec0ab-0x1ed489+0x118c	0x12	0x0	0xe8	0x4	0x3a	0x36	0x12	0xe800	0x4e8	0x363a	1200e8043a36c2990074003e8150ace8011ca12302f49446d498071db690e801						161	195				covered_synthetic_fallthrough		0x1ed483	161	195	+0x4	next = 195@0x9fb50:1, ip += +0x4; dispatch_model=static_100	target_footprint_of_6:1	11	0	0	0					18:11	1200:11
