rank	entry	target	function	model_function	sidecar	ip_advance	slot_status	slot_expr	effects
12	159	0x992cd	function_992cd	vm_tier1_entry_159	vm_unobserved_handlers_retdec_batch00.c	9	state_effect_only_no_dispatch_return		ip += 9; retdec_tail=state = 2*state0 + s16(ip+4); paired qword pointer copy/step; ip_reads=+0x2/2,+0x0/2,+0x6/2,+0x4/2; frame_reads=0xa,0x23,0x199,0x194,0x10f,0x170,0x81; frame_writes=0x23,0x170,0xa
13	244	0xaaf3e	function_aaf3e	vm_tier1_entry_244	vm_unobserved_handlers_retdec_batch01.c	9	state_pointer_return_no_dispatch_slot		ip += 9; retdec_tail=word copy through paired pointer step; flags optionally adjusted; ip_reads=+0x7/2,+0x0/2,+0x5/2,+0x2/2; frame_reads=0xa,0x170,0x0,0x199,0x23,0x10f; frame_writes=0x23,0xa
14	12	0x7acd8	function_7acd8	vm_tier1_entry_012	vm_unobserved_handlers_retdec_batch01.c	8	retdec_dispatch_table_slot	(s16(ip+0) - (state0 | flags0) + 0x61ec39cd) & 0xffff	ip += 8; retdec_tail=state = slot_source | (state0 | flags0); byte store through pointer step; ip_reads=+0x4/2,+0x6/2,+0x2/2,+0x0/2; frame_reads=0xa,0x23,0x10f,0x170; frame_writes=0x170,0xa
15	234	0xa823e	function_a823e	vm_tier1_entry_234	vm_unobserved_handlers_retdec_batch01.c	11	state_effect_only_no_dispatch_return		ip += 11; retdec_tail=state = ((state0 ^ s16(ip+0)) + 0x6352399c) | state0; byte compare/pointer step; ip_reads=+0x3/2,+0x9/2,+0x5/2,+0x2/1,+0x7/2,+0x0/2; frame_reads=0xa,0x199,0x81,0x10f,0x170; frame_writes=0x23,0x170,0xa
16	213	0xa3dc7	function_a3dc7	vm_tier1_entry_213	vm_unobserved_handlers_retdec_batch01.c	8	state_effect_only_no_dispatch_return		ip += 8; retdec_tail=state = state0 + 0x45c6c3bb - s16(ip+2); word copy through pointer step; ip_reads=+0x6/2,+0x0/2,+0x4/2,+0x2/2; frame_reads=0xa,0x81,0x0,0x10f,0x194; frame_writes=0x170,0xa
17	100	0x8cc81	function_8cc81	vm_tier1_entry_100	vm_unobserved_handlers_retdec_batch01.c	11	retdec_dispatch_table_slot	(s16(ip+9) - 0x4b931360 + state0) & 0xffff	ip += 11; retdec_tail=state = slot_source ^ state0; word compare/pointer step; ip_reads=+0x0/2,+0x2/2,+0x6/2,+0x8/1,+0x4/2,+0x9/2; frame_reads=0xa,0x170,0x0,0x199,0x10f; frame_writes=0x170,0xa
18	224	0xa68c2	function_a68c2	vm_tier1_entry_224	vm_unobserved_handlers_retdec_batch01.c	9	state_effect_only_no_dispatch_return		ip += 9; retdec_tail=state = (state0 + s16(ip+3)) | state0; dword paired pointer step; ip_reads=+0x5/2,+0x7/2,+0x1/2,+0x3/2; frame_reads=0xa,0x170,0x199,0x23,0x0,0x10f,0x60; frame_writes=0x23,0x170,0xa
19	63	0x84e1d	function_84e1d	vm_tier1_entry_063	vm_unobserved_handlers_retdec_batch01.c	11	state_effect_only_no_dispatch_return		ip += 11; retdec_tail=state = ((s16(ip+2) - state0) ^ 0x14083b5a) + state0; byte compare/pointer step; ip_reads=+0x0/2,+0x4/2,+0x7/2,+0x6/1,+0x9/2,+0x2/2; frame_reads=0xa,0x81,0x199,0x10f,0x170,0x194; frame_writes=0x170,0xa
20	182	0x9d24c	function_9d24c	vm_tier1_entry_182	vm_unobserved_handlers_retdec_batch01.c	8	state_effect_only_no_dispatch_return		ip += 8; retdec_tail=state = state0 - (s16(ip+4) ^ 0x4174ae3e); word store through pointer step; ip_reads=+0x2/2,+0x6/2,+0x0/2,+0x4/2; frame_reads=0xa,0x23,0x10f; frame_writes=0x23,0x170,0xa
21	279	0xb23f7	function_b23f7	vm_tier1_entry_279	vm_unobserved_handlers_retdec_batch01.c	5	noisy_dispatch_return_candidate	(s16(ip+2) - (state0 | flags0) + 0x68baea26) & 0xffff	ip += 5; retdec_tail=state = slot_source | (state0 | flags0); native return expression includes dispatch base plus obfuscation residue; ip_reads=+0x4/1,+0x0/2,+0x2/2; frame_reads=0xa,0x0,0x23,0x194,0x81,0x71,0x10f,0x170; frame_writes=0x71,0x170,0x0,0xa
22	25	0x7d941	function_7d941	vm_tier1_entry_025	vm_unobserved_handlers_retdec_batch01.c	11	state_effect_only_no_dispatch_return		ip += 11; retdec_tail=state = (state0 + s16(ip+4)) ^ state0; word compare/pointer step; ip_reads=+0x0/2,+0x7/2,+0x9/2,+0x6/1,+0x2/2,+0x4/2; frame_reads=0xa,0x170,0x71,0x199,0x10f; frame_writes=0x23,0x170,0xa
23	228	0xa6f79	function_a6f79	vm_tier1_entry_228	vm_unobserved_handlers_retdec_batch01.c	11	state_effect_only_no_dispatch_return		ip += 11; retdec_tail=state = (s16(ip+4) ^ 0x5537ca3f) & state_after_flag_or; dword compare/pointer step; ip_reads=+0x0/2,+0x2/2,+0x9/2,+0x6/1,+0x7/2,+0x4/2; frame_reads=0xa,0x170,0x199,0x23,0x10f; frame_writes=0x170,0x23,0xa
24	77	0x88131	function_88131	vm_tier1_entry_077	vm_unobserved_handlers_retdec_batch02.c	5	state_effect_only_no_dispatch_return		ip += 5; retdec_tail=state = state0 + s16(ip+0); flag/operand rewrite body precedes tail; ip_reads=+0x2/1,+0x3/2,+0x0/2; frame_reads=0xa,0x0,0x71,0x10f; frame_writes=0x71,0x0,0x23,0x170,0xa
25	59	0x84302	function_84302	vm_tier1_entry_059	vm_unobserved_handlers_retdec_batch02.c	11	state_effect_only_no_dispatch_return		ip += 11; retdec_tail=state = (s16(ip+6) - 0x26d85c20) & state0; qword compare/pointer step; ip_reads=+0x8/2,+0x2/2,+0x4/2,+0xa/1,+0x0/2,+0x6/2; frame_reads=0xa,0x81,0x199,0x71,0x10f; frame_writes=0x170,0xa
26	6	0x7971e	function_7971e	vm_tier1_entry_006	vm_unobserved_handlers_retdec_batch02.c	9	state_effect_only_no_dispatch_return		ip += 9; retdec_tail=state = state0 + 0x17cd41c1 + (state0 ^ s16(ip+7)); paired word pointer step; ip_reads=+0x3/2,+0x0/2,+0x5/2,+0x7/2; frame_reads=0xa,0x81,0x199,0x10f,0x170; frame_writes=0x170,0xa
27	155	0x980ab	function_980ab	vm_tier1_entry_155	vm_unobserved_handlers_retdec_batch02.c	9	state_effect_only_no_dispatch_return		ip += 9; retdec_tail=state = (s16(ip+2) - 0x24797ebc) | state0; byte pointer step; ip_reads=+0x0/2,+0x4/2,+0x6/2,+0x2/2; frame_reads=0xa,0x170,0x0,0x199,0x10f; frame_writes=0x170,0xa
28	298	0xb6902	function_b6902	vm_tier1_entry_298	vm_unobserved_handlers_retdec_batch02.c	9	pointer_effect_no_state_slot		ip += 9; retdec_tail=paired word pointer step; no clean state/dispatch slot in RetDec tail; ip_reads=+0x5/2,+0x3/2,+0x0/2,+0x7/2; frame_reads=0xa,0x199,0x10f,0x170; frame_writes=0xa
29	162	0x99b3c	function_99b3c	vm_tier1_entry_162	vm_unobserved_handlers_retdec_batch02.c	11	state_effect_only_no_dispatch_return		ip += 11; retdec_tail=state adjusted by operand/constant chain after byte compare; no clean dispatch slot; ip_reads=+0x7/2,+0x3/2,+0x5/2,+0x2/1,+0x0/2,+0x9/2; frame_reads=0xa,0x199,0x10f; frame_writes=0x170,0xa
30	286	0xb42e2	function_b42e2	vm_tier1_entry_286	vm_unobserved_handlers_retdec_batch02.c	5	state_effect_only_no_dispatch_return		ip += 5; retdec_tail=state = (state0 + s16(ip+2)) ^ state0; flag/operand rewrite body precedes tail; ip_reads=+0x4/1,+0x0/2,+0x2/2; frame_reads=0xa,0x0,0x170,0x23,0x194,0x71,0x10f; frame_writes=0x170,0x71,0x0,0x23,0xa
31	84	0x8983b	function_8983b	vm_tier1_entry_084	vm_unobserved_handlers_retdec_batch02.c	5	masked_return_slot_requires_g3	(state0 + s16(ip+0)) & g3_mask	ip += 5; retdec_tail=state = state0 + (state0 + s16(ip+0)); return is masked by g3; ip_reads=+0x3/2,+0x2/1,+0x0/2; frame_reads=0xa,0x0,0x170,0x194,0x23,0x71,0x10f; frame_writes=0x170,0x71,0x0,0xa
32	14	0x7b3be	function_7b3be	vm_tier1_entry_014	vm_unobserved_handlers_retdec_batch02.c	5	state_effect_only_no_dispatch_return		ip += 5; retdec_tail=state = (s16(ip+0) - 0x7584d103) ^ (state0 & flags0); flag/operand rewrite body precedes tail; ip_reads=+0x4/1,+0x2/2,+0x0/2; frame_reads=0xa,0x0,0x60,0xe1,0x23,0x71,0x10f; frame_writes=0x71,0x170,0x0,0x60,0xa
33	197	0xa006b	function_a006b	vm_tier1_entry_197	vm_unobserved_handlers_retdec_batch02.c	5	state_effect_only_no_dispatch_return		ip += 5; retdec_tail=state = state0 - (state0 ^ s16(ip+2)); predicate scratch side effects present; ip_reads=+0x0/2,+0x4/1,+0x2/2; frame_reads=0xa,0x10f,0x170,0x81; frame_writes=0x199,0x170,0xa
34	193	0x9f77c	function_9f77c	vm_tier1_entry_193	vm_unobserved_handlers_retdec_batch02.c	9	state_effect_only_no_dispatch_return		ip += 9; retdec_tail=state = (-0x1aead89a - state0 + s16(ip+5)) ^ state0; paired word pointer step; ip_reads=+0x3/2,+0x7/2,+0x0/2,+0x5/2; frame_reads=0xa,0x23,0x71,0x199,0x10f,0x170; frame_writes=0x170,0xa
35	72	0x868bd	function_868bd	vm_tier1_entry_072	vm_unobserved_handlers_retdec_batch03.c	11	state_effect_only_no_dispatch_return		ip += 11; retdec_tail=state = (state0 & 0x1cdfcc1d) - 0x17395727 - ((state0 & 0x1cdfcc1d) ^ s16(ip+0)); byte compare/pointer step; ip_reads=+0x9/2,+0x3/2,+0x7/2,+0x2/1,+0x5/2,+0x0/2; frame_reads=0xa,0x199,0x81,0x10f,0x170; frame_writes=0x170,0xa
36	97	0x8c5b9	function_8c5b9	vm_tier1_entry_097	vm_unobserved_handlers_retdec_batch03.c	5	state_effect_only_no_dispatch_return		ip += 5; retdec_tail=state = (s16(ip+3) - state0) & state0; flag/operand rewrite body precedes tail; ip_reads=+0x0/1,+0x1/2,+0x3/2; frame_reads=0xa,0x60,0x0,0x194,0x23,0x71,0x10f,0x170; frame_writes=0x170,0x71,0x60,0x0,0xa
37	55	0x83b40	function_83b40	vm_tier1_entry_055	vm_unobserved_handlers_retdec_batch03.c	5	state_effect_only_no_dispatch_return		ip += 5; retdec_tail=state = state0 | s16(ip+2); flag/operand rewrite body precedes tail; ip_reads=+0x0/2,+0x4/1,+0x2/2; frame_reads=0xa,0x60,0x194,0x0,0x71,0x10f,0x170; frame_writes=0x71,0x60,0x0,0x170,0xa
38	61	0x84762	function_84762	vm_tier1_entry_061	vm_unobserved_handlers_retdec_batch03.c	11	state_effect_only_no_dispatch_return		ip += 11; retdec_tail=state = 2*state0 - s16(ip+5) - 0x326db6ec; byte compare/pointer step; ip_reads=+0x3/2,+0x0/2,+0x9/2,+0x2/1,+0x7/2,+0x5/2; frame_reads=0xa,0x194,0x199,0x71,0x10f,0x170; frame_writes=0x23,0x170,0xa
39	178	0x9c74a	function_9c74a	vm_tier1_entry_178	vm_unobserved_handlers_retdec_batch03.c	11	compare_only_no_state_slot		ip += 11; retdec_tail=byte/word compare path updates flags; RetDec tail only advances IP; ip_reads=+0x9/2,+0x2/2,+0x0/2,+0x6/1,+0x7/2,+0x4/2; frame_reads=0xa,0x81,0x199,0x10f; frame_writes=0xa
40	41	0x8129d	function_8129d	vm_tier1_entry_041	vm_unobserved_handlers_retdec_batch03.c	5	state_effect_only_no_dispatch_return		ip += 5; retdec_tail=state = ((state0 ^ s16(ip+0)) - 0x7c7cd82f) | state0; flag/operand rewrite body precedes tail; ip_reads=+0x2/1,+0x3/2,+0x0/2; frame_reads=0xa,0x0,0x60,0x194,0x23,0x71,0x10f,0x170; frame_writes=0x170,0x71,0x0,0x60,0xa
41	235	0xa8450	function_a8450	vm_tier1_entry_235	vm_unobserved_handlers_retdec_batch03.c	5	masked_return_slot_requires_g3	(state0 + s16(ip+0)) & g3_mask	ip += 5; retdec_tail=state = state0 + (state0 + s16(ip+0)); return is masked by g3; ip_reads=+0x3/2,+0x2/1,+0x0/2; frame_reads=0xa,0x0,0x60,0x170,0x194,0x71,0x10f; frame_writes=0x71,0x60,0x0,0x170,0xa
42	262	0xaef02	function_aef02	vm_tier1_entry_262	vm_unobserved_handlers_retdec_batch03.c	11	retdec_dispatch_table_slot	(state0 + flags0 + 0x8f09 + s16(ip+8)) & 0xffff	ip += 11; retdec_tail=state = state0 + flags0; qword compare/pointer step before dispatch-table load; ip_reads=+0x2/2,+0x4/2,+0x0/2,+0xa/1,+0x6/2,+0x8/2; frame_reads=0xa,0x170,0x199,0x194,0x23,0x10f; frame_writes=0x170,0xa
43	16	0x7b77c	function_7b77c	vm_tier1_entry_016	vm_unobserved_handlers_retdec_batch03.c	5	state_effect_only_no_dispatch_return		ip += 5; retdec_tail=state = (s16(ip+1) - 0x699ad46a) ^ state0; flag/operand rewrite body precedes tail; ip_reads=+0x0/1,+0x3/2,+0x1/2; frame_reads=0xa,0x60,0x0,0x71,0x23,0xe1,0x10f,0x81; frame_writes=0x170,0x71,0x60,0x0,0xa
44	344	0xbff6a	function_bff6a	vm_tier1_entry_344	vm_unobserved_handlers_retdec_batch03.c	5	state_effect_only_no_dispatch_return		ip += 5; retdec_tail=state = ((state0 ^ s16(ip+0)) - 0x6a74b67c) & state0; predicate scratch side effects present; ip_reads=+0x2/2,+0x4/1,+0x0/2; frame_reads=0xa,0x10f,0x170; frame_writes=0x199,0x170,0xa
45	106	0x8eb79	function_8eb79	vm_tier1_entry_106	vm_unobserved_handlers_retdec_batch03.c	5	masked_dispatch_table_slot_requires_g3	s16(ip+3) & g3_mask	ip += 5; retdec_tail=state = state0 - s16(ip+3); return adds dispatch base to g3-masked operand; ip_reads=+0x0/1,+0x1/2,+0x3/2; frame_reads=0xa,0x0,0x60,0x194,0x71,0x10f; frame_writes=0x71,0x0,0x60,0x23,0x170,0xa
46	218	0xa4df7	function_a4df7	vm_tier1_entry_218	vm_unobserved_handlers_retdec_batch04.c	5	state_effect_only_no_dispatch_return		ip += 5; retdec_tail=state = (s16(ip+0) - (state0 & 0x0844d83d) ^ 0x77e8718e) | (state0 & 0x0844d83d); ip_reads=+0x2/2,+0x4/1,+0x0/2; frame_reads=0xa,0x0,0x60,0x194,0x71,0x10f,0x170; frame_writes=0x71,0x170,0x60,0x0,0xa
47	206	0xa1b3e	function_a1b3e	vm_tier1_entry_206	vm_unobserved_handlers_retdec_batch04.c	5	state_effect_only_no_dispatch_return		ip += 5; retdec_tail=state = (s16(ip+3) + 0x79a60067) & state0; flag/operand rewrite body precedes tail; ip_reads=+0x1/2,+0x0/1,+0x3/2; frame_reads=0xa,0x71,0x60,0x0,0x194,0x10f; frame_writes=0x71,0x60,0x0,0x170,0xa
48	272	0xb0e30	function_b0e30	vm_tier1_entry_272	vm_unobserved_handlers_retdec_batch04.c	11	state_effect_only_no_dispatch_return		ip += 11; retdec_tail=state = 2*state0 - s16(ip+0); qword compare/pointer step; ip_reads=+0x6/2,+0x4/2,+0x8/2,+0xa/1,+0x2/2,+0x0/2; frame_reads=0xa,0x170,0x23,0x199,0x0,0x10f; frame_writes=0x170,0xa
49	68	0x85b89	function_85b89	vm_tier1_entry_068	vm_unobserved_handlers_retdec_batch04.c	5	state_effect_only_no_dispatch_return		ip += 5; retdec_tail=state = ((state0 ^ selected_operand) + 0x72639e4e) ^ state0; flag/operand rewrite body precedes tail; ip_reads=+0x3/2,+0x2/1,+0x0/2; frame_reads=0xa,0x60,0x0,0x23,0x194,0x71,0x10f,0x170; frame_writes=0x71,0x23,0x60,0x0,0x170,0xa
50	247	0xabd6f	function_abd6f	vm_tier1_entry_247	vm_unobserved_handlers_retdec_batch04.c	5	state_effect_only_no_dispatch_return		ip += 5; retdec_tail=state = (s16(ip+0) + 0x4c044f6f + state0) ^ state0; predicate scratch side effects present; ip_reads=+0x3/2,+0x2/1,+0x0/2; frame_reads=0xa,0x10f,0x170,0x81; frame_writes=0x199,0x170,0xa
51	44	0x81b7f	function_81b7f	vm_tier1_entry_044	vm_unobserved_handlers_retdec_batch04.c	5	masked_table_load_requires_g5	(s16(ip+1) - state0) & g5_mask	ip += 5; retdec_tail=state = (s16(ip+1) - state0) | state0; dispatch-table load uses g5-masked slot source; ip_reads=+0x3/2,+0x0/1,+0x1/2; frame_reads=0xa,0x10f,0x170; frame_writes=0x199,0x170,0xa
52	164	0x99e99	function_99e99	vm_tier1_entry_164	vm_unobserved_handlers_retdec_batch04.c	5	retdec_raw_mod_slot	((((state0 - flags0 - 0x05d1cfd6) | 0x7c3f7914) ^ s16(ip+0)) - 0x51b094c3) & 0xffff	ip += 5; retdec_tail=RetDec return is raw v46 % 0x10000, not a dispatch-base load; ip_reads=+0x2/2,+0x4/1,+0x0/2; frame_reads=0xa,0x0,0x60,0x194,0x71,0x23,0x10f,0x170; frame_writes=0x170,0x71,0x0,0x60,0xa
53	150	0x96f2a	function_96f2a	vm_tier1_entry_150	vm_unobserved_handlers_retdec_batch04.c	5	state_effect_only_no_dispatch_return		ip += 5; retdec_tail=state adjusted by operand/constant chain; return expression subtracts dispatch base residue; ip_reads=+0x0/2,+0x4/1,+0x2/2; frame_reads=0xa,0x0,0x60,0x194,0x71,0x23,0x10f; frame_writes=0x71,0x170,0x60,0x0,0xa
54	170	0x9b0c8	function_9b0c8	vm_tier1_entry_170	vm_unobserved_handlers_retdec_batch04.c	11	state_effect_only_no_dispatch_return		ip += 11; retdec_tail=state = 2*state0 + s16(ip+7); byte compare/pointer step; ip_reads=+0x9/2,+0x3/2,+0x5/2,+0x0/1,+0x1/2,+0x7/2; frame_reads=0xa,0x194,0x199,0x81,0x23,0x10f,0x170; frame_writes=0x23,0x170,0xa
