start_vm_ip	events	target_encoded_events	span_target_encoded_events	schema_events	long_control_overlap_events	long_control_prefix_events	source_entries	target_entries	top_sources	top_targets	byte_statuses	semantic_gap_classes	prefix_sources	prefix_lens	unresolved_lens	tail_schemas	target_match_offsets	span_target_match_offsets	tail_motifs	lift_classes	long_control_overlaps	long_control_targets	long_control_deltas	long_control_prefixes	long_control_prefix_targets	long_control_prefix_deltas	top_tail_hexes
0x230111	256	256	0	256	0	0	1	1	50:256	171:256	hidden_span_of_17:256	target_only_prefix_plus_tail:256	target_only_static_ip_advance:256	0xb:256	0x6:256	8000+e801+target_u16@4:256	171@+0x4:256		8000,e801,ab00:256	target_encoded_tail:256							256:8000e801ab00
0x371477	125	0	0	0	125	0	1	1	334:125	183:125	hidden_span_of_17:125	known_prefix_plus_tail:125	long_branch_operand:125	0xb:125	0x6:125					long_control_overlap:125	334->354/+0x2a5 (next = table[354], ip += 0x2a5) [prefix_32_of_677:25]:125	354:125	+0x2a5:125				125:c3c965845dca
0x310dba	91	0	0	0	91	0	1	1	75:91	260:91	hidden_span_of_16:91	known_prefix_plus_tail:91	long_branch_operand:91	0xb:91	0x5:91					long_control_overlap:91	75->354/+0x4f0e (next = table[354], ip += 0x4f0e) [prefix_32_of_20238:1]:91	354:91	+0x4f0e:91				91:089c424b34
0x230b1b	64	64	0	64	0	0	1	1	50:64	171:64	hidden_span_of_17:64	target_only_prefix_plus_tail:64	target_only_static_ip_advance:64	0xb:64	0x6:64	8000+target_u16@2+e801:64	171@+0x2:64		8000,e801,ab00:64	target_encoded_tail:64							64:8000ab00e801
0x230e07	64	64	0	64	0	0	1	1	321:64	165:64	hidden_span_of_17:64	known_prefix_plus_tail:64	exact_shape:64	0xd:64	0x4:64	target_u16@0+e801:64	165@+0x0:64		e801,a500:64	target_encoded_tail:64							64:a500e801
0x36b35e	41	0	0	41	41	0	1	1	316:41	196:41	hidden_span_of_22:41	known_prefix_plus_tail:41	long_branch_operand:41	0xb:41	0xb:41	long_tail_3d01_9d01:41			3d01,9d01:41	long_control_overlap:41	316->171/+0x30 (next = table[171], ip += 0x30) [prefix_32_of_48:1]:41	171:41	+0x30:41				41:65f513003d019d0180e00d
0x3676fd	39	0	0	39	39	0	1	1	334:39	114:39	hidden_span_of_22:39	known_prefix_plus_tail:39	long_branch_operand:39	0xb:39	0xb:39	long_tail_3d01_9d01:39			3d01,9d01:39	long_control_overlap:39	334->354/+0x30 (next = table[354], ip += 0x30) [prefix_32_of_48:1]:39	354:39	+0x30:39				39:b3cb1300eb539d013d0180
0x3703d8	26	26	0	26	0	0	1	1	311:26	165:26	hidden_span_of_14:26	known_prefix_plus_tail:26	exact_shape:26	0xa:26	0x4:26	target_u16@0+e801:26	165@+0x0:26		e801,a500:26	target_encoded_tail:26							26:a500e801
0x3704f7	25	0	0	0	25	0	1	1	145:25	66:25	hidden_span_of_17:25	known_prefix_plus_tail:25	long_branch_operand:25	0xb:25	0x6:25					long_control_overlap:25	145->354/+0x279 (next = table[354], ip += 0x279) [prefix_32_of_633:1]:25	354:25	+0x279:25				25:e8040ecb6800
0x370624	25	25	0	25	0	0	1	1	95:25	165:25	hidden_span_of_14:25	known_prefix_plus_tail:25	exact_shape:25	0xa:25	0x4:25	target_u16@0+e801:25	165@+0x0:25		e801,a500:25	target_encoded_tail:25							25:a500e801
0x370743	25	0	0	0	0	25	1	1	145:25	196:25	hidden_span_of_19:25	known_prefix_plus_tail:25	long_branch_operand:25	0xb:25	0x8:25					long_control_prefix:25				prefix table[354], ip +0x2d:25	354:25	+0x2d:25	25:400604b8de822006
0x3707a0	25	0	0	0	25	0	1	1	316:25	203:25	hidden_span_of_17:25	known_prefix_plus_tail:25	long_branch_operand:25	0xb:25	0x6:25					long_control_overlap:25	316->165/+0x12c3 (next = table[165], ip += 0x12c3) [prefix_32_of_4803:1]:25	165:25	+0x12c3:25				25:512d5cd89cbc
0x3708e4	25	25	0	25	0	0	1	1	264:25	165:25	hidden_span_of_14:25	known_prefix_plus_tail:25	exact_shape:25	0xa:25	0x4:25	e801+target_u16@2:25	165@+0x2:25		e801,a500:25	target_encoded_tail:25							25:e801a500
0x370a81	25	0	0	0	0	25	1	1	246:25	347:25	hidden_span_of_16:25	known_prefix_plus_tail:25	long_branch_operand:25	0xb:25	0x5:25					long_control_prefix:25				prefix table[165], ip +0xfca:25	165:25	+0xfca:25	25:f65289bebc
0x370cb0	25	25	0	25	0	0	1	1	356:25	171:25	hidden_span_of_14:25	known_prefix_plus_tail:25	exact_shape:25	0xa:25	0x4:25	target_u16@0+e801:25	171@+0x0:25		e801,ab00:25	target_encoded_tail:25							25:ab00e801
0x370f0a	25	25	0	25	0	0	1	1	264:25	171:25	hidden_span_of_14:25	known_prefix_plus_tail:25	exact_shape:25	0xa:25	0x4:25	e801+target_u16@2:25	171@+0x2:25		e801,ab00:25	target_encoded_tail:25							25:e801ab00
0x3718ff	25	25	0	25	0	0	1	1	311:25	171:25	hidden_span_of_14:25	known_prefix_plus_tail:25	exact_shape:25	0xa:25	0x4:25	e801+target_u16@2:25	171@+0x2:25		e801,ab00:25	target_encoded_tail:25							25:e801ab00
0x371a20	25	0	0	0	0	25	1	1	316:25	268:25	hidden_span_of_16:25	known_prefix_plus_tail:25	long_branch_operand:25	0xb:25	0x5:25					long_control_prefix:25				prefix table[165], ip +0x43:25	165:25	+0x43:25	25:95f3e615b2
0x36ef16	22	0	0	22	22	0	1	1	145:22	203:22	hidden_span_of_22:22	known_prefix_plus_tail:22	long_branch_operand:22	0xb:22	0xb:22	long_tail_3d01_9d01:22			3d01,9d01:22	long_control_overlap:22	145->171/+0x30 (next = table[171], ip += 0x30) [prefix_32_of_48:1]:22	171:22	+0x30:22				22:a006130023569d013d0180
0x3427cd	18	0	0	18	18	0	1	1	210:18	157:18	hidden_span_of_22:18	known_prefix_plus_tail:18	long_branch_operand:18	0xb:18	0xb:18	long_tail_3d01_9d01:18			3d01,9d01:18	long_control_overlap:18	210->171/+0x30 (next = table[171], ip += 0x30) [prefix_32_of_48:3]:18	171:18	+0x30:18				18:34ec13003d019d0180141a
0x331945	17	0	0	17	17	0	1	1	210:17	340:17	hidden_span_of_22:17	known_prefix_plus_tail:17	long_branch_operand:17	0xb:17	0xb:17	long_tail_3d01_9d01:17			3d01,9d01:17	long_control_overlap:17	210->171/+0x30 (next = table[171], ip += 0x30) [prefix_32_of_48:3]:17	171:17	+0x30:17				17:1a75809d019cc83d011300
0x340f1b	17	0	0	17	17	0	1	1	75:17	168:17	hidden_span_of_22:17	known_prefix_plus_tail:17	long_branch_operand:17	0xb:17	0xb:17	long_tail_3d01_9d01:17			3d01,9d01:17	long_control_overlap:17	75->165/+0x30 (next = table[165], ip += 0x30) [prefix_32_of_48:2]:17	165:17	+0x30:17				17:67b79d01fc8313003d0180
0x334c7b	14	0	0	14	14	0	1	1	145:14	215:14	hidden_span_of_22:14	known_prefix_plus_tail:14	long_branch_operand:14	0xb:14	0xb:14	long_tail_3d01_9d01:14			3d01,9d01:14	long_control_overlap:14	145->354/+0x30 (next = table[354], ip += 0x30) [prefix_32_of_48:2]:14	354:14	+0x30:14				14:4007809d01b4c43d011300
0x30eeba	13	0	0	13	13	0	1	1	210:13	199:13	hidden_span_of_22:13	known_prefix_plus_tail:13	long_branch_operand:13	0xb:13	0xb:13	long_tail_3d01_9d01:13			3d01,9d01:13	long_control_overlap:13	210->165/+0x30 (next = table[165], ip += 0x30) [prefix_32_of_48:1]:13	165:13	+0x30:13				13:300213003d019d0180c00c
0x33de22	12	12	0	12	0	0	1	1	264:12	171:12	hidden_span_of_14:12	known_prefix_plus_tail:12	exact_shape:12	0xa:12	0x4:12	e801+target_u16@2:12	171@+0x2:12		e801,ab00:12	target_encoded_tail:12							12:e801ab00
0x33e02a	12	12	0	12	0	0	1	1	80:12	171:12	hidden_span_of_17:12	target_only_prefix_plus_tail:12	target_only_static_ip_advance:12	0x5:12	0xc:12	target_only_8000_tail_target@+0x8:12	171@+0x8:12		8000,e801,ab00:12	target_encoded_tail:12							12:216be8e933008000ab00e801
0x36b693	11	11	0	11	0	0	1	1	78:11	165:11	hidden_span_of_17:11	known_prefix_plus_tail:11	exact_shape:11	0xd:11	0x4:11	e801+target_u16@2:11	165@+0x2:11		e801,a500:11	target_encoded_tail:11							11:e801a500
0x340193	10	0	0	10	10	0	1	1	210:10	185:10	hidden_span_of_22:10	known_prefix_plus_tail:10	long_branch_operand:10	0xb:10	0xb:10	long_tail_3d01_9d01:10			3d01,9d01:10	long_control_overlap:10	210->171/+0x30 (next = table[171], ip += 0x30) [prefix_32_of_48:3]:10	171:10	+0x30:10				10:b07513003d019d0180309b
0x341a45	10	0	0	10	10	0	1	1	145:10	189:10	hidden_span_of_22:10	known_prefix_plus_tail:10	long_branch_operand:10	0xb:10	0xb:10	long_tail_3d01_9d01:10			3d01,9d01:10	long_control_overlap:10	145->354/+0x30 (next = table[354], ip += 0x30) [prefix_32_of_48:2]:10	354:10	+0x30:10				10:4007809d01e4c33d011300
0x343f0c	10	0	0	10	10	0	1	1	316:10	199:10	hidden_span_of_22:10	known_prefix_plus_tail:10	long_branch_operand:10	0xb:10	0xb:10	long_tail_3d01_9d01:10			3d01,9d01:10	long_control_overlap:10	316->354/+0x30 (next = table[354], ip += 0x30) [prefix_32_of_48:1]:10	354:10	+0x30:10				10:d64e803d015f9d9d011300
0x36b896	10	0	0	0	10	0	1	1	210:10	199:10	hidden_span_of_17:10	known_prefix_plus_tail:10	long_branch_operand:10	0xb:10	0x6:10					long_control_overlap:10	210->354/+0x288 (next = table[354], ip += 0x288) [prefix_32_of_648:2]:10	354:10	+0x288:10				10:a202828596ff
0x33e14c	9	0	0	0	9	0	1	1	246:9	18:9	hidden_span_of_17:9	known_prefix_plus_tail:9	long_branch_operand:9	0xb:9	0x6:9					long_control_overlap:9	246->165/+0x792 (next = table[165], ip += 0x792) [prefix_32_of_1938:3]:9	165:9	+0x792:9				9:7a7b450eef00
0x33e2da	9	9	0	9	0	0	1	1	311:9	165:9	hidden_span_of_14:9	known_prefix_plus_tail:9	exact_shape:9	0xa:9	0x4:9	target_u16@0+e801:9	165@+0x0:9		e801,a500:9	target_encoded_tail:9							9:a500e801
0x33e532	9	9	0	9	0	0	1	1	264:9	171:9	hidden_span_of_14:9	known_prefix_plus_tail:9	exact_shape:9	0xa:9	0x4:9	e801+target_u16@2:9	171@+0x2:9		e801,ab00:9	target_encoded_tail:9							9:e801ab00
0x33e707	9	9	0	9	0	0	1	1	69:9	171:9	hidden_span_of_17:9	known_prefix_plus_tail:9	exact_shape:9	0xd:9	0x4:9	target_u16@0+e801:9	171@+0x0:9		e801,ab00:9	target_encoded_tail:9							9:ab00e801
0x367c0e	9	0	0	0	9	0	1	1	210:9	196:9	hidden_span_of_17:9	known_prefix_plus_tail:9	long_branch_operand:9	0xb:9	0x6:9					long_control_overlap:9	210->354/+0x288 (next = table[354], ip += 0x288) [prefix_32_of_648:2]:9	354:9	+0x288:9				9:73cfb6a5e24f
0x31b31b	7	0	0	7	7	0	1	1	316:7	258:7	hidden_span_of_22:7	known_prefix_plus_tail:7	long_branch_operand:7	0xb:7	0xb:7	long_tail_3d01_9d01:7			3d01,9d01:7	long_control_overlap:7	316->165/+0x30 (next = table[165], ip += 0x30) [prefix_32_of_48:1]:7	165:7	+0x30:7				7:7def13006b589d013d0180
0x31c005	7	0	0	7	7	0	1	1	75:7	114:7	hidden_span_of_22:7	known_prefix_plus_tail:7	long_branch_operand:7	0xb:7	0xb:7	long_tail_3d01_9d01:7			3d01,9d01:7	long_control_overlap:7	75->165/+0x30 (next = table[165], ip += 0x30) [prefix_32_of_48:2]:7	165:7	+0x30:7				7:f8e6809d018cc13d011300
0x331c7a	5	5	0	5	0	0	1	1	78:5	165:5	hidden_span_of_17:5	known_prefix_plus_tail:5	exact_shape:5	0xd:5	0x4:5	e801+target_u16@2:5	165@+0x2:5		e801,a500:5	target_encoded_tail:5							5:e801a500
0x33f6e0	5	0	0	5	5	0	1	1	334:5	258:5	hidden_span_of_22:5	known_prefix_plus_tail:5	long_branch_operand:5	0xb:5	0xb:5	long_tail_3d01_9d01:5			3d01,9d01:5	long_control_overlap:5	334->171/+0x30 (next = table[171], ip += 0x30) [prefix_32_of_48:1]:5	171:5	+0x30:5				5:cbc99d01cc8613003d0180
0x36f427	5	0	0	0	5	0	1	1	246:5	183:5	hidden_span_of_17:5	known_prefix_plus_tail:5	long_branch_operand:5	0xb:5	0x6:5					long_control_overlap:5	246->165/+0x288 (next = table[165], ip += 0x288) [prefix_32_of_648:1]:5	165:5	+0x288:5				5:772f62028638
0xd0c75	4	0	0	0	4	0	1	1	246:4	66:4	hidden_span_of_17:4	known_prefix_plus_tail:4	long_branch_operand:4	0xb:4	0x6:4					long_control_overlap:4	246->354/+0x23e (next = table[354], ip += 0x23e) [prefix_32_of_574:1]:4	354:4	+0x23e:4				4:5e749b9094e6
0xd0d43	4	4	0	4	0	0	1	1	264:4	354:4	hidden_span_of_14:4	known_prefix_plus_tail:4	exact_shape:4	0xa:4	0x4:4	e801+target_u16@2:4	354@+0x2:4		e801,6201:4	target_encoded_tail:4							4:e8016201
0x331e7d	4	0	0	0	4	0	1	1	334:4	185:4	hidden_span_of_17:4	known_prefix_plus_tail:4	long_branch_operand:4	0xb:4	0x6:4					long_control_overlap:4	334->354/+0x288 (next = table[354], ip += 0x288) [prefix_32_of_648:1]:4	354:4	+0x288:4				4:83ced64817fd
0x3386cd	4	0	0	0	4	0	1	1	145:4	180:4	hidden_span_of_17:4	known_prefix_plus_tail:4	long_branch_operand:4	0xb:4	0x6:4					long_control_overlap:4	145->165/+0x74b (next = table[165], ip += 0x74b) [prefix_32_of_1867:1]:4	165:4	+0x74b:4				4:f0073fbd4247
0x3387d9	4	4	0	4	0	0	1	1	69:4	354:4	hidden_span_of_17:4	known_prefix_plus_tail:4	exact_shape:4	0xd:4	0x4:4	e801+target_u16@2:4	354@+0x2:4		e801,6201:4	target_encoded_tail:4							4:e8016201
0x33be94	4	0	0	0	4	0	1	1	246:4	199:4	hidden_span_of_17:4	known_prefix_plus_tail:4	long_branch_operand:4	0xb:4	0x6:4					long_control_overlap:4	246->171/+0x724 (next = table[171], ip += 0x724) [prefix_32_of_1828:1]:4	171:4	+0x724:4				4:9b901f9b5cf4
0x34142c	4	0	0	0	4	0	1	1	334:4	91:4	hidden_span_of_17:4	known_prefix_plus_tail:4	long_branch_operand:4	0xb:4	0x6:4					long_control_overlap:4	334->165/+0x288 (next = table[165], ip += 0x288) [prefix_32_of_648:1]:4	165:4	+0x288:4				4:c3c9183aa80d
0x342cde	4	0	0	0	4	0	1	1	145:4	43:4	hidden_span_of_17:4	known_prefix_plus_tail:4	long_branch_operand:4	0xb:4	0x6:4					long_control_overlap:4	145->165/+0x288 (next = table[165], ip += 0x288) [prefix_32_of_648:1]:4	165:4	+0x288:4				4:880a684bc0fb
0x36906d	4	4	0	4	0	0	1	1	216:4	165:4	hidden_span_of_14:4	known_prefix_plus_tail:4	exact_shape:4	0xa:4	0x4:4	e801+target_u16@2:4	165@+0x2:4		e801,a500:4	target_encoded_tail:4							4:e801a500
0x369275	4	4	0	4	0	0	1	1	321:4	354:4	hidden_span_of_17:4	known_prefix_plus_tail:4	exact_shape:4	0xd:4	0x4:4	e801+target_u16@2:4	354@+0x2:4		e801,6201:4	target_encoded_tail:4							4:e8016201
0x36cabe	4	4	0	4	0	0	1	1	216:4	171:4	hidden_span_of_14:4	known_prefix_plus_tail:4	exact_shape:4	0xa:4	0x4:4	target_u16@0+e801:4	171@+0x0:4		e801,ab00:4	target_encoded_tail:4							4:ab00e801
0x36ccc6	4	4	0	4	0	0	1	1	50:4	165:4	hidden_span_of_17:4	target_only_prefix_plus_tail:4	target_only_static_ip_advance:4	0xb:4	0x6:4	8000+e801+target_u16@4:4	165@+0x4:4		8000,e801,a500:4	target_encoded_tail:4							4:8000e801a500
0x30f3c5	3	0	0	0	3	0	1	1	316:3	18:3	hidden_span_of_17:3	known_prefix_plus_tail:3	long_branch_operand:3	0xb:3	0x6:3					long_control_overlap:3	316->171/+0x288 (next = table[171], ip += 0x288) [prefix_32_of_648:1]:3	171:3	+0x288:3				3:7c5c8e42078e
0x31bbf9	3	0	0	0	3	0	1	1	145:3	157:3	hidden_span_of_17:3	known_prefix_plus_tail:3	long_branch_operand:3	0xb:3	0x6:3					long_control_overlap:3	145->354/+0x28b (next = table[354], ip += 0x28b) [prefix_32_of_651:1]:3	354:3	+0x28b:3				3:e80540083ca5
0x31c963	3	0	0	0	3	0	1	1	210:3	297:3	hidden_span_of_17:3	known_prefix_plus_tail:3	long_branch_operand:3	0xb:3	0x6:3					long_control_overlap:3	210->354/+0x28b (next = table[354], ip += 0x28b) [prefix_32_of_651:1]:3	354:3	+0x28b:3				3:88eced03ef02
0x33518c	3	0	0	0	3	0	1	1	75:3	30:3	hidden_span_of_16:3	known_prefix_plus_tail:3	long_branch_operand:3	0xb:3	0x5:3					long_control_overlap:3	75->165/+0x288 (next = table[165], ip += 0x288) [prefix_32_of_648:2]:3	165:3	+0x288:3				3:6d0df0008a
0x33dcbd	3	0	0	0	0	3	1	1	210:3	180:3	hidden_span_of_17:3	known_prefix_plus_tail:3	long_branch_operand:3	0xb:3	0x6:3					long_control_prefix:3				prefix table[165], ip +0xc21:3	165:3	+0xc21:3	3:b87da0dfad6e
0x361577	3	0	0	0	3	0	1	1	246:3	258:3	hidden_span_of_16:3	known_prefix_plus_tail:3	long_branch_operand:3	0xb:3	0x5:3					long_control_overlap:3	246->354/+0x28b (next = table[354], ip += 0x28b) [prefix_32_of_651:2]:3	354:3	+0x28b:3				3:5a7710087c
0x362ce6	3	0	0	0	3	0	1	1	334:3	91:3	hidden_span_of_17:3	known_prefix_plus_tail:3	long_branch_operand:3	0xb:3	0x6:3					long_control_overlap:3	334->354/+0x28b (next = table[354], ip += 0x28b) [prefix_32_of_651:1]:3	354:3	+0x28b:3				3:e3ca0e017a44
0x368052	3	0	0	0	3	0	1	1	75:3	180:3	hidden_span_of_17:3	known_prefix_plus_tail:3	long_branch_operand:3	0xb:3	0x6:3					long_control_overlap:3	75->165/+0x28b (next = table[165], ip += 0x28b) [prefix_32_of_651:1]:3	165:3	+0x28b:3				3:22ec885d1dfe
0x369397	3	0	0	0	3	0	1	1	246:3	340:3	hidden_span_of_17:3	known_prefix_plus_tail:3	long_branch_operand:3	0xb:3	0x6:3					long_control_overlap:3	246->354/+0x791 (next = table[354], ip += 0x791) [prefix_32_of_1937:1]:3	354:3	+0x791:3				3:8274faa79300
0x369525	3	3	0	3	0	0	1	1	356:3	354:3	hidden_span_of_14:3	known_prefix_plus_tail:3	exact_shape:3	0xa:3	0x4:3	target_u16@0+e801:3	354@+0x0:3		e801,6201:3	target_encoded_tail:3							3:6201e801
0x36977c	3	3	0	3	0	0	1	1	278:3	354:3	hidden_span_of_14:3	known_prefix_plus_tail:3	exact_shape:3	0xa:3	0x4:3	target_u16@0+e801:3	354@+0x0:3		e801,6201:3	target_encoded_tail:3							3:6201e801
0x369951	3	3	0	3	0	0	1	1	69:3	171:3	hidden_span_of_17:3	known_prefix_plus_tail:3	exact_shape:3	0xd:3	0x4:3	target_u16@0+e801:3	171@+0x0:3		e801,ab00:3	target_encoded_tail:3							3:ab00e801
0x36cde8	3	0	0	0	3	0	1	1	334:3	64:3	hidden_span_of_17:3	known_prefix_plus_tail:3	long_branch_operand:3	0xb:3	0x6:3					long_control_overlap:3	334->354/+0x791 (next = table[354], ip += 0x791) [prefix_32_of_1937:1]:3	354:3	+0x791:3				3:73c8cf073308
0x36cf76	3	3	0	3	0	0	1	1	356:3	354:3	hidden_span_of_14:3	known_prefix_plus_tail:3	exact_shape:3	0xa:3	0x4:3	e801+target_u16@2:3	354@+0x2:3		e801,6201:3	target_encoded_tail:3							3:e8016201
0x36d1cd	3	3	0	3	0	0	1	1	216:3	171:3	hidden_span_of_14:3	known_prefix_plus_tail:3	exact_shape:3	0xa:3	0x4:3	e801+target_u16@2:3	171@+0x2:3		e801,ab00:3	target_encoded_tail:3							3:e801ab00
0x36d3a2	3	3	0	3	0	0	1	1	80:3	171:3	hidden_span_of_17:3	target_only_prefix_plus_tail:3	target_only_static_ip_advance:3	0x5:3	0xc:3	target_only_8000_tail_target@+0xa:3	171@+0xa:3		8000,e801,ab00:3	target_encoded_tail:3							3:5b4202de36008000e801ab00
0x24972b	2	2	0	2	0	0	1	1	264:2	165:2	hidden_span_of_14:2	known_prefix_plus_tail:2	exact_shape:2	0xa:2	0x4:2	target_u16@0+e801:2	165@+0x0:2		e801,a500:2	target_encoded_tail:2							2:a500e801
0x249b99	2	2	0	2	0	0	1	1	278:2	354:2	hidden_span_of_14:2	known_prefix_plus_tail:2	exact_shape:2	0xa:2	0x4:2	e801+target_u16@2:2	354@+0x2:2		e801,6201:2	target_encoded_tail:2							2:e8016201
0x249ddc	2	2	0	2	0	0	1	1	95:2	354:2	hidden_span_of_14:2	known_prefix_plus_tail:2	exact_shape:2	0xa:2	0x4:2	target_u16@0+e801:2	354@+0x0:2		e801,6201:2	target_encoded_tail:2							2:6201e801
0x24a01f	2	2	0	2	0	0	1	1	95:2	354:2	hidden_span_of_14:2	known_prefix_plus_tail:2	exact_shape:2	0xa:2	0x4:2	target_u16@0+e801:2	354@+0x0:2		e801,6201:2	target_encoded_tail:2							2:6201e801
0x24a292	2	2	0	2	0	0	1	1	95:2	171:2	hidden_span_of_14:2	known_prefix_plus_tail:2	exact_shape:2	0xa:2	0x4:2	target_u16@0+e801:2	171@+0x0:2		e801,ab00:2	target_encoded_tail:2							2:ab00e801
0x24a4d5	2	2	0	2	0	0	1	1	311:2	354:2	hidden_span_of_14:2	known_prefix_plus_tail:2	exact_shape:2	0xa:2	0x4:2	target_u16@0+e801:2	354@+0x0:2		e801,6201:2	target_encoded_tail:2							2:6201e801
0x24a8c5	2	2	0	2	0	0	1	1	216:2	171:2	hidden_span_of_14:2	known_prefix_plus_tail:2	exact_shape:2	0xa:2	0x4:2	target_u16@0+e801:2	171@+0x0:2		e801,ab00:2	target_encoded_tail:2							2:ab00e801
0x24ab6a	2	2	0	2	0	0	1	1	95:2	354:2	hidden_span_of_14:2	known_prefix_plus_tail:2	exact_shape:2	0xa:2	0x4:2	target_u16@0+e801:2	354@+0x0:2		e801,6201:2	target_encoded_tail:2							2:6201e801
0x24ae0f	2	2	0	2	0	0	1	1	216:2	171:2	hidden_span_of_14:2	known_prefix_plus_tail:2	exact_shape:2	0xa:2	0x4:2	target_u16@0+e801:2	171@+0x0:2		e801,ab00:2	target_encoded_tail:2							2:ab00e801
0x24b052	2	2	0	2	0	0	1	1	356:2	165:2	hidden_span_of_14:2	known_prefix_plus_tail:2	exact_shape:2	0xa:2	0x4:2	target_u16@0+e801:2	165@+0x0:2		e801,a500:2	target_encoded_tail:2							2:a500e801
0x24b39b	2	2	0	2	0	0	1	1	278:2	354:2	hidden_span_of_14:2	known_prefix_plus_tail:2	exact_shape:2	0xa:2	0x4:2	e801+target_u16@2:2	354@+0x2:2		e801,6201:2	target_encoded_tail:2							2:e8016201
0x24b640	2	2	0	2	0	0	1	1	95:2	171:2	hidden_span_of_14:2	known_prefix_plus_tail:2	exact_shape:2	0xa:2	0x4:2	target_u16@0+e801:2	171@+0x0:2		e801,ab00:2	target_encoded_tail:2							2:ab00e801
0x24b883	2	2	0	2	0	0	1	1	278:2	171:2	hidden_span_of_14:2	known_prefix_plus_tail:2	exact_shape:2	0xa:2	0x4:2	target_u16@0+e801:2	171@+0x0:2		e801,ab00:2	target_encoded_tail:2							2:ab00e801
0x24bb69	2	2	0	2	0	0	1	1	95:2	171:2	hidden_span_of_14:2	known_prefix_plus_tail:2	exact_shape:2	0xa:2	0x4:2	target_u16@0+e801:2	171@+0x0:2		e801,ab00:2	target_encoded_tail:2							2:ab00e801
0x293344	2	0	0	0	0	2	1	1	334:2	189:2	hidden_span_of_17:2	known_prefix_plus_tail:2	long_branch_operand:2	0xb:2	0x6:2					long_control_prefix:2				prefix table[165], ip +0x2e091:2	165:2	+0x2e091:2	2:73c8c63adb0f
0x31c33a	2	2	0	2	0	0	1	1	69:2	171:2	hidden_span_of_17:2	known_prefix_plus_tail:2	exact_shape:2	0xd:2	0x4:2	e801+target_u16@2:2	171@+0x2:2		e801,ab00:2	target_encoded_tail:2							2:e801ab00
0x3355d0	2	0	0	0	2	0	1	1	210:2	196:2	hidden_span_of_16:2	known_prefix_plus_tail:2	long_branch_operand:2	0xb:2	0x5:2					long_control_overlap:2	210->171/+0x28b (next = table[171], ip += 0x28b) [prefix_32_of_651:2]:2	171:2	+0x28b:2				2:4f8bd3d5af
0x3406cb	2	0	0	0	2	0	1	1	316:2	297:2	hidden_span_of_17:2	known_prefix_plus_tail:2	long_branch_operand:2	0xb:2	0x6:2					long_control_overlap:2	316->354/+0x288 (next = table[354], ip += 0x288) [prefix_32_of_648:1]:2	354:2	+0x288:2				2:8459c7c66800
0x340b0f	2	0	0	0	2	0	1	1	210:2	183:2	hidden_span_of_17:2	known_prefix_plus_tail:2	long_branch_operand:2	0xb:2	0x6:2					long_control_overlap:2	210->171/+0x28b (next = table[171], ip += 0x28b) [prefix_32_of_651:2]:2	171:2	+0x28b:2				2:2d056d82f304
0x341f7d	2	0	0	0	2	0	1	1	246:2	196:2	hidden_span_of_17:2	known_prefix_plus_tail:2	long_branch_operand:2	0xb:2	0x6:2					long_control_overlap:2	246->171/+0x288 (next = table[171], ip += 0x288) [prefix_32_of_648:1]:2	171:2	+0x288:2				2:35e27158ab49
0x3423c1	2	0	0	0	2	0	1	1	246:2	157:2	hidden_span_of_17:2	known_prefix_plus_tail:2	long_branch_operand:2	0xb:2	0x6:2					long_control_overlap:2	246->354/+0x28b (next = table[354], ip += 0x28b) [prefix_32_of_651:2]:2	354:2	+0x28b:2				2:f76e460c8c42
0x343122	2	0	0	0	2	0	1	1	75:2	189:2	hidden_span_of_16:2	known_prefix_plus_tail:2	long_branch_operand:2	0xb:2	0x5:2					long_control_overlap:2	75->354/+0x28b (next = table[354], ip += 0x28b) [prefix_32_of_651:1]:2	354:2	+0x28b:2				2:63c3c7c782
0x361133	2	0	0	0	2	0	1	1	75:2	260:2	hidden_span_of_16:2	known_prefix_plus_tail:2	long_branch_operand:2	0xb:2	0x5:2					long_control_overlap:2	75->165/+0x288 (next = table[165], ip += 0x288) [prefix_32_of_648:2]:2	165:2	+0x288:2				2:36ad200839
0x36f86b	2	0	0	0	2	0	1	1	145:2	121:2	hidden_span_of_17:2	known_prefix_plus_tail:2	long_branch_operand:2	0xb:2	0x6:2					long_control_overlap:2	145->171/+0x28b (next = table[171], ip += 0x28b) [prefix_32_of_651:1]:2	171:2	+0x28b:2				2:a00a39736800
0xd1002	1	1	0	1	0	0	1	1	95:1	165:1	frontier_span_of_14:1	known_prefix_plus_tail:1	exact_shape:1	0xa:1	0x4:1	target_u16@0+e801:1	165@+0x0:1		e801,a500:1	target_encoded_tail:1							1:a500e801
0xd1284	1	1	0	1	0	0	1	1	356:1	165:1	frontier_span_of_14:1	known_prefix_plus_tail:1	exact_shape:1	0xa:1	0x4:1	target_u16@0+e801:1	165@+0x0:1		e801,a500:1	target_encoded_tail:1							1:a500e801
0xd420b	1	1	0	1	0	0	1	1	321:1	165:1	hidden_span_of_17:1	known_prefix_plus_tail:1	exact_shape:1	0xd:1	0x4:1	e801+target_u16@2:1	165@+0x2:1		e801,a500:1	target_encoded_tail:1							1:e801a500
0xd43cf	1	1	0	1	0	0	1	1	80:1	171:1	hidden_span_of_17:1	target_only_prefix_plus_tail:1	target_only_static_ip_advance:1	0x5:1	0xc:1	target_only_8000_tail_target@+0xa:1	171@+0xa:1		8000,e801,ab00:1	target_encoded_tail:1							1:0d4376600d008000e801ab00
0xd4889	1	1	0	1	0	0	1	1	264:1	354:1	frontier_span_of_14:1	known_prefix_plus_tail:1	exact_shape:1	0xa:1	0x4:1	e801+target_u16@2:1	354@+0x2:1		e801,6201:1	target_encoded_tail:1							1:e8016201
0xd4a83	1	1	0	1	0	0	1	1	278:1	171:1	hidden_span_of_14:1	known_prefix_plus_tail:1	exact_shape:1	0xa:1	0x4:1	e801+target_u16@2:1	171@+0x2:1		e801,ab00:1	target_encoded_tail:1							1:e801ab00
0xd4beb	1	0	0	0	0	1	1	1	316:1	185:1	hidden_span_of_17:1	known_prefix_plus_tail:1	long_branch_operand:1	0xb:1	0x6:1					long_control_prefix:1				prefix table[165], ip +0x1d9:1	165:1	+0x1d9:1	1:ede86fccb681
0xd4cb9	1	1	0	1	0	0	1	1	311:1	165:1	hidden_span_of_14:1	known_prefix_plus_tail:1	exact_shape:1	0xa:1	0x4:1	e801+target_u16@2:1	165@+0x2:1		e801,a500:1	target_encoded_tail:1							1:e801a500
0xd5044	1	1	0	1	0	0	1	1	69:1	171:1	hidden_span_of_17:1	known_prefix_plus_tail:1	exact_shape:1	0xd:1	0x4:1	target_u16@0+e801:1	171@+0x0:1		e801,ab00:1	target_encoded_tail:1							1:ab00e801
0xd521e	1	1	0	1	0	0	1	1	321:1	354:1	hidden_span_of_17:1	known_prefix_plus_tail:1	exact_shape:1	0xd:1	0x4:1	e801+target_u16@2:1	354@+0x2:1		e801,6201:1	target_encoded_tail:1							1:e8016201
0xd5641	1	1	0	1	0	0	1	1	95:1	354:1	hidden_span_of_14:1	known_prefix_plus_tail:1	exact_shape:1	0xa:1	0x4:1	e801+target_u16@2:1	354@+0x2:1		e801,6201:1	target_encoded_tail:1							1:e8016201
0xd5b17	1	1	0	1	0	0	1	1	264:1	171:1	hidden_span_of_14:1	known_prefix_plus_tail:1	exact_shape:1	0xa:1	0x4:1	target_u16@0+e801:1	171@+0x0:1		e801,ab00:1	target_encoded_tail:1							1:ab00e801
0xd5cfb	1	1	0	1	0	0	1	1	356:1	354:1	hidden_span_of_14:1	known_prefix_plus_tail:1	exact_shape:1	0xa:1	0x4:1	e801+target_u16@2:1	354@+0x2:1		e801,6201:1	target_encoded_tail:1							1:e8016201
0xd73ae	1	1	0	1	0	0	1	1	278:1	165:1	hidden_span_of_14:1	known_prefix_plus_tail:1	exact_shape:1	0xa:1	0x4:1	target_u16@0+e801:1	165@+0x0:1		e801,a500:1	target_encoded_tail:1							1:a500e801
0xd75f1	1	1	0	1	0	0	1	1	264:1	354:1	hidden_span_of_14:1	known_prefix_plus_tail:1	exact_shape:1	0xa:1	0x4:1	e801+target_u16@2:1	354@+0x2:1		e801,6201:1	target_encoded_tail:1							1:e8016201
0xd77c8	1	1	0	1	0	0	1	1	69:1	354:1	hidden_span_of_17:1	known_prefix_plus_tail:1	exact_shape:1	0xd:1	0x4:1	e801+target_u16@2:1	354@+0x2:1		e801,6201:1	target_encoded_tail:1							1:e8016201
0xda4b0	1	1	0	1	0	0	1	1	264:1	171:1	hidden_span_of_14:1	known_prefix_plus_tail:1	exact_shape:1	0xa:1	0x4:1	e801+target_u16@2:1	171@+0x2:1		e801,ab00:1	target_encoded_tail:1							1:e801ab00
0xdad78	1	1	0	1	0	0	1	1	264:1	171:1	hidden_span_of_14:1	known_prefix_plus_tail:1	exact_shape:1	0xa:1	0x4:1	e801+target_u16@2:1	171@+0x2:1		e801,ab00:1	target_encoded_tail:1							1:e801ab00
0x11aee0	1	1	0	1	0	0	1	1	311:1	354:1	hidden_span_of_14:1	known_prefix_plus_tail:1	exact_shape:1	0xa:1	0x4:1	target_u16@0+e801:1	354@+0x0:1		e801,6201:1	target_encoded_tail:1							1:6201e801
0x11b122	1	1	0	1	0	0	1	1	278:1	171:1	hidden_span_of_14:1	known_prefix_plus_tail:1	exact_shape:1	0xa:1	0x4:1	target_u16@0+e801:1	171@+0x0:1		e801,ab00:1	target_encoded_tail:1							1:ab00e801
0x11b364	1	1	0	1	0	0	1	1	311:1	171:1	hidden_span_of_14:1	known_prefix_plus_tail:1	exact_shape:1	0xa:1	0x4:1	e801+target_u16@2:1	171@+0x2:1		e801,ab00:1	target_encoded_tail:1							1:e801ab00
0x11b5a6	1	1	0	1	0	0	1	1	356:1	171:1	hidden_span_of_14:1	known_prefix_plus_tail:1	exact_shape:1	0xa:1	0x4:1	e801+target_u16@2:1	171@+0x2:1		e801,ab00:1	target_encoded_tail:1							1:e801ab00
0x11b7e8	1	1	0	1	0	0	1	1	311:1	171:1	hidden_span_of_14:1	known_prefix_plus_tail:1	exact_shape:1	0xa:1	0x4:1	e801+target_u16@2:1	171@+0x2:1		e801,ab00:1	target_encoded_tail:1							1:e801ab00
0x11ba2a	1	1	0	1	0	0	1	1	356:1	354:1	hidden_span_of_14:1	known_prefix_plus_tail:1	exact_shape:1	0xa:1	0x4:1	e801+target_u16@2:1	354@+0x2:1		e801,6201:1	target_encoded_tail:1							1:e8016201
0x11bb7e	1	0	0	0	0	1	1	1	145:1	183:1	hidden_span_of_17:1	known_prefix_plus_tail:1	long_branch_operand:1	0xb:1	0x6:1					long_control_prefix:1				prefix table[165], ip +0x5e:1	165:1	+0x5e:1	1:d004a43b04c3
0x11bd5f	1	1	0	1	0	0	1	1	278:1	165:1	hidden_span_of_14:1	known_prefix_plus_tail:1	exact_shape:1	0xa:1	0x4:1	e801+target_u16@2:1	165@+0x2:1		e801,a500:1	target_encoded_tail:1							1:e801a500
0x11beb3	1	0	0	0	0	1	1	1	334:1	183:1	hidden_span_of_17:1	known_prefix_plus_tail:1	long_branch_operand:1	0xb:1	0x6:1					long_control_prefix:1				prefix table[171], ip +0x5e:1	171:1	+0x5e:1	1:03c749284c97
0x11c0ac	1	1	0	1	0	0	1	1	278:1	171:1	hidden_span_of_14:1	known_prefix_plus_tail:1	exact_shape:1	0xa:1	0x4:1	target_u16@0+e801:1	171@+0x0:1		e801,ab00:1	target_encoded_tail:1							1:ab00e801
0x11c200	1	0	0	0	0	1	1	1	334:1	18:1	hidden_span_of_17:1	known_prefix_plus_tail:1	long_branch_operand:1	0xb:1	0x6:1					long_control_prefix:1				prefix table[165], ip +0x5e:1	165:1	+0x5e:1	1:83ce8741008f
0x11c3f9	1	1	0	1	0	0	1	1	278:1	354:1	hidden_span_of_14:1	known_prefix_plus_tail:1	exact_shape:1	0xa:1	0x4:1	e801+target_u16@2:1	354@+0x2:1		e801,6201:1	target_encoded_tail:1							1:e8016201
0x11c682	1	1	0	1	0	0	1	1	216:1	171:1	hidden_span_of_14:1	known_prefix_plus_tail:1	exact_shape:1	0xa:1	0x4:1	e801+target_u16@2:1	171@+0x2:1		e801,ab00:1	target_encoded_tail:1							1:e801ab00
0x11ca2a	1	1	0	1	0	0	1	1	95:1	354:1	hidden_span_of_14:1	known_prefix_plus_tail:1	exact_shape:1	0xa:1	0x4:1	target_u16@0+e801:1	354@+0x0:1		e801,6201:1	target_encoded_tail:1							1:6201e801
0x11ccf7	1	1	0	1	0	0	1	1	216:1	165:1	hidden_span_of_14:1	known_prefix_plus_tail:1	exact_shape:1	0xa:1	0x4:1	e801+target_u16@2:1	165@+0x2:1		e801,a500:1	target_encoded_tail:1							1:e801a500
0x11cf21	1	1	0	1	0	0	1	1	356:1	171:1	hidden_span_of_14:1	known_prefix_plus_tail:1	exact_shape:1	0xa:1	0x4:1	target_u16@0+e801:1	171@+0x0:1		e801,ab00:1	target_encoded_tail:1							1:ab00e801
0x11d207	1	1	0	1	0	0	1	1	278:1	354:1	hidden_span_of_14:1	known_prefix_plus_tail:1	exact_shape:1	0xa:1	0x4:1	e801+target_u16@2:1	354@+0x2:1		e801,6201:1	target_encoded_tail:1							1:e8016201
0x11d3d3	1	1	0	1	0	0	1	1	264:1	171:1	hidden_span_of_14:1	known_prefix_plus_tail:1	exact_shape:1	0xa:1	0x4:1	e801+target_u16@2:1	171@+0x2:1		e801,ab00:1	target_encoded_tail:1							1:e801ab00
0x11d6a2	1	1	0	1	0	0	1	1	95:1	171:1	frontier_span_of_14:1	known_prefix_plus_tail:1	exact_shape:1	0xa:1	0x4:1	e801+target_u16@2:1	171@+0x2:1		e801,ab00:1	target_encoded_tail:1							1:e801ab00
0x11d91b	1	1	0	1	0	0	1	1	264:1	354:1	frontier_span_of_14:1	known_prefix_plus_tail:1	exact_shape:1	0xa:1	0x4:1	target_u16@0+e801:1	354@+0x0:1		e801,6201:1	target_encoded_tail:1							1:6201e801
0x11da3a	1	0	0	0	0	1	1	1	145:1	18:1	hidden_span_of_17:1	known_prefix_plus_tail:1	long_branch_operand:1	0xb:1	0x6:1					long_control_prefix:1				prefix table[354], ip +0x407:1	354:1	+0x407:1	1:a00a006ab300
0x11dc27	1	0	0	0	0	1	1	1	210:1	114:1	hidden_span_of_16:1	known_prefix_plus_tail:1	long_branch_operand:1	0xb:1	0x5:1					long_control_prefix:1				prefix table[354], ip +0x23c:1	354:1	+0x23c:1	1:d8f19003dd
0x11de14	1	0	0	0	0	1	1	1	210:1	157:1	hidden_span_of_19:1	known_prefix_plus_tail:1	long_branch_operand:1	0xb:1	0x8:1					long_control_prefix:1				prefix table[354], ip +0x71:1	354:1	+0x71:1	1:1480eb790d6ffdd7
0x11e02d	1	1	0	1	0	0	1	1	78:1	171:1	hidden_span_of_17:1	known_prefix_plus_tail:1	exact_shape:1	0xd:1	0x4:1	e801+target_u16@2:1	171@+0x2:1		e801,ab00:1	target_encoded_tail:1							1:e801ab00
0x11e14f	1	0	0	0	0	1	1	1	316:1	340:1	hidden_span_of_16:1	known_prefix_plus_tail:1	long_branch_operand:1	0xb:1	0x5:1					long_control_prefix:1				prefix table[354], ip +0x4963:1	354:1	+0x4963:1	1:6de9a0322a
0x11e27c	1	1	0	1	0	0	1	1	95:1	171:1	hidden_span_of_14:1	known_prefix_plus_tail:1	exact_shape:1	0xa:1	0x4:1	e801+target_u16@2:1	171@+0x2:1		e801,ab00:1	target_encoded_tail:1							1:e801ab00
0x11e695	1	1	0	1	0	0	1	1	95:1	165:1	hidden_span_of_14:1	known_prefix_plus_tail:1	exact_shape:1	0xa:1	0x4:1	e801+target_u16@2:1	165@+0x2:1		e801,a500:1	target_encoded_tail:1							1:e801a500
0x11e962	1	1	0	1	0	0	1	1	95:1	171:1	hidden_span_of_14:1	known_prefix_plus_tail:1	exact_shape:1	0xa:1	0x4:1	target_u16@0+e801:1	171@+0x0:1		e801,ab00:1	target_encoded_tail:1							1:ab00e801
0x11eb8c	1	1	0	1	0	0	1	1	264:1	165:1	hidden_span_of_14:1	known_prefix_plus_tail:1	exact_shape:1	0xa:1	0x4:1	target_u16@0+e801:1	165@+0x0:1		e801,a500:1	target_encoded_tail:1							1:a500e801
0x11edcf	1	1	0	1	0	0	1	1	356:1	171:1	hidden_span_of_14:1	known_prefix_plus_tail:1	exact_shape:1	0xa:1	0x4:1	target_u16@0+e801:1	171@+0x0:1		e801,ab00:1	target_encoded_tail:1							1:ab00e801
0x11f1b9	1	0	1	0	0	0	1	1	5:1	354:1	hidden_span_of_12:1	target_only_prefix_plus_tail:1	target_only_static_ip_advance:1	0x9:1	0x3:1			354@+0x8:1	e801:1	target_encoded_span_boundary:1							1:01e801
0x11f39b	1	1	0	1	0	0	1	1	356:1	354:1	hidden_span_of_14:1	known_prefix_plus_tail:1	exact_shape:1	0xa:1	0x4:1	e801+target_u16@2:1	354@+0x2:1		e801,6201:1	target_encoded_tail:1							1:e8016201
0x120af4	1	1	0	1	0	0	1	1	264:1	354:1	frontier_span_of_14:1	known_prefix_plus_tail:1	exact_shape:1	0xa:1	0x4:1	target_u16@0+e801:1	354@+0x0:1		e801,6201:1	target_encoded_tail:1							1:6201e801
0x120d67	1	1	0	1	0	0	1	1	356:1	165:1	hidden_span_of_14:1	known_prefix_plus_tail:1	exact_shape:1	0xa:1	0x4:1	target_u16@0+e801:1	165@+0x0:1		e801,a500:1	target_encoded_tail:1							1:a500e801
0x121199	1	1	0	1	0	0	1	1	278:1	354:1	hidden_span_of_14:1	known_prefix_plus_tail:1	exact_shape:1	0xa:1	0x4:1	target_u16@0+e801:1	354@+0x0:1		e801,6201:1	target_encoded_tail:1							1:6201e801
0x121435	1	1	0	1	0	0	1	1	311:1	165:1	hidden_span_of_14:1	known_prefix_plus_tail:1	exact_shape:1	0xa:1	0x4:1	e801+target_u16@2:1	165@+0x2:1		e801,a500:1	target_encoded_tail:1							1:e801a500
0x121690	1	1	0	1	0	0	1	1	278:1	171:1	hidden_span_of_14:1	known_prefix_plus_tail:1	exact_shape:1	0xa:1	0x4:1	target_u16@0+e801:1	171@+0x0:1		e801,ab00:1	target_encoded_tail:1							1:ab00e801
0x1217c7	1	0	0	0	0	1	1	1	316:1	322:1	hidden_span_of_17:1	known_prefix_plus_tail:1	long_branch_operand:1	0xb:1	0x6:1					long_control_prefix:1				prefix table[165], ip +0x2a1:1	165:1	+0x2a1:1	1:35e2647c8801
0x121924	1	1	0	1	0	0	1	1	278:1	354:1	frontier_span_of_14:1	known_prefix_plus_tail:1	exact_shape:1	0xa:1	0x4:1	target_u16@0+e801:1	354@+0x0:1		e801,6201:1	target_encoded_tail:1							1:6201e801
0x121c83	1	1	0	1	0	0	1	1	95:1	165:1	frontier_span_of_14:1	known_prefix_plus_tail:1	exact_shape:1	0xa:1	0x4:1	target_u16@0+e801:1	165@+0x0:1		e801,a500:1	target_encoded_tail:1							1:a500e801
0x121ec6	1	1	0	1	0	0	1	1	278:1	354:1	frontier_span_of_14:1	known_prefix_plus_tail:1	exact_shape:1	0xa:1	0x4:1	e801+target_u16@2:1	354@+0x2:1		e801,6201:1	target_encoded_tail:1							1:e8016201
0x122196	1	1	0	1	0	0	1	1	356:1	171:1	frontier_span_of_14:1	known_prefix_plus_tail:1	exact_shape:1	0xa:1	0x4:1	target_u16@0+e801:1	171@+0x0:1		e801,ab00:1	target_encoded_tail:1							1:ab00e801
0x122466	1	1	0	1	0	0	1	1	264:1	171:1	frontier_span_of_14:1	known_prefix_plus_tail:1	exact_shape:1	0xa:1	0x4:1	e801+target_u16@2:1	171@+0x2:1		e801,ab00:1	target_encoded_tail:1							1:e801ab00
0x122615	1	0	0	0	0	1	1	1	75:1	322:1	hidden_span_of_17:1	known_prefix_plus_tail:1	long_branch_operand:1	0xb:1	0x6:1					long_control_prefix:1				prefix table[354], ip +0xbe:1	354:1	+0xbe:1	1:10a502a80bea
0x122c7b	1	1	0	1	0	0	1	1	278:1	354:1	frontier_span_of_14:1	known_prefix_plus_tail:1	exact_shape:1	0xa:1	0x4:1	e801+target_u16@2:1	354@+0x2:1		e801,6201:1	target_encoded_tail:1							1:e8016201
0x128b72	1	1	0	1	0	0	1	1	278:1	171:1	frontier_span_of_14:1	known_prefix_plus_tail:1	exact_shape:1	0xa:1	0x4:1	target_u16@0+e801:1	171@+0x0:1		e801,ab00:1	target_encoded_tail:1							1:ab00e801
0x128de7	1	1	0	1	0	0	1	1	95:1	354:1	frontier_span_of_14:1	known_prefix_plus_tail:1	exact_shape:1	0xa:1	0x4:1	target_u16@0+e801:1	354@+0x0:1		e801,6201:1	target_encoded_tail:1							1:6201e801
0x170856	1	1	0	1	0	0	1	1	311:1	165:1	hidden_span_of_14:1	known_prefix_plus_tail:1	exact_shape:1	0xa:1	0x4:1	e801+target_u16@2:1	165@+0x2:1		e801,a500:1	target_encoded_tail:1							1:e801a500
0x170b41	1	1	0	1	0	0	1	1	95:1	171:1	hidden_span_of_14:1	known_prefix_plus_tail:1	exact_shape:1	0xa:1	0x4:1	e801+target_u16@2:1	171@+0x2:1		e801,ab00:1	target_encoded_tail:1							1:e801ab00
0x170db1	1	1	0	1	0	0	1	1	95:1	354:1	hidden_span_of_14:1	known_prefix_plus_tail:1	exact_shape:1	0xa:1	0x4:1	e801+target_u16@2:1	354@+0x2:1		e801,6201:1	target_encoded_tail:1							1:e8016201
0x170fdb	1	1	0	1	0	0	1	1	264:1	171:1	hidden_span_of_14:1	known_prefix_plus_tail:1	exact_shape:1	0xa:1	0x4:1	target_u16@0+e801:1	171@+0x0:1		e801,ab00:1	target_encoded_tail:1							1:ab00e801
0x171205	1	1	0	1	0	0	1	1	216:1	171:1	hidden_span_of_14:1	known_prefix_plus_tail:1	exact_shape:1	0xa:1	0x4:1	e801+target_u16@2:1	171@+0x2:1		e801,ab00:1	target_encoded_tail:1							1:e801ab00
0x1714bc	1	1	0	1	0	0	1	1	264:1	354:1	hidden_span_of_14:1	known_prefix_plus_tail:1	exact_shape:1	0xa:1	0x4:1	target_u16@0+e801:1	354@+0x0:1		e801,6201:1	target_encoded_tail:1							1:6201e801
0x1717a7	1	1	0	1	0	0	1	1	264:1	354:1	hidden_span_of_14:1	known_prefix_plus_tail:1	exact_shape:1	0xa:1	0x4:1	target_u16@0+e801:1	354@+0x0:1		e801,6201:1	target_encoded_tail:1							1:6201e801
0x171a17	1	1	0	1	0	0	1	1	216:1	171:1	hidden_span_of_14:1	known_prefix_plus_tail:1	exact_shape:1	0xa:1	0x4:1	e801+target_u16@2:1	171@+0x2:1		e801,ab00:1	target_encoded_tail:1							1:e801ab00
0x171c41	1	1	0	1	0	0	1	1	278:1	354:1	hidden_span_of_14:1	known_prefix_plus_tail:1	exact_shape:1	0xa:1	0x4:1	target_u16@0+e801:1	354@+0x0:1		e801,6201:1	target_encoded_tail:1							1:6201e801
0x171e6b	1	1	0	1	0	0	1	1	95:1	165:1	hidden_span_of_14:1	known_prefix_plus_tail:1	exact_shape:1	0xa:1	0x4:1	target_u16@0+e801:1	165@+0x0:1		e801,a500:1	target_encoded_tail:1							1:a500e801
0x172122	1	1	0	1	0	0	1	1	278:1	354:1	hidden_span_of_14:1	known_prefix_plus_tail:1	exact_shape:1	0xa:1	0x4:1	target_u16@0+e801:1	354@+0x0:1		e801,6201:1	target_encoded_tail:1							1:6201e801
0x17240d	1	1	0	1	0	0	1	1	216:1	171:1	hidden_span_of_14:1	known_prefix_plus_tail:1	exact_shape:1	0xa:1	0x4:1	target_u16@0+e801:1	171@+0x0:1		e801,ab00:1	target_encoded_tail:1							1:ab00e801
0x17264d	1	1	0	1	0	0	1	1	278:1	171:1	hidden_span_of_14:1	known_prefix_plus_tail:1	exact_shape:1	0xa:1	0x4:1	target_u16@0+e801:1	171@+0x0:1		e801,ab00:1	target_encoded_tail:1							1:ab00e801
0x172877	1	1	0	1	0	0	1	1	311:1	354:1	frontier_span_of_14:1	known_prefix_plus_tail:1	exact_shape:1	0xa:1	0x4:1	e801+target_u16@2:1	354@+0x2:1		e801,6201:1	target_encoded_tail:1							1:e8016201
0x172aa1	1	1	0	1	0	0	1	1	356:1	171:1	frontier_span_of_14:1	known_prefix_plus_tail:1	exact_shape:1	0xa:1	0x4:1	target_u16@0+e801:1	171@+0x0:1		e801,ab00:1	target_encoded_tail:1							1:ab00e801
0x172d58	1	1	0	1	0	0	1	1	356:1	171:1	frontier_span_of_14:1	known_prefix_plus_tail:1	exact_shape:1	0xa:1	0x4:1	e801+target_u16@2:1	171@+0x2:1		e801,ab00:1	target_encoded_tail:1							1:e801ab00
0x173043	1	1	0	1	0	0	1	1	95:1	171:1	frontier_span_of_14:1	known_prefix_plus_tail:1	exact_shape:1	0xa:1	0x4:1	target_u16@0+e801:1	171@+0x0:1		e801,ab00:1	target_encoded_tail:1							1:ab00e801
0x1732b3	1	1	0	1	0	0	1	1	216:1	165:1	frontier_span_of_14:1	known_prefix_plus_tail:1	exact_shape:1	0xa:1	0x4:1	target_u16@0+e801:1	165@+0x0:1		e801,a500:1	target_encoded_tail:1							1:a500e801
0x1734dd	1	1	0	1	0	0	1	1	311:1	354:1	frontier_span_of_14:1	known_prefix_plus_tail:1	exact_shape:1	0xa:1	0x4:1	e801+target_u16@2:1	354@+0x2:1		e801,6201:1	target_encoded_tail:1							1:e8016201
0x173707	1	1	0	1	0	0	1	1	278:1	354:1	frontier_span_of_14:1	known_prefix_plus_tail:1	exact_shape:1	0xa:1	0x4:1	e801+target_u16@2:1	354@+0x2:1		e801,6201:1	target_encoded_tail:1							1:e8016201
0x1739be	1	1	0	1	0	0	1	1	95:1	171:1	frontier_span_of_14:1	known_prefix_plus_tail:1	exact_shape:1	0xa:1	0x4:1	target_u16@0+e801:1	171@+0x0:1		e801,ab00:1	target_encoded_tail:1							1:ab00e801
0x173ca9	1	1	0	1	0	0	1	1	311:1	171:1	frontier_span_of_14:1	known_prefix_plus_tail:1	exact_shape:1	0xa:1	0x4:1	target_u16@0+e801:1	171@+0x0:1		e801,ab00:1	target_encoded_tail:1							1:ab00e801
0x173f19	1	1	0	1	0	0	1	1	216:1	171:1	frontier_span_of_14:1	known_prefix_plus_tail:1	exact_shape:1	0xa:1	0x4:1	target_u16@0+e801:1	171@+0x0:1		e801,ab00:1	target_encoded_tail:1							1:ab00e801
0x174143	1	1	0	1	0	0	1	1	278:1	171:1	frontier_span_of_14:1	known_prefix_plus_tail:1	exact_shape:1	0xa:1	0x4:1	e801+target_u16@2:1	171@+0x2:1		e801,ab00:1	target_encoded_tail:1							1:e801ab00
0x17436d	1	1	0	1	0	0	1	1	264:1	165:1	frontier_span_of_14:1	known_prefix_plus_tail:1	exact_shape:1	0xa:1	0x4:1	target_u16@0+e801:1	165@+0x0:1		e801,a500:1	target_encoded_tail:1							1:a500e801
0x176aa5	1	1	0	1	0	0	1	1	264:1	171:1	hidden_span_of_14:1	known_prefix_plus_tail:1	exact_shape:1	0xa:1	0x4:1	target_u16@0+e801:1	171@+0x0:1		e801,ab00:1	target_encoded_tail:1							1:ab00e801
0x176c87	1	1	0	1	0	0	1	1	95:1	165:1	hidden_span_of_14:1	known_prefix_plus_tail:1	exact_shape:1	0xa:1	0x4:1	e801+target_u16@2:1	165@+0x2:1		e801,a500:1	target_encoded_tail:1							1:e801a500
0x176e97	1	1	0	1	0	0	1	1	216:1	171:1	hidden_span_of_14:1	known_prefix_plus_tail:1	exact_shape:1	0xa:1	0x4:1	e801+target_u16@2:1	171@+0x2:1		e801,ab00:1	target_encoded_tail:1							1:e801ab00
0x1770e9	1	1	0	1	0	0	1	1	95:1	354:1	hidden_span_of_14:1	known_prefix_plus_tail:1	exact_shape:1	0xa:1	0x4:1	target_u16@0+e801:1	354@+0x0:1		e801,6201:1	target_encoded_tail:1							1:6201e801
0x1774b8	1	1	0	1	0	0	1	1	216:1	354:1	hidden_span_of_14:1	known_prefix_plus_tail:1	exact_shape:1	0xa:1	0x4:1	target_u16@0+e801:1	354@+0x0:1		e801,6201:1	target_encoded_tail:1							1:6201e801
0x17776f	1	1	0	1	0	0	1	1	356:1	165:1	hidden_span_of_14:1	known_prefix_plus_tail:1	exact_shape:1	0xa:1	0x4:1	e801+target_u16@2:1	165@+0x2:1		e801,a500:1	target_encoded_tail:1							1:e801a500
0x177930	1	0	0	0	0	1	1	1	334:1	43:1	hidden_span_of_16:1	known_prefix_plus_tail:1	long_branch_operand:1	0xb:1	0x5:1					long_control_prefix:1				prefix table[165], ip +0x35a:1	165:1	+0x35a:1	1:f3cd58019a
0x177aeb	1	1	0	1	0	0	1	1	264:1	354:1	hidden_span_of_14:1	known_prefix_plus_tail:1	exact_shape:1	0xa:1	0x4:1	e801+target_u16@2:1	354@+0x2:1		e801,6201:1	target_encoded_tail:1							1:e8016201
0x17a04f	1	1	0	1	0	0	1	1	278:1	165:1	hidden_span_of_14:1	known_prefix_plus_tail:1	exact_shape:1	0xa:1	0x4:1	target_u16@0+e801:1	165@+0x0:1		e801,a500:1	target_encoded_tail:1							1:a500e801
0x17a25f	1	1	0	1	0	0	1	1	264:1	354:1	hidden_span_of_14:1	known_prefix_plus_tail:1	exact_shape:1	0xa:1	0x4:1	target_u16@0+e801:1	354@+0x0:1		e801,6201:1	target_encoded_tail:1							1:6201e801
0x18b88f	1	1	0	1	0	0	1	1	264:1	171:1	hidden_span_of_14:1	known_prefix_plus_tail:1	exact_shape:1	0xa:1	0x4:1	target_u16@0+e801:1	171@+0x0:1		e801,ab00:1	target_encoded_tail:1							1:ab00e801
0x18ba5b	1	1	0	1	0	0	1	1	95:1	165:1	hidden_span_of_14:1	known_prefix_plus_tail:1	exact_shape:1	0xa:1	0x4:1	target_u16@0+e801:1	165@+0x0:1		e801,a500:1	target_encoded_tail:1							1:a500e801
0x18bd8c	1	1	0	1	0	0	1	1	216:1	171:1	frontier_span_of_14:1	known_prefix_plus_tail:1	exact_shape:1	0xa:1	0x4:1	target_u16@0+e801:1	171@+0x0:1		e801,ab00:1	target_encoded_tail:1							1:ab00e801
0x18beab	1	0	0	0	0	1	1	1	75:1	180:1	hidden_span_of_17:1	known_prefix_plus_tail:1	long_branch_operand:1	0xb:1	0x6:1					long_control_prefix:1				prefix table[165], ip +0x2da:1	165:1	+0x2da:1	1:62639ffa4247
0x18c07a	1	1	0	1	0	0	1	1	311:1	171:1	frontier_span_of_14:1	known_prefix_plus_tail:1	exact_shape:1	0xa:1	0x4:1	e801+target_u16@2:1	171@+0x2:1		e801,ab00:1	target_encoded_tail:1							1:e801ab00
0x18c2a6	1	1	0	1	0	0	1	1	311:1	171:1	hidden_span_of_14:1	known_prefix_plus_tail:1	exact_shape:1	0xa:1	0x4:1	e801+target_u16@2:1	171@+0x2:1		e801,ab00:1	target_encoded_tail:1							1:e801ab00
0x1a4a91	1	1	0	1	0	0	1	1	311:1	354:1	hidden_span_of_14:1	known_prefix_plus_tail:1	exact_shape:1	0xa:1	0x4:1	e801+target_u16@2:1	354@+0x2:1		e801,6201:1	target_encoded_tail:1							1:e8016201
0x1a4c73	1	1	0	1	0	0	1	1	356:1	171:1	hidden_span_of_14:1	known_prefix_plus_tail:1	exact_shape:1	0xa:1	0x4:1	e801+target_u16@2:1	171@+0x2:1		e801,ab00:1	target_encoded_tail:1							1:e801ab00
0x1a4daa	1	0	0	0	0	1	1	1	334:1	239:1	hidden_span_of_17:1	known_prefix_plus_tail:1	long_branch_operand:1	0xb:1	0x6:1					long_control_prefix:1				prefix table[171], ip +0x1146:1	171:1	+0x1146:1	1:b3c7e44c6800
0x1a4fc9	1	1	0	1	0	0	1	1	356:1	171:1	hidden_span_of_14:1	known_prefix_plus_tail:1	exact_shape:1	0xa:1	0x4:1	target_u16@0+e801:1	171@+0x0:1		e801,ab00:1	target_encoded_tail:1							1:ab00e801
0x1a519e	1	1	0	1	0	0	1	1	80:1	171:1	hidden_span_of_17:1	target_only_prefix_plus_tail:1	target_only_static_ip_advance:1	0x5:1	0xc:1	target_only_8000_tail_target@+0xa:1	171@+0xa:1		8000,e801,ab00:1	target_encoded_tail:1							1:5b5647601a008000e801ab00
0x1a52c0	1	0	0	0	0	1	1	1	75:1	337:1	hidden_span_of_16:1	known_prefix_plus_tail:1	long_branch_operand:1	0xb:1	0x5:1					long_control_prefix:1				prefix table[165], ip +0xc7d:1	165:1	+0xc7d:1	1:19be2cab3a
0x1a5438	1	1	0	1	0	0	1	1	278:1	165:1	hidden_span_of_14:1	known_prefix_plus_tail:1	exact_shape:1	0xa:1	0x4:1	e801+target_u16@2:1	165@+0x2:1		e801,a500:1	target_encoded_tail:1							1:e801a500
0x1a55ef	1	0	0	0	0	1	1	1	145:1	350:1	hidden_span_of_17:1	known_prefix_plus_tail:1	long_branch_operand:1	0xb:1	0x6:1					long_control_prefix:1				prefix table[165], ip +0x94e:1	165:1	+0x94e:1	1:6008f699b16c
0x1a5793	1	1	0	1	0	0	1	1	278:1	354:1	hidden_span_of_14:1	known_prefix_plus_tail:1	exact_shape:1	0xa:1	0x4:1	target_u16@0+e801:1	354@+0x0:1		e801,6201:1	target_encoded_tail:1							1:6201e801
0x1a5968	1	1	0	1	0	0	1	1	321:1	165:1	hidden_span_of_17:1	known_prefix_plus_tail:1	exact_shape:1	0xd:1	0x4:1	e801+target_u16@2:1	165@+0x2:1		e801,a500:1	target_encoded_tail:1							1:e801a500
0x1a5a8a	1	0	0	0	0	1	1	1	316:1	347:1	hidden_span_of_16:1	known_prefix_plus_tail:1	long_branch_operand:1	0xb:1	0x5:1					long_control_prefix:1				prefix table[165], ip +0x4b3:1	165:1	+0x4b3:1	1:7df37f4b1a
0x1a5d7e	1	1	0	1	0	0	1	1	311:1	354:1	hidden_span_of_14:1	known_prefix_plus_tail:1	exact_shape:1	0xa:1	0x4:1	e801+target_u16@2:1	354@+0x2:1		e801,6201:1	target_encoded_tail:1							1:e8016201
0x1ec347	1	1	0	1	0	0	1	1	356:1	354:1	hidden_span_of_14:1	known_prefix_plus_tail:1	exact_shape:1	0xa:1	0x4:1	target_u16@0+e801:1	354@+0x0:1		e801,6201:1	target_encoded_tail:1							1:6201e801
0x1ec466	1	0	0	0	0	1	1	1	316:1	268:1	hidden_span_of_17:1	known_prefix_plus_tail:1	long_branch_operand:1	0xb:1	0x6:1					long_control_prefix:1				prefix table[165], ip +0xf19:1	165:1	+0xf19:1	1:5deaea58d438
0x1ec5c3	1	1	0	1	0	0	1	1	278:1	171:1	hidden_span_of_14:1	known_prefix_plus_tail:1	exact_shape:1	0xa:1	0x4:1	target_u16@0+e801:1	171@+0x0:1		e801,ab00:1	target_encoded_tail:1							1:ab00e801
0x1ec87a	1	1	0	1	0	0	1	1	216:1	354:1	hidden_span_of_14:1	known_prefix_plus_tail:1	exact_shape:1	0xa:1	0x4:1	e801+target_u16@2:1	354@+0x2:1		e801,6201:1	target_encoded_tail:1							1:e8016201
0x1ecb65	1	1	0	1	0	0	1	1	264:1	354:1	hidden_span_of_14:1	known_prefix_plus_tail:1	exact_shape:1	0xa:1	0x4:1	e801+target_u16@2:1	354@+0x2:1		e801,6201:1	target_encoded_tail:1							1:e8016201
0x1ecdd5	1	1	0	1	0	0	1	1	278:1	165:1	hidden_span_of_14:1	known_prefix_plus_tail:1	exact_shape:1	0xa:1	0x4:1	target_u16@0+e801:1	165@+0x0:1		e801,a500:1	target_encoded_tail:1							1:a500e801
0x1ecfff	1	1	0	1	0	0	1	1	311:1	354:1	hidden_span_of_14:1	known_prefix_plus_tail:1	exact_shape:1	0xa:1	0x4:1	target_u16@0+e801:1	354@+0x0:1		e801,6201:1	target_encoded_tail:1							1:6201e801
0x1ed229	1	1	0	1	0	0	1	1	278:1	165:1	hidden_span_of_14:1	known_prefix_plus_tail:1	exact_shape:1	0xa:1	0x4:1	target_u16@0+e801:1	165@+0x0:1		e801,a500:1	target_encoded_tail:1							1:a500e801
0x22ffb1	1	0	0	0	1	0	1	1	75:1	350:1	hidden_span_of_17:1	known_prefix_plus_tail:1	long_branch_operand:1	0xb:1	0x6:1					long_control_overlap:1	75->171/-0x6d (next = table[171], ip -= 0x6d) [backedge_sample:255]:1	171:1	-0x6d:1				1:5ae9e544f6d9
0x2303ae	1	0	0	0	1	0	1	1	316:1	189:1	hidden_span_of_16:1	known_prefix_plus_tail:1	long_branch_operand:1	0xb:1	0x5:1					long_control_overlap:1	316->165/-0x3c4 (next = table[165], ip -= 0x3c4) [backedge_sample:255]:1	165:1	-0x3c4:1				1:6cb3e80548
0x2319b3	1	1	0	1	0	0	1	1	278:1	165:1	frontier_span_of_14:1	known_prefix_plus_tail:1	exact_shape:1	0xa:1	0x4:1	target_u16@0+e801:1	165@+0x0:1		e801,a500:1	target_encoded_tail:1							1:a500e801
0x292b48	1	1	0	1	0	0	1	1	95:1	165:1	frontier_span_of_14:1	known_prefix_plus_tail:1	exact_shape:1	0xa:1	0x4:1	e801+target_u16@2:1	165@+0x2:1		e801,a500:1	target_encoded_tail:1							1:e801a500
0x292de8	1	1	0	1	0	0	1	1	278:1	165:1	frontier_span_of_14:1	known_prefix_plus_tail:1	exact_shape:1	0xa:1	0x4:1	e801+target_u16@2:1	165@+0x2:1		e801,a500:1	target_encoded_tail:1							1:e801a500
0x293001	1	1	0	1	0	0	1	1	264:1	171:1	hidden_span_of_14:1	known_prefix_plus_tail:1	exact_shape:1	0xa:1	0x4:1	target_u16@0+e801:1	171@+0x0:1		e801,ab00:1	target_encoded_tail:1							1:ab00e801
0x293222	1	1	0	1	0	0	1	1	78:1	354:1	hidden_span_of_17:1	known_prefix_plus_tail:1	exact_shape:1	0xd:1	0x4:1	target_u16@0+e801:1	354@+0x0:1		e801,6201:1	target_encoded_tail:1							1:6201e801
0x293470	1	1	0	1	0	0	1	1	216:1	171:1	frontier_span_of_14:1	known_prefix_plus_tail:1	exact_shape:1	0xa:1	0x4:1	e801+target_u16@2:1	171@+0x2:1		e801,ab00:1	target_encoded_tail:1							1:e801ab00
0x2935da	1	0	0	0	0	1	1	1	210:1	64:1	hidden_span_of_17:1	known_prefix_plus_tail:1	long_branch_operand:1	0xb:1	0x6:1					long_control_prefix:1				prefix table[165], ip +0x13860:1	165:1	+0x13860:1	1:456334eae89f
0x2935fd	1	0	0	0	0	1	1	1	75:1	140:1	hidden_span_of_17:1	known_prefix_plus_tail:1	long_branch_operand:1	0xb:1	0x6:1					long_control_prefix:1				prefix table[165], ip +0xf1:1	165:1	+0xf1:1	1:a782679c50fb
0x293620	1	0	0	0	0	1	1	1	145:1	268:1	hidden_span_of_16:1	known_prefix_plus_tail:1	long_branch_operand:1	0xb:1	0x5:1					long_control_prefix:1				prefix table[165], ip +0x2b62:1	165:1	+0x2b62:1	1:900070088e
0x293643	1	0	0	0	0	1	1	1	75:1	199:1	hidden_span_of_17:1	known_prefix_plus_tail:1	long_branch_operand:1	0xb:1	0x6:1					long_control_prefix:1				prefix table[354], ip +0x5b:1	354:1	+0x5b:1	1:b48ce4adb300
0x293666	1	0	0	0	0	1	1	1	316:1	345:1	hidden_span_of_17:1	known_prefix_plus_tail:1	long_branch_operand:1	0xb:1	0x6:1					long_control_prefix:1				prefix table[165], ip +0x191:1	165:1	+0x191:1	1:5dede1a7ec00
0x2bed4f	1	1	0	1	0	0	1	1	264:1	165:1	frontier_span_of_14:1	known_prefix_plus_tail:1	exact_shape:1	0xa:1	0x4:1	e801+target_u16@2:1	165@+0x2:1		e801,a500:1	target_encoded_tail:1							1:e801a500
0x2bef26	1	1	0	1	0	0	1	1	80:1	354:1	frontier_span_of_17:1	target_only_prefix_plus_tail:1	target_only_static_ip_advance:1	0x5:1	0xc:1	target_only_8000_tail_target@+0x8:1	354@+0x8:1		8000,e801,6201:1	target_encoded_tail:1							1:c679ab2a2c0080006201e801
0x2bf3b8	1	1	0	1	0	0	1	1	216:1	165:1	frontier_span_of_14:1	known_prefix_plus_tail:1	exact_shape:1	0xa:1	0x4:1	e801+target_u16@2:1	165@+0x2:1		e801,a500:1	target_encoded_tail:1							1:e801a500
0x2bff90	1	1	0	1	0	0	1	1	216:1	354:1	frontier_span_of_14:1	known_prefix_plus_tail:1	exact_shape:1	0xa:1	0x4:1	e801+target_u16@2:1	354@+0x2:1		e801,6201:1	target_encoded_tail:1							1:e8016201
0x2c0230	1	1	0	1	0	0	1	1	264:1	165:1	frontier_span_of_14:1	known_prefix_plus_tail:1	exact_shape:1	0xa:1	0x4:1	target_u16@0+e801:1	165@+0x0:1		e801,a500:1	target_encoded_tail:1							1:a500e801
0x2c045a	1	1	0	1	0	0	1	1	356:1	165:1	frontier_span_of_14:1	known_prefix_plus_tail:1	exact_shape:1	0xa:1	0x4:1	target_u16@0+e801:1	165@+0x0:1		e801,a500:1	target_encoded_tail:1							1:a500e801
0x2c1277	1	1	0	1	0	0	1	1	264:1	171:1	hidden_span_of_14:1	known_prefix_plus_tail:1	exact_shape:1	0xa:1	0x4:1	e801+target_u16@2:1	171@+0x2:1		e801,ab00:1	target_encoded_tail:1							1:e801ab00
0x30fd84	1	0	0	0	0	1	1	1	210:1	260:1	hidden_span_of_17:1	known_prefix_plus_tail:1	long_branch_operand:1	0xb:1	0x6:1					long_control_prefix:1				prefix table[165], ip +0x6170:1	165:1	+0x6170:1	1:0c34a0346800
0x31aec3	1	1	0	1	0	0	1	1	321:1	354:1	hidden_span_of_17:1	known_prefix_plus_tail:1	exact_shape:1	0xd:1	0x4:1	e801+target_u16@2:1	354@+0x2:1		e801,6201:1	target_encoded_tail:1							1:e8016201
0x31b82c	1	0	0	0	1	0	1	1	75:1	350:1	hidden_span_of_17:1	known_prefix_plus_tail:1	long_branch_operand:1	0xb:1	0x6:1					long_control_overlap:1	75->354/+0x211 (next = table[354], ip += 0x211) [prefix_32_of_529:1]:1	354:1	+0x211:1				1:bf042b7d44c0
0x31c596	1	0	0	0	1	0	1	1	210:1	18:1	hidden_span_of_17:1	known_prefix_plus_tail:1	long_branch_operand:1	0xb:1	0x6:1					long_control_overlap:1	210->354/+0x211 (next = table[354], ip += 0x211) [prefix_32_of_529:1]:1	354:1	+0x211:1				1:1d8f6b018ecf
0x31cd8c	1	1	0	1	0	0	1	1	278:1	171:1	hidden_span_of_14:1	known_prefix_plus_tail:1	exact_shape:1	0xa:1	0x4:1	target_u16@0+e801:1	171@+0x0:1		e801,ab00:1	target_encoded_tail:1							1:ab00e801
0x31cfb6	1	1	0	1	0	0	1	1	95:1	165:1	hidden_span_of_14:1	known_prefix_plus_tail:1	exact_shape:1	0xa:1	0x4:1	e801+target_u16@2:1	165@+0x2:1		e801,a500:1	target_encoded_tail:1							1:e801a500
0x31d273	1	1	0	1	0	0	1	1	278:1	165:1	hidden_span_of_14:1	known_prefix_plus_tail:1	exact_shape:1	0xa:1	0x4:1	target_u16@0+e801:1	165@+0x0:1		e801,a500:1	target_encoded_tail:1							1:a500e801
0x31d49d	1	1	0	1	0	0	1	1	264:1	171:1	hidden_span_of_14:1	known_prefix_plus_tail:1	exact_shape:1	0xa:1	0x4:1	e801+target_u16@2:1	171@+0x2:1		e801,ab00:1	target_encoded_tail:1							1:e801ab00
0x31d75a	1	1	0	1	0	0	1	1	311:1	171:1	hidden_span_of_14:1	known_prefix_plus_tail:1	exact_shape:1	0xa:1	0x4:1	e801+target_u16@2:1	171@+0x2:1		e801,ab00:1	target_encoded_tail:1							1:e801ab00
0x31d984	1	1	0	1	0	0	1	1	216:1	171:1	hidden_span_of_14:1	known_prefix_plus_tail:1	exact_shape:1	0xa:1	0x4:1	e801+target_u16@2:1	171@+0x2:1		e801,ab00:1	target_encoded_tail:1							1:e801ab00
0x31dc41	1	1	0	1	0	0	1	1	356:1	165:1	hidden_span_of_14:1	known_prefix_plus_tail:1	exact_shape:1	0xa:1	0x4:1	target_u16@0+e801:1	165@+0x0:1		e801,a500:1	target_encoded_tail:1							1:a500e801
0x31e171	1	0	0	0	0	1	1	1	145:1	199:1	hidden_span_of_17:1	known_prefix_plus_tail:1	long_branch_operand:1	0xb:1	0x6:1					long_control_prefix:1				prefix table[354], ip +0x5f4:1	354:1	+0x5f4:1	1:1008b50568bb
0x31e23f	1	1	0	1	0	0	1	1	216:1	165:1	frontier_span_of_14:1	known_prefix_plus_tail:1	exact_shape:1	0xa:1	0x4:1	target_u16@0+e801:1	165@+0x0:1		e801,a500:1	target_encoded_tail:1							1:a500e801
0x31e35e	1	0	0	0	0	1	1	1	316:1	297:1	hidden_span_of_17:1	known_prefix_plus_tail:1	long_branch_operand:1	0xb:1	0x6:1					long_control_prefix:1				prefix table[354], ip +0x407:1	354:1	+0x407:1	1:b5eb57b4371a
0x31e42c	1	1	0	1	0	0	1	1	356:1	354:1	frontier_span_of_14:1	known_prefix_plus_tail:1	exact_shape:1	0xa:1	0x4:1	target_u16@0+e801:1	354@+0x0:1		e801,6201:1	target_encoded_tail:1							1:6201e801
0x31e54b	1	0	0	0	0	1	1	1	75:1	28:1	hidden_span_of_17:1	known_prefix_plus_tail:1	long_branch_operand:1	0xb:1	0x6:1					long_control_prefix:1				prefix table[354], ip +0x21a:1	354:1	+0x21a:1	1:6c472c89fa4f
0x31e738	1	0	0	0	0	1	1	1	246:1	196:1	hidden_span_of_17:1	known_prefix_plus_tail:1	long_branch_operand:1	0xb:1	0x6:1					long_control_prefix:1				prefix table[354], ip +0x2d:1	354:1	+0x2d:1	1:12725c3ad1ec
0x31ec6a	1	1	0	1	0	0	1	1	311:1	171:1	hidden_span_of_14:1	known_prefix_plus_tail:1	exact_shape:1	0xa:1	0x4:1	target_u16@0+e801:1	171@+0x0:1		e801,ab00:1	target_encoded_tail:1							1:ab00e801
0x31eead	1	1	0	1	0	0	1	1	264:1	171:1	hidden_span_of_14:1	known_prefix_plus_tail:1	exact_shape:1	0xa:1	0x4:1	e801+target_u16@2:1	171@+0x2:1		e801,ab00:1	target_encoded_tail:1							1:e801ab00
0x31f0f0	1	1	0	1	0	0	1	1	264:1	354:1	hidden_span_of_14:1	known_prefix_plus_tail:1	exact_shape:1	0xa:1	0x4:1	e801+target_u16@2:1	354@+0x2:1		e801,6201:1	target_encoded_tail:1							1:e8016201
0x332469	1	1	0	1	0	0	1	1	356:1	354:1	hidden_span_of_14:1	known_prefix_plus_tail:1	exact_shape:1	0xa:1	0x4:1	e801+target_u16@2:1	354@+0x2:1		e801,6201:1	target_encoded_tail:1							1:e8016201
0x3326a9	1	1	0	1	0	0	1	1	216:1	171:1	hidden_span_of_14:1	known_prefix_plus_tail:1	exact_shape:1	0xa:1	0x4:1	target_u16@0+e801:1	171@+0x0:1		e801,ab00:1	target_encoded_tail:1							1:ab00e801
0x33292f	1	1	0	1	0	0	1	1	356:1	165:1	hidden_span_of_14:1	known_prefix_plus_tail:1	exact_shape:1	0xa:1	0x4:1	target_u16@0+e801:1	165@+0x0:1		e801,a500:1	target_encoded_tail:1							1:a500e801
0x332b71	1	1	0	1	0	0	1	1	95:1	171:1	hidden_span_of_14:1	known_prefix_plus_tail:1	exact_shape:1	0xa:1	0x4:1	target_u16@0+e801:1	171@+0x0:1		e801,ab00:1	target_encoded_tail:1							1:ab00e801
0x332de3	1	1	0	1	0	0	1	1	278:1	354:1	hidden_span_of_14:1	known_prefix_plus_tail:1	exact_shape:1	0xa:1	0x4:1	target_u16@0+e801:1	354@+0x0:1		e801,6201:1	target_encoded_tail:1							1:6201e801
0x332f80	1	0	0	0	0	1	1	1	210:1	258:1	hidden_span_of_16:1	known_prefix_plus_tail:1	long_branch_operand:1	0xb:1	0x5:1					long_control_prefix:1				prefix table[354], ip +0x8b5:1	354:1	+0x8b5:1	1:6f8509157d
0x333123	1	1	0	1	0	0	1	1	95:1	354:1	hidden_span_of_14:1	known_prefix_plus_tail:1	exact_shape:1	0xa:1	0x4:1	e801+target_u16@2:1	354@+0x2:1		e801,6201:1	target_encoded_tail:1							1:e8016201
0x3332c0	1	0	0	0	0	1	1	1	246:1	91:1	hidden_span_of_17:1	known_prefix_plus_tail:1	long_branch_operand:1	0xb:1	0x6:1					long_control_prefix:1				prefix table[171], ip +0x340:1	171:1	+0x340:1	1:d9d5b4851002
0x3334ac	1	1	0	1	0	0	1	1	356:1	165:1	frontier_span_of_14:1	known_prefix_plus_tail:1	exact_shape:1	0xa:1	0x4:1	target_u16@0+e801:1	165@+0x0:1		e801,a500:1	target_encoded_tail:1							1:a500e801
0x333722	1	1	0	1	0	0	1	1	311:1	354:1	hidden_span_of_14:1	known_prefix_plus_tail:1	exact_shape:1	0xa:1	0x4:1	target_u16@0+e801:1	354@+0x0:1		e801,6201:1	target_encoded_tail:1							1:6201e801
0x333a08	1	1	0	1	0	0	1	1	216:1	165:1	hidden_span_of_14:1	known_prefix_plus_tail:1	exact_shape:1	0xa:1	0x4:1	target_u16@0+e801:1	165@+0x0:1		e801,a500:1	target_encoded_tail:1							1:a500e801
0x3364c6	1	0	0	0	0	1	1	1	334:1	66:1	hidden_span_of_17:1	known_prefix_plus_tail:1	long_branch_operand:1	0xb:1	0x6:1					long_control_prefix:1				prefix table[354], ip +0x8b5:1	354:1	+0x8b5:1	1:73c8e9f12308
0x336806	1	0	0	0	0	1	1	1	145:1	300:1	hidden_span_of_17:1	known_prefix_plus_tail:1	long_branch_operand:1	0xb:1	0x6:1					long_control_prefix:1				prefix table[354], ip +0x340:1	354:1	+0x340:1	1:5801a3019f7c
0x338f6c	1	1	0	1	0	0	1	1	95:1	171:1	hidden_span_of_14:1	known_prefix_plus_tail:1	exact_shape:1	0xa:1	0x4:1	target_u16@0+e801:1	171@+0x0:1		e801,ab00:1	target_encoded_tail:1							1:ab00e801
0x3391ac	1	1	0	1	0	0	1	1	278:1	354:1	hidden_span_of_14:1	known_prefix_plus_tail:1	exact_shape:1	0xa:1	0x4:1	e801+target_u16@2:1	354@+0x2:1		e801,6201:1	target_encoded_tail:1							1:e8016201
0x339432	1	1	0	1	0	0	1	1	95:1	354:1	hidden_span_of_14:1	known_prefix_plus_tail:1	exact_shape:1	0xa:1	0x4:1	e801+target_u16@2:1	354@+0x2:1		e801,6201:1	target_encoded_tail:1							1:e8016201
0x339674	1	1	0	1	0	0	1	1	356:1	171:1	hidden_span_of_14:1	known_prefix_plus_tail:1	exact_shape:1	0xa:1	0x4:1	e801+target_u16@2:1	171@+0x2:1		e801,ab00:1	target_encoded_tail:1							1:e801ab00
0x3398e6	1	1	0	1	0	0	1	1	356:1	354:1	hidden_span_of_14:1	known_prefix_plus_tail:1	exact_shape:1	0xa:1	0x4:1	target_u16@0+e801:1	354@+0x0:1		e801,6201:1	target_encoded_tail:1							1:6201e801
0x339a83	1	0	0	0	0	1	1	1	316:1	183:1	hidden_span_of_17:1	known_prefix_plus_tail:1	long_branch_operand:1	0xb:1	0x6:1					long_control_prefix:1				prefix table[171], ip +0x8b5:1	171:1	+0x8b5:1	1:c0e5519dd364
0x339c26	1	1	0	1	0	0	1	1	264:1	171:1	hidden_span_of_14:1	known_prefix_plus_tail:1	exact_shape:1	0xa:1	0x4:1	target_u16@0+e801:1	171@+0x0:1		e801,ab00:1	target_encoded_tail:1							1:ab00e801
0x339dc3	1	0	0	0	0	1	1	1	246:1	300:1	hidden_span_of_17:1	known_prefix_plus_tail:1	long_branch_operand:1	0xb:1	0x6:1					long_control_prefix:1				prefix table[354], ip +0x340:1	354:1	+0x340:1	1:629e4c226800
0x339faf	1	1	0	1	0	0	1	1	216:1	354:1	frontier_span_of_14:1	known_prefix_plus_tail:1	exact_shape:1	0xa:1	0x4:1	e801+target_u16@2:1	354@+0x2:1		e801,6201:1	target_encoded_tail:1							1:e8016201
0x33a225	1	1	0	1	0	0	1	1	356:1	171:1	hidden_span_of_14:1	known_prefix_plus_tail:1	exact_shape:1	0xa:1	0x4:1	target_u16@0+e801:1	171@+0x0:1		e801,ab00:1	target_encoded_tail:1							1:ab00e801
0x33a50b	1	1	0	1	0	0	1	1	264:1	165:1	hidden_span_of_14:1	known_prefix_plus_tail:1	exact_shape:1	0xa:1	0x4:1	target_u16@0+e801:1	165@+0x0:1		e801,a500:1	target_encoded_tail:1							1:a500e801
0x33cd0f	1	0	0	0	0	1	1	1	316:1	43:1	hidden_span_of_16:1	known_prefix_plus_tail:1	long_branch_operand:1	0xb:1	0x5:1					long_control_prefix:1				prefix table[171], ip +0x283:1	171:1	+0x283:1	1:e0fffb37bf
0x33fbf1	1	0	0	0	1	0	1	1	246:1	180:1	hidden_span_of_17:1	known_prefix_plus_tail:1	long_branch_operand:1	0xb:1	0x6:1					long_control_overlap:1	246->165/+0x211 (next = table[165], ip += 0x211) [prefix_32_of_529:1]:1	165:1	+0x211:1				1:1a9787644247
0x34367e	1	0	0	0	0	1	1	1	145:1	66:1	hidden_span_of_17:1	known_prefix_plus_tail:1	long_branch_operand:1	0xb:1	0x6:1					long_control_prefix:1				prefix table[354], ip +0x1071:1	354:1	+0x1071:1	1:6008e5a8ba63
0x362919	1	0	0	0	1	0	1	1	316:1	121:1	hidden_span_of_17:1	known_prefix_plus_tail:1	long_branch_operand:1	0xb:1	0x6:1					long_control_overlap:1	316->171/+0x211 (next = table[171], ip += 0x211) [prefix_32_of_529:1]:1	171:1	+0x211:1				1:ece122083081
0x36405b	1	0	0	0	1	0	1	1	316:1	114:1	hidden_span_of_16:1	known_prefix_plus_tail:1	long_branch_operand:1	0xb:1	0x5:1					long_control_overlap:1	316->165/+0x211 (next = table[165], ip += 0x211) [prefix_32_of_529:1]:1	165:1	+0x211:1				1:92f9b5dfbe
0x364d87	1	0	0	0	0	1	1	1	316:1	28:1	hidden_span_of_17:1	known_prefix_plus_tail:1	long_branch_operand:1	0xb:1	0x6:1					long_control_prefix:1				prefix table[165], ip +0x3e7:1	165:1	+0x3e7:1	1:65eee57564e0
0x364f74	1	0	0	0	0	1	1	1	334:1	258:1	hidden_span_of_16:1	known_prefix_plus_tail:1	long_branch_operand:1	0xb:1	0x5:1					long_control_prefix:1				prefix table[165], ip +0x1fa:1	165:1	+0x1fa:1	1:2bcb8f503a
0x36848f	1	1	0	1	0	0	1	1	311:1	354:1	hidden_span_of_14:1	known_prefix_plus_tail:1	exact_shape:1	0xa:1	0x4:1	e801+target_u16@2:1	354@+0x2:1		e801,6201:1	target_encoded_tail:1							1:e8016201
0x3686b9	1	1	0	1	0	0	1	1	311:1	171:1	hidden_span_of_14:1	known_prefix_plus_tail:1	exact_shape:1	0xa:1	0x4:1	target_u16@0+e801:1	171@+0x0:1		e801,ab00:1	target_encoded_tail:1							1:ab00e801
0x368944	1	1	0	1	0	0	1	1	356:1	354:1	hidden_span_of_14:1	known_prefix_plus_tail:1	exact_shape:1	0xa:1	0x4:1	target_u16@0+e801:1	354@+0x0:1		e801,6201:1	target_encoded_tail:1							1:6201e801
0x368a98	1	0	0	0	0	1	1	1	75:1	300:1	hidden_span_of_17:1	known_prefix_plus_tail:1	long_branch_operand:1	0xb:1	0x6:1					long_control_prefix:1				prefix table[165], ip +0x12bd:1	165:1	+0x12bd:1	1:1585276f76d8
0x368c3b	1	1	0	1	0	0	1	1	356:1	171:1	hidden_span_of_14:1	known_prefix_plus_tail:1	exact_shape:1	0xa:1	0x4:1	target_u16@0+e801:1	171@+0x0:1		e801,ab00:1	target_encoded_tail:1							1:ab00e801
0x368dd8	1	0	0	0	0	1	1	1	334:1	121:1	hidden_span_of_17:1	known_prefix_plus_tail:1	long_branch_operand:1	0xb:1	0x6:1					long_control_prefix:1				prefix table[354], ip +0xd50:1	354:1	+0xd50:1	1:fbc947526800
0x368e48	1	0	0	0	0	1	1	1	334:1	347:1	hidden_span_of_16:1	known_prefix_plus_tail:1	long_branch_operand:1	0xb:1	0x5:1					long_control_prefix:1				prefix table[354], ip +0xce0:1	354:1	+0xce0:1	1:f3cdd80a5d
0x369c4a	1	1	0	1	0	0	1	1	95:1	165:1	hidden_span_of_14:1	known_prefix_plus_tail:1	exact_shape:1	0xa:1	0x4:1	target_u16@0+e801:1	165@+0x0:1		e801,a500:1	target_encoded_tail:1							1:a500e801
0x369edb	1	1	0	1	0	0	1	1	278:1	171:1	hidden_span_of_14:1	known_prefix_plus_tail:1	exact_shape:1	0xa:1	0x4:1	e801+target_u16@2:1	171@+0x2:1		e801,ab00:1	target_encoded_tail:1							1:e801ab00
0x36bee0	1	1	0	1	0	0	1	1	95:1	354:1	hidden_span_of_14:1	known_prefix_plus_tail:1	exact_shape:1	0xa:1	0x4:1	target_u16@0+e801:1	354@+0x0:1		e801,6201:1	target_encoded_tail:1							1:6201e801
0x36c10a	1	1	0	1	0	0	1	1	216:1	165:1	hidden_span_of_14:1	known_prefix_plus_tail:1	exact_shape:1	0xa:1	0x4:1	target_u16@0+e801:1	165@+0x0:1		e801,a500:1	target_encoded_tail:1							1:a500e801
0x36c395	1	1	0	1	0	0	1	1	95:1	354:1	hidden_span_of_14:1	known_prefix_plus_tail:1	exact_shape:1	0xa:1	0x4:1	target_u16@0+e801:1	354@+0x0:1		e801,6201:1	target_encoded_tail:1							1:6201e801
0x36c4e9	1	0	0	0	0	1	1	1	145:1	332:1	hidden_span_of_17:1	known_prefix_plus_tail:1	long_branch_operand:1	0xb:1	0x6:1					long_control_prefix:1				prefix table[165], ip +0x12bd:1	165:1	+0x12bd:1	1:880af08f1ffa
0x36c68c	1	1	0	1	0	0	1	1	216:1	171:1	hidden_span_of_14:1	known_prefix_plus_tail:1	exact_shape:1	0xa:1	0x4:1	target_u16@0+e801:1	171@+0x0:1		e801,ab00:1	target_encoded_tail:1							1:ab00e801
0x36c829	1	0	0	0	0	1	1	1	210:1	172:1	hidden_span_of_16:1	known_prefix_plus_tail:1	long_branch_operand:1	0xb:1	0x5:1					long_control_prefix:1				prefix table[354], ip +0xd50:1	354:1	+0xd50:1	1:bfec6005a5
0x36c899	1	0	0	0	0	1	1	1	75:1	180:1	hidden_span_of_17:1	known_prefix_plus_tail:1	long_branch_operand:1	0xb:1	0x6:1					long_control_prefix:1				prefix table[354], ip +0xce0:1	354:1	+0xce0:1	1:a6a5889210c9
0x36d69b	1	1	0	1	0	0	1	1	264:1	354:1	hidden_span_of_14:1	known_prefix_plus_tail:1	exact_shape:1	0xa:1	0x4:1	target_u16@0+e801:1	354@+0x0:1		e801,6201:1	target_encoded_tail:1							1:6201e801
0x36d92c	1	1	0	1	0	0	1	1	264:1	165:1	hidden_span_of_14:1	known_prefix_plus_tail:1	exact_shape:1	0xa:1	0x4:1	e801+target_u16@2:1	165@+0x2:1		e801,a500:1	target_encoded_tail:1							1:e801a500
0x36fca8	1	1	0	1	0	0	1	1	264:1	165:1	hidden_span_of_14:1	known_prefix_plus_tail:1	exact_shape:1	0xa:1	0x4:1	e801+target_u16@2:1	165@+0x2:1		e801,a500:1	target_encoded_tail:1							1:e801a500
0x36fed4	1	1	0	1	0	0	1	1	356:1	165:1	hidden_span_of_14:1	known_prefix_plus_tail:1	exact_shape:1	0xa:1	0x4:1	target_u16@0+e801:1	165@+0x0:1		e801,a500:1	target_encoded_tail:1							1:a500e801
0x370127	1	1	0	1	0	0	1	1	69:1	354:1	hidden_span_of_17:1	known_prefix_plus_tail:1	exact_shape:1	0xd:1	0x4:1	e801+target_u16@2:1	354@+0x2:1		e801,6201:1	target_encoded_tail:1							1:e8016201
0x370249	1	1	0	1	0	0	1	1	246:1	340:1	hidden_span_of_15:1	known_prefix_plus_tail:1	long_branch_operand:1	0xb:1	0x4:1	target_u16@+0x2:1	340@+0x2:1			target_encoded_tail:1							1:45765401
0x371b85	1	1	0	1	0	0	1	1	95:1	165:1	hidden_span_of_14:1	known_prefix_plus_tail:1	exact_shape:1	0xa:1	0x4:1	target_u16@0+e801:1	165@+0x0:1		e801,a500:1	target_encoded_tail:1							1:a500e801
0x371e16	1	1	0	1	0	0	1	1	311:1	165:1	hidden_span_of_14:1	known_prefix_plus_tail:1	exact_shape:1	0xa:1	0x4:1	e801+target_u16@2:1	165@+0x2:1		e801,a500:1	target_encoded_tail:1							1:e801a500
