source_entry	synthetic_start_vm_ip	missing_successor_vm_ip	gap_bytes	state_trace_rows	state_variants	concrete_status_mix	unknown_reason_mix	branch_unknown_events	concrete_pred_entries	concrete_pred_ends	dynamic_next_source_entry	dynamic_next_source_start_vm_ip	dynamic_next_end_vm_ip	dynamic_next_tail_target_entry	state_example_seq	state_example_pre_state	state_example_pre_flags	state_example_pre_byte	example_status	example_unknown_reason	example_pred_entry	example_pred_target	example_pred_delta	example_pred_end_vm_ip	example_steps	example_unknown_ops	example_branch_unknown	example_path_hash	example_path	classification
175	0xd1445	0xd144b	cb1702008000	1	1	unknown_target:1	table_oob:1	0	-	0xd1449:1	310	0xd4893	0xd4897	354	132234	0x4001032f	0xc032108	0x3a	unknown_target	table_oob			+0x4	0xd1449	187	39	0	bbe0d482f93ad097	0x9c1c7:jne:1;0x9c215:je:1;0x9c25d:je:0	concrete_table_oob
195	0xd5ebc	0xd5ec2	1e1e02008000	1	1	unknown_target:1	table_read:1	0	-	0xd5ec0:1	169	0x18bd96	0x18bd9a	171	133550	0x5944d5eb	0x6040000	0x3a	unknown_target	table_read			+0x4	0xd5ec0	274	46	0	44a20faf942e72a8	0x9fd8f:je:1;0x9fdf5:je:1	concrete_unknown_target
195	0xdaf39	0xdaf3f	d43002008000	1	1	unknown_target:1	table_read:1	0	-	0xdaf3d:1	310	0x18c084	0x18c088	171	134581	0x3f060dea	0x4000000	0x3a	unknown_target	table_read			+0x4	0xdaf3d	274	46	0	44a20faf942e72a8	0x9fd8f:je:1;0x9fdf5:je:1	concrete_unknown_target
299	0x122e3c	0x122e42	09d402008000	1	1	unknown_target:1	table_read:1	1	-	0x122e40:1	169	0x2c0464	0x2c0468	165	3393	0xdfbf99dd	0x40a25e4	0x3a	unknown_target	table_read			+0x4	0x122e40	274	66	1	b75ed1b046c72a97	0xb6c57:je:?;0xb6c87:je:0;0xb6d00:je:1;0xb6f5c:je:0	concrete_branch_unknown
278	0x12906f	0x129079	b2b51500800010c00600	1	1	unknown_target:1	table_read:1	0	-	0x129074:1	310	0x172d62	0x172d66	171	3391	0xeb832ff4	0x7adefd7b	0x3a	unknown_target	table_read			+0x5	0x129074	176	49	0	a604fbe70c42f7fd	0xb2479:jne:1;0xb2486:jne:1;0xb2494:jne:1;0xb24a4:jne:0;0xb2508:je:0	concrete_unknown_target
299	0x17452e	0x174534	eb1303008000	1	1	unknown_target:1	table_read:1	1	-	0x174532:1	310	0x2bff9a	0x2bff9e	354	3392	0xd6a444b3	0x3cb1dfde	0x3a	unknown_target	table_read			+0x4	0x174532	280	66	1	272bfb1d05f8b9ef	0xb6c57:je:?;0xb6c87:je:0;0xb6d00:je:0;0xb6f5c:je:0	concrete_branch_unknown
175	0x17a420	0x17a426	031703008000	1	1	unknown_target:1	table_read:1	0	-	0x17a424:1	169	0x120afe	0x120b02	354	3387	0x69145e5a	0x9b018cc6	0x3a	unknown_target	table_read			+0x4	0x17a424	192	39	0	b375be1a950bc98f	0x9c1c7:jne:1;0x9c215:je:0;0x9c25d:je:0	concrete_unknown_target
195	0x18c467	0x18c46d	fe2203008000	1	1	unknown_target:1	table_read:1	0	-	0x18c46b:1	310	0x11d6ac	0x11d6b0	171	134842	0x3f061d5a	0x40b30000	0x3a	unknown_target	table_read			+0x4	0x18c46b	275	46	0	9917c35930d48ca1	0x9fd8f:je:0;0x9fdf5:je:1	concrete_unknown_target
175	0x1a6041	0x1a6047	bd3903008000	1	1	unknown_target:1	table_read:1	0	-	0x1a6045:1	169	0x1221a0	0x1221a4	171	3390	0xc7ab57f9	0xc008010	0x3a	unknown_target	table_read			+0x4	0x1a6045	187	39	0	bbe0d482f93ad097	0x9c1c7:jne:1;0x9c215:je:1;0x9c25d:je:0	concrete_unknown_target
195	0x1ed483	0x1ed489	f97a03008000	1	1	unknown_target:1	table_read:1	0	-	0x1ed487:1	310	0x121ed0	0x121ed4	354	3389	0xf9955f7f	0x124c7dc5	0x3a	unknown_target	table_read			+0x4	0x1ed487	274	46	0	44a20faf942e72a8	0x9fd8f:je:1;0x9fdf5:je:1	concrete_unknown_target
195	0x2304b8	0x2304be	7b4d04008000	1	1	unknown_target:1	table_oob:1	0	-	0x2304bc:1	169	0xd100c	0xd1010	165	89198	0x3f062202	0x111280	0x3a	unknown_target	table_oob			+0x4	0x2304bc	275	46	0	9917c35930d48ca1	0x9fd8f:je:0;0x9fdf5:je:1	concrete_table_oob
195	0x231b74	0x231b7a	c6f105008000	1	1	unknown_target:1	table_oob:1	0	-	0x231b78:1	169	0x121c8d	0x121c91	165	3388	0xffc5b7b9	0x5676b3d0	0x3a	unknown_target	table_oob			+0x4	0x231b78	274	46	0	44a20faf942e72a8	0x9fd8f:je:1;0x9fdf5:je:1	concrete_table_oob
299	0x24bd2a	0x24bd30	533f06008000	2	1	unknown_target:1	table_read:1	1	-	0x24bd2e:1	86	0x11ac5a	0x11ac5e	169	7356	0xf05f0900	0xf9ffff2e	0x3a	unknown_target	table_read			+0x4	0x24bd2e	280	66	1	272bfb1d05f8b9ef	0xb6c57:je:?;0xb6c87:je:0;0xb6d00:je:0;0xb6f5c:je:0	concrete_branch_unknown
195	0x31f2b1	0x31f2b7	3f3c07008000	1	1	unknown_target:1	table_read:1	0	-	0x31f2b5:1	169	0x11d925	0x11d929	354	164200	0x3f063b30	0x20000	0x3a	unknown_target	table_read			+0x4	0x31f2b5	274	46	0	44a20faf942e72a8	0x9fd8f:je:1;0x9fdf5:je:1	concrete_unknown_target
195	0x333bc9	0x333bcf	d84807008000	1	1	unknown_target:1	table_read:1	0	-	0x333bcd:1	169	0x31e249	0x31e24d	165	153047	0xfbfbd6df	0x76ec0266	0x3a	unknown_target	table_read			+0x4	0x333bcd	275	46	0	9917c35930d48ca1	0x9fd8f:je:0;0x9fdf5:je:1	concrete_unknown_target
299	0x33710f	0x337115	3d4b07008000	1	1	unknown_target:1	table_oob:1	1	-	0x337113:1	310	0x31e05c	0x31e060	165	146319	0x16833a04	0x16833a04	0x3a	unknown_target	table_oob			+0x4	0x337113	274	66	1	b75ed1b046c72a97	0xb6c57:je:?;0xb6c87:je:0;0xb6d00:je:1;0xb6f5c:je:0	concrete_table_oob
299	0x33a6cc	0x33a6d2	924d07008000	1	1	unknown_target:1	table_read:1	1	-	0x33a6d0:1	169	0x31e436	0x31e43a	354	160038	0xbcdfe7e7	0xbc9fe3e5	0x3a	unknown_target	table_read			+0x4	0x33a6d0	274	66	1	b75ed1b046c72a97	0xb6c57:je:?;0xb6c87:je:0;0xb6d00:je:1;0xb6f5c:je:0	concrete_branch_unknown
195	0x33d2d9	0x33d2df	884f07008000	1	1	unknown_target:1	table_read:1	0	-	0x33d2dd:1	169	0x31e623	0x31e627	165	163536	0xe5baf3c5	0xe5baf3c5	0x3a	unknown_target	table_read			+0x4	0x33d2dd	274	46	0	44a20faf942e72a8	0x9fd8f:je:1;0x9fdf5:je:1	concrete_unknown_target
175	0x34556c	0x345572	515b07008000	1	1	unknown_target:1	table_read:1	0	-	0x345570:1	169	0x11db12	0x11db16	354	3363	0xe049820	0xe049820	0x3a	unknown_target	table_read			+0x4	0x345570	187	39	0	bbe0d482f93ad097	0x9c1c7:jne:1;0x9c215:je:1;0x9c25d:je:0	concrete_unknown_target
195	0x3655e4	0x3655ea	bd7907008000	1	1	unknown_target:1	table_read:1	0	-	0x3655e8:1	310	0x11dcff	0x11dd03	165	3386	0xbffce60a	0xa597810c	0x3a	unknown_target	table_read			+0x4	0x3655e8	274	46	0	44a20faf942e72a8	0x9fd8f:je:1;0x9fdf5:je:1	concrete_unknown_target
