tail_hash	tail_len	tail_hex	events	source_entries	target_entries	semantic_gap_classes	source_classes	prefix_sources	prefix_lens	span_lens	top_sources	top_targets	u16_candidates	target_match_offsets	tail_schema	motifs	byte_layout
18dfc5e5d2a8	0x6	8000e801ab00	256	1	1	target_only_prefix_plus_tail:256	target_only:256	target_only_static_ip_advance:256	0xb:256	0x11:256	50:256	171:256	+0x0:128,+0x4:171*	171@+0x4:256	8000+e801+target_u16@4	8000,e801,ab00	b0=0x80;b1=0x00;b2=0xe8;b3=0x01;b4=0xab;b5=0x00
e9e51cfc7d31	0x4	a500e801	155	7	1	known_prefix_plus_tail:155	affine_dispatch_fallback:155	exact_shape:155	0xa:91,0xd:64	0xe:91,0x11:64	321:64,311:35,95:31,356:9,264:6,278:6,216:4	165:155	+0x0:165*	165@+0x0:155	target_u16@0+e801	e801,a500	b0=0xa5;b1=0x00;b2=0xe8;b3=0x01
f5418f72b026	0x6	c3c965845dca	125	1	1	known_prefix_plus_tail:125	sampled_only:125	long_branch_operand:125	0xb:125	0x11:125	334:125	183:125					b0=0xc3;b1=0xc9;b2=0x65;b3=0x84;b4=0x5d;b5=0xca
84058bb8e996	0x4	e801ab00	105	8	1	known_prefix_plus_tail:105	affine_dispatch_fallback:103,partial:2	exact_shape:105	0xa:102,0xd:3	0xe:102,0x11:3	264:53,311:30,216:9,356:4,95:3,278:3,69:2,78:1	171:105	+0x2:171*	171@+0x2:105	e801+target_u16@2	e801,ab00	b0=0xe8;b1=0x01;b2=0xab;b3=0x00
2990db204e40	0x5	089c424b34	91	1	1	known_prefix_plus_tail:91	sampled_only:91	long_branch_operand:91	0xb:91	0x10:91	75:91	260:91					b0=0x08;b1=0x9c;b2=0x42;b3=0x4b;b4=0x34
2c1b3e824c9e	0x4	ab00e801	87	7	1	known_prefix_plus_tail:87	affine_dispatch_fallback:74,partial:13	exact_shape:87	0xa:74,0xd:13	0xe:74,0x11:13	356:32,216:13,69:13,95:11,278:9,264:6,311:3	171:87	+0x0:171*	171@+0x0:87	target_u16@0+e801	e801,ab00	b0=0xab;b1=0x00;b2=0xe8;b3=0x01
2c3b78dca0ce	0x4	e801a500	64	8	1	known_prefix_plus_tail:64	affine_dispatch_fallback:64	exact_shape:64	0xa:46,0xd:18	0xe:46,0x11:18	264:28,78:16,216:6,311:4,95:4,278:3,321:2,356:1	165:64	+0x2:165*	165@+0x2:64	e801+target_u16@2	e801,a500	b0=0xe8;b1=0x01;b2=0xa5;b3=0x00
36a7b503a634	0x6	8000ab00e801	64	1	1	target_only_prefix_plus_tail:64	target_only:64	target_only_static_ip_advance:64	0xb:64	0x11:64	50:64	171:64	+0x0:128,+0x2:171*	171@+0x2:64	8000+target_u16@2+e801	8000,e801,ab00	b0=0x80;b1=0x00;b2=0xab;b3=0x00;b4=0xe8;b5=0x01
b12ac48450d5	0x4	e8016201	50	8	1	known_prefix_plus_tail:50	affine_dispatch_fallback:44,partial:6	exact_shape:50	0xa:38,0xd:12	0xe:38,0x11:12	278:10,264:9,356:7,321:6,69:6,311:5,95:4,216:3	354:50	+0x2:354*	354@+0x2:50	e801+target_u16@2	e801,6201	b0=0xe8;b1=0x01;b2=0x62;b3=0x01
39686efd19b8	0xb	65f513003d019d0180e00d	41	1	1	known_prefix_plus_tail:41	sampled_only:41	long_branch_operand:41	0xb:41	0x16:41	316:41	196:41	+0x2:19,+0x4:317		long_tail_3d01_9d01	3d01,9d01	b0=0x65;b1=0xf5;b2=0x13;b3=0x00;b4=0x3d;b5=0x01;b6=0x9d;b7=0x01;b8=0x80;b9=0xe0;b10=0x0d
3bfb9d72dde2	0x4	6201e801	40	7	1	known_prefix_plus_tail:40	affine_dispatch_fallback:40	exact_shape:40	0xa:39,0xd:1	0xe:39,0x11:1	95:11,278:9,356:7,264:6,311:5,216:1,78:1	354:40	+0x0:354*	354@+0x0:40	target_u16@0+e801	e801,6201	b0=0x62;b1=0x01;b2=0xe8;b3=0x01
76a2ef235112	0xb	b3cb1300eb539d013d0180	39	1	1	known_prefix_plus_tail:39	sampled_only:39	long_branch_operand:39	0xb:39	0x16:39	334:39	114:39	+0x2:19,+0x8:317		long_tail_3d01_9d01	3d01,9d01	b0=0xb3;b1=0xcb;b2=0x13;b3=0x00;b4=0xeb;b5=0x53;b6=0x9d;b7=0x01;b8=0x3d;b9=0x01;b10=0x80
e1d24a4fa77b	0x5	95f3e615b2	25	1	1	known_prefix_plus_tail:25	sampled_only:25	long_branch_operand:25	0xb:25	0x10:25	316:25	268:25					b0=0x95;b1=0xf3;b2=0xe6;b3=0x15;b4=0xb2
c092e5506079	0x5	f65289bebc	25	1	1	known_prefix_plus_tail:25	sampled_only:25	long_branch_operand:25	0xb:25	0x10:25	246:25	347:25					b0=0xf6;b1=0x52;b2=0x89;b3=0xbe;b4=0xbc
10766c2faba5	0x6	512d5cd89cbc	25	1	1	known_prefix_plus_tail:25	sampled_only:25	long_branch_operand:25	0xb:25	0x11:25	316:25	203:25					b0=0x51;b1=0x2d;b2=0x5c;b3=0xd8;b4=0x9c;b5=0xbc
0679ccd019a7	0x6	e8040ecb6800	25	1	1	known_prefix_plus_tail:25	sampled_only:25	long_branch_operand:25	0xb:25	0x11:25	145:25	66:25	+0x4:104				b0=0xe8;b1=0x04;b2=0x0e;b3=0xcb;b4=0x68;b5=0x00
98a812737eda	0x8	400604b8de822006	25	1	1	known_prefix_plus_tail:25	sampled_only:25	long_branch_operand:25	0xb:25	0x13:25	145:25	196:25					b0=0x40;b1=0x06;b2=0x04;b3=0xb8;b4=0xde;b5=0x82;b6=0x20;b7=0x06
d790df9f5983	0xb	a006130023569d013d0180	22	1	1	known_prefix_plus_tail:22	sampled_only:22	long_branch_operand:22	0xb:22	0x16:22	145:22	203:22	+0x2:19,+0x8:317		long_tail_3d01_9d01	3d01,9d01	b0=0xa0;b1=0x06;b2=0x13;b3=0x00;b4=0x23;b5=0x56;b6=0x9d;b7=0x01;b8=0x3d;b9=0x01;b10=0x80
bbc55c1806ea	0xb	34ec13003d019d0180141a	18	1	1	known_prefix_plus_tail:18	sampled_only:18	long_branch_operand:18	0xb:18	0x16:18	210:18	157:18	+0x2:19,+0x4:317		long_tail_3d01_9d01	3d01,9d01	b0=0x34;b1=0xec;b2=0x13;b3=0x00;b4=0x3d;b5=0x01;b6=0x9d;b7=0x01;b8=0x80;b9=0x14;b10=0x1a
dcae7c585625	0xb	1a75809d019cc83d011300	17	1	1	known_prefix_plus_tail:17	sampled_only:17	long_branch_operand:17	0xb:17	0x16:17	210:17	340:17	+0x7:317,+0x9:19		long_tail_3d01_9d01	3d01,9d01	b0=0x1a;b1=0x75;b2=0x80;b3=0x9d;b4=0x01;b5=0x9c;b6=0xc8;b7=0x3d;b8=0x01;b9=0x13;b10=0x00
d10d63b85cac	0xb	67b79d01fc8313003d0180	17	1	1	known_prefix_plus_tail:17	sampled_only:17	long_branch_operand:17	0xb:17	0x16:17	75:17	168:17	+0x6:19,+0x8:317		long_tail_3d01_9d01	3d01,9d01	b0=0x67;b1=0xb7;b2=0x9d;b3=0x01;b4=0xfc;b5=0x83;b6=0x13;b7=0x00;b8=0x3d;b9=0x01;b10=0x80
824afd195da9	0xb	4007809d01b4c43d011300	14	1	1	known_prefix_plus_tail:14	sampled_only:14	long_branch_operand:14	0xb:14	0x16:14	145:14	215:14	+0x7:317,+0x9:19		long_tail_3d01_9d01	3d01,9d01	b0=0x40;b1=0x07;b2=0x80;b3=0x9d;b4=0x01;b5=0xb4;b6=0xc4;b7=0x3d;b8=0x01;b9=0x13;b10=0x00
4708b41e1754	0xb	300213003d019d0180c00c	13	1	1	known_prefix_plus_tail:13	sampled_only:13	long_branch_operand:13	0xb:13	0x16:13	210:13	199:13	+0x2:19,+0x4:317		long_tail_3d01_9d01	3d01,9d01	b0=0x30;b1=0x02;b2=0x13;b3=0x00;b4=0x3d;b5=0x01;b6=0x9d;b7=0x01;b8=0x80;b9=0xc0;b10=0x0c
52a76660708f	0xc	216be8e933008000ab00e801	12	1	1	target_only_prefix_plus_tail:12	target_only:12	target_only_static_ip_advance:12	0x5:12	0x11:12	80:12	171:12	+0x4:51,+0x6:128,+0x8:171*	171@+0x8:12	target_only_8000_tail_target@+0x8	8000,e801,ab00	b0=0x21;b1=0x6b;b2=0xe8;b3=0xe9;b4=0x33;b5=0x00;b6=0x80;b7=0x00;b8=0xab;b9=0x00;b10=0xe8;b11=0x01
2ca62a5469d1	0x6	a202828596ff	10	1	1	known_prefix_plus_tail:10	sampled_only:10	long_branch_operand:10	0xb:10	0x11:10	210:10	199:10					b0=0xa2;b1=0x02;b2=0x82;b3=0x85;b4=0x96;b5=0xff
050dee213c85	0xb	4007809d01e4c33d011300	10	1	1	known_prefix_plus_tail:10	sampled_only:10	long_branch_operand:10	0xb:10	0x16:10	145:10	189:10	+0x7:317,+0x9:19		long_tail_3d01_9d01	3d01,9d01	b0=0x40;b1=0x07;b2=0x80;b3=0x9d;b4=0x01;b5=0xe4;b6=0xc3;b7=0x3d;b8=0x01;b9=0x13;b10=0x00
a2aacba60b6f	0xb	b07513003d019d0180309b	10	1	1	known_prefix_plus_tail:10	sampled_only:10	long_branch_operand:10	0xb:10	0x16:10	210:10	185:10	+0x2:19,+0x4:317		long_tail_3d01_9d01	3d01,9d01	b0=0xb0;b1=0x75;b2=0x13;b3=0x00;b4=0x3d;b5=0x01;b6=0x9d;b7=0x01;b8=0x80;b9=0x30;b10=0x9b
88616ce35928	0xb	d64e803d015f9d9d011300	10	1	1	known_prefix_plus_tail:10	sampled_only:10	long_branch_operand:10	0xb:10	0x16:10	316:10	199:10	+0x3:317,+0x9:19		long_tail_3d01_9d01	3d01,9d01	b0=0xd6;b1=0x4e;b2=0x80;b3=0x3d;b4=0x01;b5=0x5f;b6=0x9d;b7=0x9d;b8=0x01;b9=0x13;b10=0x00
187975cfe3d7	0x6	73cfb6a5e24f	9	1	1	known_prefix_plus_tail:9	sampled_only:9	long_branch_operand:9	0xb:9	0x11:9	210:9	196:9					b0=0x73;b1=0xcf;b2=0xb6;b3=0xa5;b4=0xe2;b5=0x4f
bfd62c8eb648	0x6	7a7b450eef00	9	1	1	known_prefix_plus_tail:9	sampled_only:9	long_branch_operand:9	0xb:9	0x11:9	246:9	18:9	+0x4:239				b0=0x7a;b1=0x7b;b2=0x45;b3=0x0e;b4=0xef;b5=0x00
d70750d586f5	0xb	7def13006b589d013d0180	7	1	1	known_prefix_plus_tail:7	sampled_only:7	long_branch_operand:7	0xb:7	0x16:7	316:7	258:7	+0x2:19,+0x8:317		long_tail_3d01_9d01	3d01,9d01	b0=0x7d;b1=0xef;b2=0x13;b3=0x00;b4=0x6b;b5=0x58;b6=0x9d;b7=0x01;b8=0x3d;b9=0x01;b10=0x80
5bfe5fe50bad	0xb	f8e6809d018cc13d011300	7	1	1	known_prefix_plus_tail:7	sampled_only:7	long_branch_operand:7	0xb:7	0x16:7	75:7	114:7	+0x7:317,+0x9:19		long_tail_3d01_9d01	3d01,9d01	b0=0xf8;b1=0xe6;b2=0x80;b3=0x9d;b4=0x01;b5=0x8c;b6=0xc1;b7=0x3d;b8=0x01;b9=0x13;b10=0x00
8a225d2baf6c	0x6	772f62028638	5	1	1	known_prefix_plus_tail:5	sampled_only:5	long_branch_operand:5	0xb:5	0x11:5	246:5	183:5					b0=0x77;b1=0x2f;b2=0x62;b3=0x02;b4=0x86;b5=0x38
ef51cdb00f10	0xb	cbc99d01cc8613003d0180	5	1	1	known_prefix_plus_tail:5	sampled_only:5	long_branch_operand:5	0xb:5	0x16:5	334:5	258:5	+0x6:19,+0x8:317		long_tail_3d01_9d01	3d01,9d01	b0=0xcb;b1=0xc9;b2=0x9d;b3=0x01;b4=0xcc;b5=0x86;b6=0x13;b7=0x00;b8=0x3d;b9=0x01;b10=0x80
6740c048f6a0	0x6	5e749b9094e6	4	1	1	known_prefix_plus_tail:4	sampled_only:4	long_branch_operand:4	0xb:4	0x11:4	246:4	66:4					b0=0x5e;b1=0x74;b2=0x9b;b3=0x90;b4=0x94;b5=0xe6
79cfbc546c43	0x6	8000e801a500	4	1	1	target_only_prefix_plus_tail:4	target_only:4	target_only_static_ip_advance:4	0xb:4	0x11:4	50:4	165:4	+0x0:128,+0x4:165*	165@+0x4:4	8000+e801+target_u16@4	8000,e801,a500	b0=0x80;b1=0x00;b2=0xe8;b3=0x01;b4=0xa5;b5=0x00
6c8e1771db23	0x6	83ced64817fd	4	1	1	known_prefix_plus_tail:4	sampled_only:4	long_branch_operand:4	0xb:4	0x11:4	334:4	185:4					b0=0x83;b1=0xce;b2=0xd6;b3=0x48;b4=0x17;b5=0xfd
fd10fd671d75	0x6	880a684bc0fb	4	1	1	known_prefix_plus_tail:4	sampled_only:4	long_branch_operand:4	0xb:4	0x11:4	145:4	43:4					b0=0x88;b1=0x0a;b2=0x68;b3=0x4b;b4=0xc0;b5=0xfb
fbd1ec18d8e2	0x6	9b901f9b5cf4	4	1	1	known_prefix_plus_tail:4	sampled_only:4	long_branch_operand:4	0xb:4	0x11:4	246:4	199:4					b0=0x9b;b1=0x90;b2=0x1f;b3=0x9b;b4=0x5c;b5=0xf4
50b288582c39	0x6	c3c9183aa80d	4	1	1	known_prefix_plus_tail:4	sampled_only:4	long_branch_operand:4	0xb:4	0x11:4	334:4	91:4					b0=0xc3;b1=0xc9;b2=0x18;b3=0x3a;b4=0xa8;b5=0x0d
ed4d493887e7	0x6	f0073fbd4247	4	1	1	known_prefix_plus_tail:4	sampled_only:4	long_branch_operand:4	0xb:4	0x11:4	145:4	180:4					b0=0xf0;b1=0x07;b2=0x3f;b3=0xbd;b4=0x42;b5=0x47
6340acd80e20	0x5	5a7710087c	3	1	1	known_prefix_plus_tail:3	sampled_only:3	long_branch_operand:3	0xb:3	0x10:3	246:3	258:3					b0=0x5a;b1=0x77;b2=0x10;b3=0x08;b4=0x7c
6533b0cbea4c	0x5	6d0df0008a	3	1	1	known_prefix_plus_tail:3	sampled_only:3	long_branch_operand:3	0xb:3	0x10:3	75:3	30:3	+0x2:240				b0=0x6d;b1=0x0d;b2=0xf0;b3=0x00;b4=0x8a
58ae88871c77	0x6	22ec885d1dfe	3	1	1	known_prefix_plus_tail:3	sampled_only:3	long_branch_operand:3	0xb:3	0x11:3	75:3	180:3					b0=0x22;b1=0xec;b2=0x88;b3=0x5d;b4=0x1d;b5=0xfe
b87d0b2f7d14	0x6	73c8cf073308	3	1	1	known_prefix_plus_tail:3	sampled_only:3	long_branch_operand:3	0xb:3	0x11:3	334:3	64:3					b0=0x73;b1=0xc8;b2=0xcf;b3=0x07;b4=0x33;b5=0x08
fd76132ea7b7	0x6	7c5c8e42078e	3	1	1	known_prefix_plus_tail:3	sampled_only:3	long_branch_operand:3	0xb:3	0x11:3	316:3	18:3					b0=0x7c;b1=0x5c;b2=0x8e;b3=0x42;b4=0x07;b5=0x8e
e01ae7009d64	0x6	8274faa79300	3	1	1	known_prefix_plus_tail:3	sampled_only:3	long_branch_operand:3	0xb:3	0x11:3	246:3	340:3	+0x4:147				b0=0x82;b1=0x74;b2=0xfa;b3=0xa7;b4=0x93;b5=0x00
64ca5cfe016b	0x6	88eced03ef02	3	1	1	known_prefix_plus_tail:3	sampled_only:3	long_branch_operand:3	0xb:3	0x11:3	210:3	297:3					b0=0x88;b1=0xec;b2=0xed;b3=0x03;b4=0xef;b5=0x02
f6657d203dc1	0x6	b87da0dfad6e	3	1	1	known_prefix_plus_tail:3	sampled_only:3	long_branch_operand:3	0xb:3	0x11:3	210:3	180:3					b0=0xb8;b1=0x7d;b2=0xa0;b3=0xdf;b4=0xad;b5=0x6e
456dda6b1867	0x6	e3ca0e017a44	3	1	1	known_prefix_plus_tail:3	sampled_only:3	long_branch_operand:3	0xb:3	0x11:3	334:3	91:3	+0x2:270				b0=0xe3;b1=0xca;b2=0x0e;b3=0x01;b4=0x7a;b5=0x44
c58703295cee	0x6	e80540083ca5	3	1	1	known_prefix_plus_tail:3	sampled_only:3	long_branch_operand:3	0xb:3	0x11:3	145:3	157:3					b0=0xe8;b1=0x05;b2=0x40;b3=0x08;b4=0x3c;b5=0xa5
16d78a9bc91f	0xc	5b4202de36008000e801ab00	3	1	1	target_only_prefix_plus_tail:3	target_only:3	target_only_static_ip_advance:3	0x5:3	0x11:3	80:3	171:3	+0x4:54,+0x6:128,+0xa:171*	171@+0xa:3	target_only_8000_tail_target@+0xa	8000,e801,ab00	b0=0x5b;b1=0x42;b2=0x02;b3=0xde;b4=0x36;b5=0x00;b6=0x80;b7=0x00;b8=0xe8;b9=0x01;b10=0xab;b11=0x00
3c4b16b950e0	0x5	36ad200839	2	1	1	known_prefix_plus_tail:2	sampled_only:2	long_branch_operand:2	0xb:2	0x10:2	75:2	260:2					b0=0x36;b1=0xad;b2=0x20;b3=0x08;b4=0x39
1db6237c77db	0x5	4f8bd3d5af	2	1	1	known_prefix_plus_tail:2	sampled_only:2	long_branch_operand:2	0xb:2	0x10:2	210:2	196:2					b0=0x4f;b1=0x8b;b2=0xd3;b3=0xd5;b4=0xaf
b840c0aeb4f5	0x5	63c3c7c782	2	1	1	known_prefix_plus_tail:2	sampled_only:2	long_branch_operand:2	0xb:2	0x10:2	75:2	189:2					b0=0x63;b1=0xc3;b2=0xc7;b3=0xc7;b4=0x82
c9118e819a6c	0x6	2d056d82f304	2	1	1	known_prefix_plus_tail:2	sampled_only:2	long_branch_operand:2	0xb:2	0x11:2	210:2	183:2					b0=0x2d;b1=0x05;b2=0x6d;b3=0x82;b4=0xf3;b5=0x04
b1d66c75d3df	0x6	35e27158ab49	2	1	1	known_prefix_plus_tail:2	sampled_only:2	long_branch_operand:2	0xb:2	0x11:2	246:2	196:2					b0=0x35;b1=0xe2;b2=0x71;b3=0x58;b4=0xab;b5=0x49
ff8c7e5708db	0x6	73c8c63adb0f	2	1	1	known_prefix_plus_tail:2	sampled_only:2	long_branch_operand:2	0xb:2	0x11:2	334:2	189:2					b0=0x73;b1=0xc8;b2=0xc6;b3=0x3a;b4=0xdb;b5=0x0f
689513047f74	0x6	8459c7c66800	2	1	1	known_prefix_plus_tail:2	sampled_only:2	long_branch_operand:2	0xb:2	0x11:2	316:2	297:2	+0x4:104				b0=0x84;b1=0x59;b2=0xc7;b3=0xc6;b4=0x68;b5=0x00
6b9be91b996d	0x6	a00a39736800	2	1	1	known_prefix_plus_tail:2	sampled_only:2	long_branch_operand:2	0xb:2	0x11:2	145:2	121:2	+0x4:104				b0=0xa0;b1=0x0a;b2=0x39;b3=0x73;b4=0x68;b5=0x00
8c41c50c2d89	0x6	f76e460c8c42	2	1	1	known_prefix_plus_tail:2	sampled_only:2	long_branch_operand:2	0xb:2	0x11:2	246:2	157:2					b0=0xf7;b1=0x6e;b2=0x46;b3=0x0c;b4=0x8c;b5=0x42
dec7cdbef22b	0x3	01e801	1	1	1	target_only_prefix_plus_tail:1	target_only:1	target_only_static_ip_advance:1	0x9:1	0xc:1	5:1	354:1				e801	b0=0x01;b1=0xe8;b2=0x01
e869a50570ed	0x4	45765401	1	1	1	known_prefix_plus_tail:1	sampled_only:1	long_branch_operand:1	0xb:1	0xf:1	246:1	340:1	+0x2:340*	340@+0x2:1	target_u16@+0x2		b0=0x45;b1=0x76;b2=0x54;b3=0x01
53f3c80cbfc0	0x5	19be2cab3a	1	1	1	known_prefix_plus_tail:1	sampled_only:1	long_branch_operand:1	0xb:1	0x10:1	75:1	337:1					b0=0x19;b1=0xbe;b2=0x2c;b3=0xab;b4=0x3a
35f2b6bc5d52	0x5	2bcb8f503a	1	1	1	known_prefix_plus_tail:1	sampled_only:1	long_branch_operand:1	0xb:1	0x10:1	334:1	258:1					b0=0x2b;b1=0xcb;b2=0x8f;b3=0x50;b4=0x3a
cf1de519368b	0x5	6cb3e80548	1	1	1	known_prefix_plus_tail:1	sampled_only:1	long_branch_operand:1	0xb:1	0x10:1	316:1	189:1					b0=0x6c;b1=0xb3;b2=0xe8;b3=0x05;b4=0x48
7a4e4aa80d94	0x5	6de9a0322a	1	1	1	known_prefix_plus_tail:1	sampled_only:1	long_branch_operand:1	0xb:1	0x10:1	316:1	340:1					b0=0x6d;b1=0xe9;b2=0xa0;b3=0x32;b4=0x2a
d1d26a6169ea	0x5	6f8509157d	1	1	1	known_prefix_plus_tail:1	sampled_only:1	long_branch_operand:1	0xb:1	0x10:1	210:1	258:1					b0=0x6f;b1=0x85;b2=0x09;b3=0x15;b4=0x7d
682a203aa970	0x5	7df37f4b1a	1	1	1	known_prefix_plus_tail:1	sampled_only:1	long_branch_operand:1	0xb:1	0x10:1	316:1	347:1					b0=0x7d;b1=0xf3;b2=0x7f;b3=0x4b;b4=0x1a
6ca2d7434d9d	0x5	900070088e	1	1	1	known_prefix_plus_tail:1	sampled_only:1	long_branch_operand:1	0xb:1	0x10:1	145:1	268:1	+0x0:144				b0=0x90;b1=0x00;b2=0x70;b3=0x08;b4=0x8e
5e8217283ccd	0x5	92f9b5dfbe	1	1	1	known_prefix_plus_tail:1	sampled_only:1	long_branch_operand:1	0xb:1	0x10:1	316:1	114:1					b0=0x92;b1=0xf9;b2=0xb5;b3=0xdf;b4=0xbe
cba7b5ef4478	0x5	bfec6005a5	1	1	1	known_prefix_plus_tail:1	sampled_only:1	long_branch_operand:1	0xb:1	0x10:1	210:1	172:1					b0=0xbf;b1=0xec;b2=0x60;b3=0x05;b4=0xa5
02a42ebf411e	0x5	d8f19003dd	1	1	1	known_prefix_plus_tail:1	sampled_only:1	long_branch_operand:1	0xb:1	0x10:1	210:1	114:1					b0=0xd8;b1=0xf1;b2=0x90;b3=0x03;b4=0xdd
d8bde9ad8f16	0x5	e0fffb37bf	1	1	1	known_prefix_plus_tail:1	sampled_only:1	long_branch_operand:1	0xb:1	0x10:1	316:1	43:1					b0=0xe0;b1=0xff;b2=0xfb;b3=0x37;b4=0xbf
2216cd380b5d	0x5	f3cd58019a	1	1	1	known_prefix_plus_tail:1	sampled_only:1	long_branch_operand:1	0xb:1	0x10:1	334:1	43:1	+0x2:344				b0=0xf3;b1=0xcd;b2=0x58;b3=0x01;b4=0x9a
c6d22e76a924	0x5	f3cdd80a5d	1	1	1	known_prefix_plus_tail:1	sampled_only:1	long_branch_operand:1	0xb:1	0x10:1	334:1	347:1					b0=0xf3;b1=0xcd;b2=0xd8;b3=0x0a;b4=0x5d
c88e58884e10	0x6	03c749284c97	1	1	1	known_prefix_plus_tail:1	sampled_only:1	long_branch_operand:1	0xb:1	0x11:1	334:1	183:1					b0=0x03;b1=0xc7;b2=0x49;b3=0x28;b4=0x4c;b5=0x97
094a386de3b8	0x6	0c34a0346800	1	1	1	known_prefix_plus_tail:1	sampled_only:1	long_branch_operand:1	0xb:1	0x11:1	210:1	260:1	+0x4:104				b0=0x0c;b1=0x34;b2=0xa0;b3=0x34;b4=0x68;b5=0x00
49d637536838	0x6	1008b50568bb	1	1	1	known_prefix_plus_tail:1	sampled_only:1	long_branch_operand:1	0xb:1	0x11:1	145:1	199:1					b0=0x10;b1=0x08;b2=0xb5;b3=0x05;b4=0x68;b5=0xbb
2447ad470cf8	0x6	10a502a80bea	1	1	1	known_prefix_plus_tail:1	sampled_only:1	long_branch_operand:1	0xb:1	0x11:1	75:1	322:1					b0=0x10;b1=0xa5;b2=0x02;b3=0xa8;b4=0x0b;b5=0xea
a488bdc25ef0	0x6	12725c3ad1ec	1	1	1	known_prefix_plus_tail:1	sampled_only:1	long_branch_operand:1	0xb:1	0x11:1	246:1	196:1					b0=0x12;b1=0x72;b2=0x5c;b3=0x3a;b4=0xd1;b5=0xec
3ca3883bbc33	0x6	1585276f76d8	1	1	1	known_prefix_plus_tail:1	sampled_only:1	long_branch_operand:1	0xb:1	0x11:1	75:1	300:1					b0=0x15;b1=0x85;b2=0x27;b3=0x6f;b4=0x76;b5=0xd8
2fc8fef21647	0x6	1a9787644247	1	1	1	known_prefix_plus_tail:1	sampled_only:1	long_branch_operand:1	0xb:1	0x11:1	246:1	180:1					b0=0x1a;b1=0x97;b2=0x87;b3=0x64;b4=0x42;b5=0x47
cd30da1cd0dd	0x6	1d8f6b018ecf	1	1	1	known_prefix_plus_tail:1	sampled_only:1	long_branch_operand:1	0xb:1	0x11:1	210:1	18:1					b0=0x1d;b1=0x8f;b2=0x6b;b3=0x01;b4=0x8e;b5=0xcf
bb209831b5f5	0x6	35e2647c8801	1	1	1	known_prefix_plus_tail:1	sampled_only:1	long_branch_operand:1	0xb:1	0x11:1	316:1	322:1					b0=0x35;b1=0xe2;b2=0x64;b3=0x7c;b4=0x88;b5=0x01
fbc3f6628c02	0x6	456334eae89f	1	1	1	known_prefix_plus_tail:1	sampled_only:1	long_branch_operand:1	0xb:1	0x11:1	210:1	64:1					b0=0x45;b1=0x63;b2=0x34;b3=0xea;b4=0xe8;b5=0x9f
0d0f82e39f3a	0x6	5801a3019f7c	1	1	1	known_prefix_plus_tail:1	sampled_only:1	long_branch_operand:1	0xb:1	0x11:1	145:1	300:1	+0x0:344				b0=0x58;b1=0x01;b2=0xa3;b3=0x01;b4=0x9f;b5=0x7c
2f042e539a9b	0x6	5ae9e544f6d9	1	1	1	known_prefix_plus_tail:1	sampled_only:1	long_branch_operand:1	0xb:1	0x11:1	75:1	350:1					b0=0x5a;b1=0xe9;b2=0xe5;b3=0x44;b4=0xf6;b5=0xd9
c106b384a1c9	0x6	5deaea58d438	1	1	1	known_prefix_plus_tail:1	sampled_only:1	long_branch_operand:1	0xb:1	0x11:1	316:1	268:1					b0=0x5d;b1=0xea;b2=0xea;b3=0x58;b4=0xd4;b5=0x38
de257592294c	0x6	5dede1a7ec00	1	1	1	known_prefix_plus_tail:1	sampled_only:1	long_branch_operand:1	0xb:1	0x11:1	316:1	345:1	+0x4:236				b0=0x5d;b1=0xed;b2=0xe1;b3=0xa7;b4=0xec;b5=0x00
f6c2b4530483	0x6	6008e5a8ba63	1	1	1	known_prefix_plus_tail:1	sampled_only:1	long_branch_operand:1	0xb:1	0x11:1	145:1	66:1					b0=0x60;b1=0x08;b2=0xe5;b3=0xa8;b4=0xba;b5=0x63
438691f2cfdd	0x6	6008f699b16c	1	1	1	known_prefix_plus_tail:1	sampled_only:1	long_branch_operand:1	0xb:1	0x11:1	145:1	350:1					b0=0x60;b1=0x08;b2=0xf6;b3=0x99;b4=0xb1;b5=0x6c
2dcb4d18a7fd	0x6	62639ffa4247	1	1	1	known_prefix_plus_tail:1	sampled_only:1	long_branch_operand:1	0xb:1	0x11:1	75:1	180:1					b0=0x62;b1=0x63;b2=0x9f;b3=0xfa;b4=0x42;b5=0x47
66f0e84f74a0	0x6	629e4c226800	1	1	1	known_prefix_plus_tail:1	sampled_only:1	long_branch_operand:1	0xb:1	0x11:1	246:1	300:1	+0x4:104				b0=0x62;b1=0x9e;b2=0x4c;b3=0x22;b4=0x68;b5=0x00
11227b289963	0x6	65eee57564e0	1	1	1	known_prefix_plus_tail:1	sampled_only:1	long_branch_operand:1	0xb:1	0x11:1	316:1	28:1					b0=0x65;b1=0xee;b2=0xe5;b3=0x75;b4=0x64;b5=0xe0
91e456fbc0df	0x6	6c472c89fa4f	1	1	1	known_prefix_plus_tail:1	sampled_only:1	long_branch_operand:1	0xb:1	0x11:1	75:1	28:1					b0=0x6c;b1=0x47;b2=0x2c;b3=0x89;b4=0xfa;b5=0x4f
3093c135ffa4	0x6	73c8e9f12308	1	1	1	known_prefix_plus_tail:1	sampled_only:1	long_branch_operand:1	0xb:1	0x11:1	334:1	66:1					b0=0x73;b1=0xc8;b2=0xe9;b3=0xf1;b4=0x23;b5=0x08
74b5821a7635	0x6	83ce8741008f	1	1	1	known_prefix_plus_tail:1	sampled_only:1	long_branch_operand:1	0xb:1	0x11:1	334:1	18:1	+0x3:65				b0=0x83;b1=0xce;b2=0x87;b3=0x41;b4=0x00;b5=0x8f
0f6445fadffd	0x6	880af08f1ffa	1	1	1	known_prefix_plus_tail:1	sampled_only:1	long_branch_operand:1	0xb:1	0x11:1	145:1	332:1					b0=0x88;b1=0x0a;b2=0xf0;b3=0x8f;b4=0x1f;b5=0xfa
a17339a07bf7	0x6	a00a006ab300	1	1	1	known_prefix_plus_tail:1	sampled_only:1	long_branch_operand:1	0xb:1	0x11:1	145:1	18:1	+0x1:10,+0x4:179				b0=0xa0;b1=0x0a;b2=0x00;b3=0x6a;b4=0xb3;b5=0x00
8e3aeb689ff9	0x6	a6a5889210c9	1	1	1	known_prefix_plus_tail:1	sampled_only:1	long_branch_operand:1	0xb:1	0x11:1	75:1	180:1					b0=0xa6;b1=0xa5;b2=0x88;b3=0x92;b4=0x10;b5=0xc9
53d3849efb75	0x6	a782679c50fb	1	1	1	known_prefix_plus_tail:1	sampled_only:1	long_branch_operand:1	0xb:1	0x11:1	75:1	140:1					b0=0xa7;b1=0x82;b2=0x67;b3=0x9c;b4=0x50;b5=0xfb
c550e9f5e3aa	0x6	b3c7e44c6800	1	1	1	known_prefix_plus_tail:1	sampled_only:1	long_branch_operand:1	0xb:1	0x11:1	334:1	239:1	+0x4:104				b0=0xb3;b1=0xc7;b2=0xe4;b3=0x4c;b4=0x68;b5=0x00
604c808ca155	0x6	b48ce4adb300	1	1	1	known_prefix_plus_tail:1	sampled_only:1	long_branch_operand:1	0xb:1	0x11:1	75:1	199:1	+0x4:179				b0=0xb4;b1=0x8c;b2=0xe4;b3=0xad;b4=0xb3;b5=0x00
5da54fd668e5	0x6	b5eb57b4371a	1	1	1	known_prefix_plus_tail:1	sampled_only:1	long_branch_operand:1	0xb:1	0x11:1	316:1	297:1					b0=0xb5;b1=0xeb;b2=0x57;b3=0xb4;b4=0x37;b5=0x1a
5ee52bbf1c02	0x6	bf042b7d44c0	1	1	1	known_prefix_plus_tail:1	sampled_only:1	long_branch_operand:1	0xb:1	0x11:1	75:1	350:1					b0=0xbf;b1=0x04;b2=0x2b;b3=0x7d;b4=0x44;b5=0xc0
d753cb36df0a	0x6	c0e5519dd364	1	1	1	known_prefix_plus_tail:1	sampled_only:1	long_branch_operand:1	0xb:1	0x11:1	316:1	183:1					b0=0xc0;b1=0xe5;b2=0x51;b3=0x9d;b4=0xd3;b5=0x64
6644d1ed48e0	0x6	d004a43b04c3	1	1	1	known_prefix_plus_tail:1	sampled_only:1	long_branch_operand:1	0xb:1	0x11:1	145:1	183:1					b0=0xd0;b1=0x04;b2=0xa4;b3=0x3b;b4=0x04;b5=0xc3
ed6a9e67c106	0x6	d9d5b4851002	1	1	1	known_prefix_plus_tail:1	sampled_only:1	long_branch_operand:1	0xb:1	0x11:1	246:1	91:1					b0=0xd9;b1=0xd5;b2=0xb4;b3=0x85;b4=0x10;b5=0x02
fe5ba7447727	0x6	ece122083081	1	1	1	known_prefix_plus_tail:1	sampled_only:1	long_branch_operand:1	0xb:1	0x11:1	316:1	121:1					b0=0xec;b1=0xe1;b2=0x22;b3=0x08;b4=0x30;b5=0x81
1430cc411c30	0x6	ede86fccb681	1	1	1	known_prefix_plus_tail:1	sampled_only:1	long_branch_operand:1	0xb:1	0x11:1	316:1	185:1					b0=0xed;b1=0xe8;b2=0x6f;b3=0xcc;b4=0xb6;b5=0x81
7076d95051ee	0x6	fbc947526800	1	1	1	known_prefix_plus_tail:1	sampled_only:1	long_branch_operand:1	0xb:1	0x11:1	334:1	121:1	+0x4:104				b0=0xfb;b1=0xc9;b2=0x47;b3=0x52;b4=0x68;b5=0x00
a877651c76db	0x8	1480eb790d6ffdd7	1	1	1	known_prefix_plus_tail:1	sampled_only:1	long_branch_operand:1	0xb:1	0x13:1	210:1	157:1					b0=0x14;b1=0x80;b2=0xeb;b3=0x79;b4=0x0d;b5=0x6f;b6=0xfd;b7=0xd7
740b868e17b8	0xc	0d4376600d008000e801ab00	1	1	1	target_only_prefix_plus_tail:1	target_only:1	target_only_static_ip_advance:1	0x5:1	0x11:1	80:1	171:1	+0x4:13,+0x6:128,+0xa:171*	171@+0xa:1	target_only_8000_tail_target@+0xa	8000,e801,ab00	b0=0x0d;b1=0x43;b2=0x76;b3=0x60;b4=0x0d;b5=0x00;b6=0x80;b7=0x00;b8=0xe8;b9=0x01;b10=0xab;b11=0x00
9bb760222806	0xc	5b5647601a008000e801ab00	1	1	1	target_only_prefix_plus_tail:1	target_only:1	target_only_static_ip_advance:1	0x5:1	0x11:1	80:1	171:1	+0x4:26,+0x6:128,+0xa:171*	171@+0xa:1	target_only_8000_tail_target@+0xa	8000,e801,ab00	b0=0x5b;b1=0x56;b2=0x47;b3=0x60;b4=0x1a;b5=0x00;b6=0x80;b7=0x00;b8=0xe8;b9=0x01;b10=0xab;b11=0x00
fa974f4ec50c	0xc	c679ab2a2c0080006201e801	1	1	1	target_only_prefix_plus_tail:1	target_only:1	target_only_static_ip_advance:1	0x5:1	0x11:1	80:1	354:1	+0x4:44,+0x6:128,+0x8:354*	354@+0x8:1	target_only_8000_tail_target@+0x8	8000,e801,6201	b0=0xc6;b1=0x79;b2=0xab;b3=0x2a;b4=0x2c;b5=0x00;b6=0x80;b7=0x00;b8=0x62;b9=0x01;b10=0xe8;b11=0x01
