source_entry	synthetic_start_vm_ip	missing_successor_vm_ip	diagnosis	table_offset	table_offset_count	table_access_status_mix	absolute_file_off	section	region	alignment	nearest_dispatch_entry	nearest_dispatch_entry_delta	dispatch_entry	file_bytes16	file_qword_le	file_qword_class	file_qword_dispatch_entry	dynamic_next_source_entry	dynamic_next_source_start_vm_ip	dynamic_next_end_vm_ip
175	0xd1445	0xd144b	table_index_out_of_range	0x4388	1	table_oob:1	0xc7aa0	.text	after_dispatch_table	0	2161	0		cbc5fe3f5f81efcbc5fe3f488b142448	0xcbef815f3ffec5cb	non_pointer_bytes		310	0xd4893	0xd4897
195	0xd5ebc	0xd5ec2	misaligned_or_non_qword_table_read	0x49bd	1	table_read:1	0xc80d5	.text	after_dispatch_table	5	2359	5		fc1d4c29e8415d488704245c48890424	0x485d41e8294c1dfc	non_pointer_bytes		169	0x18bd96	0x18bd9a
195	0xdaf39	0xdaf3f	misaligned_or_non_qword_table_read	0x1be	1	table_read:1	0xc38d6	.text	inside_dispatch_table_unaligned	6	55	6		0000763e080000000000f94108000000	0x83e760000	non_pointer_bytes		310	0x18c084	0x18c088
299	0x122e3c	0x122e42	misaligned_or_non_qword_table_read	0xd9cf	1	table_read:1	0xd10e7	.text	after_dispatch_table	7	6969	7		00388e7900d2193ac6f0e8015417b300	0x3a19d200798e3800	non_pointer_bytes		169	0x2c0464	0x2c0468
278	0x12906f	0x129079	misaligned_or_non_qword_table_read	0xea3c	2	table_read:2	0xd2154	.text	after_dispatch_table	4	7495	4		aa017aa5aee8017eec5d3756c4c7bf3a	0x7e01e8aea57a01aa	non_pointer_bytes		310	0x172d62	0x172d66
299	0x17452e	0x174534	misaligned_or_non_qword_table_read	0x8144	2	table_read:2	0xcb85c	.text	after_dispatch_table	4	4136	4		81c34634be7d488b04244883c40841c1	0x8b487dbe3446c381	non_pointer_bytes		310	0x2bff9a	0x2bff9e
175	0x17a420	0x17a426	misaligned_or_non_qword_table_read	0xc62	2	table_read:2	0xc437a	.text	after_dispatch_table	2	396	2		2bc0066802d1677968cdf2c956558f04	0x7967d1026806c02b	non_pointer_bytes		169	0x120afe	0x120b02
195	0x18c467	0x18c46d	misaligned_or_non_qword_table_read	0xdf	1	table_read:1	0xc37f7	.text	inside_dispatch_table_unaligned	7	27	7		0090e3070000000000cde70700000000	0x7e39000	non_pointer_bytes		310	0x11d6ac	0x11d6b0
175	0x1a6041	0x1a6047	misaligned_or_non_qword_table_read	0xe281	2	table_read:2	0xd1999	.text	after_dispatch_table	1	7248	1		013a2cae6786093a848890200c52e801	0x3a098667ae2c3a01	non_pointer_bytes		169	0x1221a0	0x1221a4
195	0x1ed483	0x1ed489	misaligned_or_non_qword_table_read	0x40be	2	table_read:2	0xc77d6	.text	after_dispatch_table	6	2071	6		81ea0800000048871424488b24244154	0x874800000008ea81	low32_text_offset		310	0x121ed0	0x121ed4
195	0x2304b8	0x2304be	table_index_out_of_range	0x71e0	1	table_oob:1	0xca8f8	.text	after_dispatch_table	0	3644	0		7ff7d183c10181e9cce6927d81ebcb65	0xe98101c183d1f77f	non_pointer_bytes		169	0xd100c	0xd1010
195	0x231b74	0x231b7a	table_index_out_of_range	0x69c0	2	table_oob:2	0xca0d8	.text	after_dispatch_table	0	3384	0		5e5268445dff795a415041b8fc0afd16	0x5a79ff5d4468525e	non_pointer_bytes		169	0x121c8d	0x121c91
299	0x24bd2a	0x24bd30	misaligned_or_non_qword_table_read	0x448f	2	table_read:2	0xc7ba7	.text	after_dispatch_table	7	2193	7		c1e501c1ed08f7d583c5ff81f50209ff	0xd5f708edc101e5c1	non_pointer_bytes		86	0x11ac5a	0x11ac5e
195	0x31f2b1	0x31f2b7	misaligned_or_non_qword_table_read	0x68c3	1	table_read:1	0xc9fdb	.text	after_dispatch_table	3	3352	3		81edb1dffb534881c552986f234881ed	0x814853fbdfb1ed81	non_pointer_bytes		169	0x11d925	0x11d929
195	0x333bc9	0x333bcf	misaligned_or_non_qword_table_read	0x48e2	1	table_read:1	0xc7ffa	.text	after_dispatch_table	2	2332	2		2449ba08000000000000004d01d7415a	0x8ba4924	non_pointer_bytes		169	0x31e249	0x31e24d
299	0x33710f	0x337115	table_index_out_of_range	0x8548	1	table_oob:1	0xcbc60	.text	after_dispatch_table	0	4265	0		057f7feb7b480500dcd76f482d22ecfe	0x5487beb7f7f05	non_pointer_bytes		310	0x31e05c	0x31e060
299	0x33a6cc	0x33a6d2	misaligned_or_non_qword_table_read	0x115e	1	table_read:1	0xc4876	.text	after_dispatch_table	6	555	6		415b4881ec080000004c8904245648be	0x8ec81485b41	non_pointer_bytes		169	0x31e436	0x31e43a
195	0x33d2d9	0x33d2df	misaligned_or_non_qword_table_read	0x31e2	1	table_read:1	0xc68fa	.text	after_dispatch_table	2	1596	2		01c34881c3a8c2fc7c48010bff34245b	0xfcc2a8c38148c301	non_pointer_bytes		169	0x31e623	0x31e627
175	0x34556c	0x345572	misaligned_or_non_qword_table_read	0xfa95	2	table_read:2	0xd31ad	.text	after_dispatch_table	5	8018	5		15b2d435166de6226a8be801c9f6e805	0x22e66d1635d4b215	non_pointer_bytes		169	0x11db12	0x11db16
195	0x3655e4	0x3655ea	misaligned_or_non_qword_table_read	0x29c3	2	table_read:2	0xc60db	.text	after_dispatch_table	3	1336	3		244883c408684199214e508f04245458	0x99416808c4834824	non_pointer_bytes		310	0x11dcff	0x11dd03
