ref_index	program	site	value	string_vaddr	section_name	match_class	text	context_status	distance_bytes	row_start	row_end	source_block	source_entry	opcode_name	row_kind	bytes	state_kind	dispatch_slot_kind	target	delta	semantic_ir	opcode_state_preview	opcode_dispatch_preview	prev_ops	next_ops
0	020	0x128e61	0x38f0	0x38e5	.dynstr	string_interior	FILTERS_MODE_IPREFETCH	exact_row	0	0x128e60	0x128e64	7@0x128952-0x129079+0x50e	333	vmop_333_plus0x4_state_add_const_slot_multi_path	exact_instruction	83f03800	state_add_const	slot_multi_path	18@0x7be9b:1	+0x4	next = 18@0x7be9b:1, ip += +0x4; dispatch_model=static_100	state0 ^ flags0 ^ state0 | 0x37ccc6ea - 0x61e56767 & flags0 ^ state0 + flags0 ^ state0 | 0x71cc1ee8 | 0x569ecec3 + u16_0 - state0 ^ flags0 ^ state0 | 0x37ccc6ea -...#eb	128=(mask32(u16_0 - (mask32((mask32((mask32((mask32((mask32(state0 ^ (mask32((mask32(flags0 ^ state0)) | 0x37ccc6ea)))) - 0x61e56767)) & (mask32(flags0 ^ state0))...#df	0x128e54:vmop_064_plus0x4_state_add_const_slot_multi_path->168@0x9aa83:1 || 0x128e58:vmop_168_plus0x4_state_add_const_slot_multi_path->243@0xaab6a:1 || 0x128e5c:vmop_243_plus0x4_state_add_const_slot_multi_path->333@0xbd8af:1	0x128e64:vmop_018_plus0x3_state_add_const_slot_multi_path->64@0x85059:1 || 0x128e67:vmop_064_plus0x4_state_add_const_slot_multi_path->26@0x7dbbb:1 || 0x128e6b:vmop_026_plus0x4_state_add_const_slot_multi_path->172@0x9b68a:1
1	021	0x172f32	0x3399	0x3398	.dynstr	string_interior	pthread_mutexattr_init	exact_row	0	0x172f31	0x172f35	8@0x1705a9-0x174534+0x2988	337	vmop_337_plus0x4_state_add_const_slot_multi_path	exact_instruction	44993300	state_add_const	slot_multi_path	49@0x82820:1	+0x4	next = 49@0x82820:1, ip += +0x4; dispatch_model=static_100	state0 - flags0 - u16_2 + state0 - flags0 + flags0 + 0x2051de91 & flags0 + 0x61f749a7 | 0x51d7631a ^ flags0 + 0x61f749a7 ^ 0x3de72107 & 0xe04b834 | u16_0 + state0...#13a	85=(mask32((mask32(u16_0 + (mask32((mask32((mask32((mask32((mask32((mask32(state0 - flags0)) - (mask32((mask32(u16_2 + (mask32(state0 - flags0)))) + flags0)))) + ...#12f	0x172f26:vmop_297_plus0x3_state_add_const_slot_multi_path->350@0xc1926:1 || 0x172f29:vmop_350_plus0x4_state_add_const_slot_mba_stateful->168@0x9aa83:1 || 0x172f2d:vmop_168_plus0x4_state_add_const_slot_multi_path->337@0xbec0e:1	0x172f35:vmop_049_plus0x5_state_add_const_slot_mba_stateful->160@0x994cf:1 || 0x172f3a:vmop_160_plus0x2_state_const_post_slot_multi_path->172@0x9b68a:1 || 0x172f3c:vmop_172_plus0x4_state_add_const_slot_mba_stateful->28@0x7e390:1
2	022	0x1772f2	0x5f073a	0x5f072a	.rodata	string_interior	unsigned __int128	exact_row	0	0x1772f0	0x1772f5	9@0x176883-0x177ca2+0xa6d	330	vmop_330_plus0x5_state_add_const_slot_u16_0	exact_instruction	68093a075f	state_add_const	slot_u16_0	301@0xb708d:1	+0x5	next = 301@0xb708d:1, ip += +0x5; dispatch_model=static_100	state0 | 0x6460b705 & 0x786588ba ^ 0x2897b354 + u16_0	128=u16_0 & 0xffff	0x1772e5:vmop_185_plus0x3_state_add_const_slot_multi_path->322@0xbb3c9:1 || 0x1772e8:vmop_322_plus0x4_state_add_const_slot_multi_path->92@0x8b8cb:1 || 0x1772ec:vmop_092_plus0x4_state_add_const_slot_multi_path->330@0xbc9b8:1	0x1772f5:vmop_301_plus0x5_state_add_const_slot_mba_stateful->173@0x9ba74:1 || 0x1772fa:vmop_173_plus0x2_state_add_const_slot_multi_path->246@0xab427:1 || 0x1772fc:vmop_246_plus0x78_sampled_long_or_sparse_slot_unknown->354@0xc2241
3	031	0x2318ea	0x411a	0x4112	.dynstr	string_interior	_ZGTtdlPv	exact_row	0	0x2318e8	0x2318eb	16@0x2316bf-0x231b7a+0x229	199	vmop_199_plus0x3_state_add_const_slot_multi_path	exact_instruction	a7581a	state_add_const	slot_multi_path	3@0x78c77:1	+0x3	next = 3@0x78c77:1, ip += +0x3; dispatch_model=static_100	state0 + b2 + flags0 ^ 0x7353b039 - 0x24d1328a ^ 0x7e708197 & 0x20d5418 + flags0 ^ 0x7353b039 - 0x24d1328a	106=(mask32((mask32(u16_0 ^ (mask32((mask32((mask32((mask32(state0 + (mask32(b2 + flags0)))) ^ 0x7e708197)) & 0x20d5418)) + flags0)))) + 0x3030bb89)) & 0xffff | 2...#12f	0x2318dc:vmop_043_plus0x4_state_add_const_slot_mba_stateful->114@0x90319:1 || 0x2318e0:vmop_114_plus0x4_state_add_const_slot_multi_path->300@0xb6c36:1 || 0x2318e4:vmop_300_plus0x4_state_add_const_slot_multi_path->199@0xa0631:1	0x2318eb:vmop_003_plus0x5_state_add_const_slot_multi_path->198@0xa037e:1 || 0x2318f0:vmop_198_plus0x2_state_add_const_slot_mba_stateful->28@0x7e390:1 || 0x2318f2:vmop_028_plus0x3_state_add_const_slot_u16_0->340@0xbf435:1
4	034	0x26db58	0x58518e	0x58518e	.rodata	string_start	YYYYY	exact_row	0	0x26db56	0x26db59	19@0x26db07-0x26f097+0x4f	28	vmop_028_plus0x3_state_add_const_slot_u16_0	exact_instruction	e0038e	state_add_const	slot_u16_0	124@0x91e81:4	+0x3	next = 124@0x91e81:4, ip += +0x3; dispatch_model=static_100; state=state_add_const	state0 | flags0 ^ state0 | 0xb9ad02a & 0x3fb85e48 - state0 ^ 0x6e3e6f1a | flags0 ^ state0 | 0xb9ad02a & 0x3fb85e48 - state0 ^ 0x6e3e6f1a + 0x43078fb1 & 0x282416bb...#12f	128=u16_0 & 0xffff	0x26db4b:vmop_301_plus0x5_state_add_const_slot_mba_stateful->108@0x8f24b:4 || 0x26db50:vmop_108_plus0x2_state_add_const_slot_mba_stateful->43@0x8173d:4 || 0x26db52:vmop_043_plus0x4_state_add_const_slot_mba_stateful->28@0x7e390:4	0x26db59:vmop_124_plus0x6_state_add_const_slot_multi_path->258@0xadf2c:4 || 0x26db5f:vmop_258_plus0x4_state_add_const_slot_multi_path->37@0x80685:4 || 0x26db63:vmop_037_plus0x5_state_add_const_slot_mba_stateful->144@0x95887:4
5	039	0x2c0363	0x331b	0x3316	.dynstr	string_interior	socket	exact_row	0	0x2c0362	0x2c0366	23@0x2bfe6f-0x2c05b1+0x4f3	172	vmop_172_plus0x4_state_add_const_slot_mba_stateful	exact_instruction	531b3300	state_add_const	slot_mba_stateful	320@0xbada5:1	+0x4	next = 320@0xbada5:1, ip += +0x4; dispatch_model=static_100	state0 ^ 0x7070916c - 0x6ecee241 + u16_0 ^ state0 ^ 0x7070916c - 0x6ecee241 ^ flags0 ^ 0x15bf847f & state0 | 0x3eba9edf | u16_2 ^ 0x715f0a33	128=(mask32(u16_2 ^ 0x715f0a33)) & 0xffff	0x2c0355:vmop_258_plus0x4_state_add_const_slot_multi_path->215@0xa4609:1 || 0x2c0359:vmop_215_plus0x3_state_mixed_slot_u16_0->239@0xa991e:1 || 0x2c035c:vmop_239_plus0x6_state_add_const_slot_mba_stateful->172@0x9b68a:1	0x2c0366:vmop_320_plus0x5_state_add_const_slot_mba_stateful->144@0x95887:1 || 0x2c036b:vmop_144_plus0x2_state_mixed_slot_mba_stateful->347@0xc088d:1 || 0x2c036d:vmop_347_plus0x4_state_add_const_slot_multi_path->154@0x97ce6:1
6	040	0x2c13a3	0x5843fc	0x5843f0	.rodata	string_interior	basic_string::append	exact_row	0	0x2c139f	0x2c13a5	24@0x2c1156-0x2c13ed+0x249	140	vmop_140_plus0x6_state_add_const_slot_multi_path	exact_instruction	e88371cafc43	state_add_const	slot_multi_path	268@0xb0007:1	+0x6	next = 268@0xb0007:1, ip += +0x6; dispatch_model=static_100	state0 - flags0 - 0x6f549f79 - state0 | 0xf17c331 | 0x16a9ca8c + u16_0 ^ state0 - flags0 - 0x6f549f79 - state0 | 0xf17c331 | 0x16a9ca8c ^ 0x6e089feb	112=(mask32((mask32(u16_0 ^ (mask32(state0 - (mask32((mask32(flags0 - (mask32(state0 | 0xf17c331)))) | 0x16a9ca8c)))))) ^ 0x6e089feb)) & 0xffff | 16=(mask32((mask...#137	0x2c1395:vmop_049_plus0x5_state_add_const_slot_mba_stateful->257@0xadbfd:1 || 0x2c139a:vmop_257_plus0x2_state_add_const_slot_multi_path->185@0x9d964:1 || 0x2c139c:vmop_185_plus0x3_state_add_const_slot_multi_path->140@0x94e5a:1	0x2c13a5:vmop_268_plus0x4_state_add_const_slot_multi_path->114@0x90319:1 || 0x2c13a9:vmop_114_plus0x4_state_add_const_slot_multi_path->319@0xba72f:1 || 0x2c13ad:vmop_319_plus0x5_state_add_const_slot_multi_path->256@0xad849:1
7	041	0x30eebd	0x3000	0x2ff2	.dynstr	string_interior	_ITM_registerTMCloneTable	exact_row	0	0x30eeba	0x30eeea	25@0x30e872-0x316692+0x648	210	vmop_210_plus0x30_sampled_long_or_sparse_slot_unknown	long_branch_forward	a5000000300000003d0122	sampled_long_or_sparse	slot_unknown	165@0x9a24c	+0x30	next = table[165], ip += 0x30	state0		0x30eeab:vmop_168_plus0x4_state_add_const_slot_multi_path->345@0xc02e4:14 || 0x30eeaf:vmop_345_plus0x6_state_add_const_slot_mba_stateful->52@0x833c7:14 || 0x30eeb5:vmop_052_plus0x5_state_add_const_slot_mba_stateful->210@0xa2da3:14	0x30eed0:vmop_199_plus0x3_state_add_const_slot_multi_path->337@0xbec0e:13 || 0x30eed3:vmop_337_plus0x4_state_add_const_slot_multi_path->157@0x98a9a:13 || 0x30eed7:vmop_157_plus0x4_state_add_const_slot_multi_path->326@0xbc06d:13
8	041	0x30eee5	0x4000	0x3ff6	.dynstr	string_interior	__freelocale	exact_row	0	0x30eeba	0x30eeea	25@0x30e872-0x316692+0x648	210	vmop_210_plus0x30_sampled_long_or_sparse_slot_unknown	long_branch_forward	a5000000300000003d0122	sampled_long_or_sparse	slot_unknown	165@0x9a24c	+0x30	next = table[165], ip += 0x30	state0		0x30eeab:vmop_168_plus0x4_state_add_const_slot_multi_path->345@0xc02e4:14 || 0x30eeaf:vmop_345_plus0x6_state_add_const_slot_mba_stateful->52@0x833c7:14 || 0x30eeb5:vmop_052_plus0x5_state_add_const_slot_mba_stateful->210@0xa2da3:14	0x30eed0:vmop_199_plus0x3_state_add_const_slot_multi_path->337@0xbec0e:13 || 0x30eed3:vmop_337_plus0x4_state_add_const_slot_multi_path->157@0x98a9a:13 || 0x30eed7:vmop_157_plus0x4_state_add_const_slot_multi_path->326@0xbc06d:13
9	041	0x30f17b	0x31f5	0x31ef	.dynstr	string_interior	blake3_hasher_finalize	exact_row	0	0x30f179	0x30f17c	25@0x30e872-0x316692+0x907	199	vmop_199_plus0x3_state_add_const_slot_multi_path	exact_instruction	c201f5	state_add_const	slot_multi_path	37@0x80685:4	+0x3	next = 37@0x80685:4, ip += +0x3; dispatch_model=static_100; state=state_const_post	state0 + b2 + flags0 ^ 0x7353b039 - 0x24d1328a ^ 0x7e708197 & 0x20d5418 + flags0 ^ 0x7353b039 - 0x24d1328a	106=(mask32((mask32(u16_0 ^ (mask32((mask32((mask32((mask32(state0 + (mask32(b2 + flags0)))) ^ 0x7e708197)) & 0x20d5418)) + flags0)))) + 0x3030bb89)) & 0xffff | 2...#12f	0x30f16b:vmop_239_plus0x6_state_add_const_slot_mba_stateful->196@0x9fbcd:4 || 0x30f171:vmop_196_plus0x4_state_add_const_slot_multi_path->347@0xc088d:4 || 0x30f175:vmop_347_plus0x4_state_add_const_slot_multi_path->199@0xa0631:4	0x30f17c:vmop_037_plus0x5_state_add_const_slot_mba_stateful->108@0x8f24b:4 || 0x30f181:vmop_108_plus0x2_state_add_const_slot_mba_stateful->43@0x8173d:4 || 0x30f183:vmop_043_plus0x4_state_add_const_slot_mba_stateful->64@0x85059:4
10	041	0x310859	0x5f073a	0x5f072a	.rodata	string_interior	unsigned __int128	exact_row	0	0x310857	0x31085c	25@0x30e872-0x316692+0x1fe5	330	vmop_330_plus0x5_state_add_const_slot_u16_0	exact_instruction	88013a075f	state_add_const	slot_u16_0	49@0x82820:1	+0x5	next = 49@0x82820:1, ip += +0x5; dispatch_model=static_100; state=state_add_const	state0 | 0x6460b705 & 0x786588ba ^ 0x2897b354 + u16_0	128=u16_0 & 0xffff	0x31084c:vmop_281_plus0x4_state_add_const_slot_multi_path->332@0xbd36d:1 || 0x310850:vmop_332_plus0x4_state_add_const_slot_multi_path->18@0x7be9b:1 || 0x310854:vmop_018_plus0x3_state_add_const_slot_multi_path->330@0xbc9b8:1	0x31085c:vmop_049_plus0x5_state_add_const_slot_mba_stateful->352@0xc1ec4:1 || 0x310861:vmop_352_plus0x2_state_add_const_slot_mba_stateful->199@0xa0631:1 || 0x310863:vmop_199_plus0x3_state_add_const_slot_multi_path->43@0x8173d:1
11	041	0x315809	0x3800	0x3800	.dynstr	string_start	zydis_decoder_tree_root	exact_row	0	0x310dba	0x315cc8	25@0x30e872-0x316692+0x2548	75	vmop_075_minus0x6d_sampled_backedge_slot_unknown	long_branch_forward	620100000e4f00003d0122	sampled_backedge	slot_unknown	354@0xc2241	+0x4f0e	next = table[354], ip += 0x4f0e	state0		0x310dad:vmop_114_plus0x4_state_add_const_slot_multi_path->196@0x9fbcd:92 || 0x310db1:vmop_196_plus0x4_state_add_const_slot_multi_path->242@0xaa87d:92 || 0x310db5:vmop_242_plus0x5_state_formula_slot_mba_stateful->75@0x873fc:92	0x310dca:vmop_260_plus0x4_state_add_const_slot_multi_path->183@0x9d495:91 || 0x310dce:vmop_183_plus0x4_state_add_const_slot_mba_stateful->196@0x9fbcd:91 || 0x310dd2:vmop_196_plus0x4_state_add_const_slot_multi_path->347@0xc088d:91
12	042	0x31b31e	0x3000	0x2ff2	.dynstr	string_interior	_ITM_registerTMCloneTable	exact_row	0	0x31b31b	0x31b34b	26@0x31aa27-0x31f2b7+0x8f4	316	vmop_316_minus0x3c4_sampled_backedge_slot_unknown	long_branch_forward	a5000000300000003d0122	sampled_backedge	slot_unknown	165@0x9a24c	+0x30	next = table[165], ip += 0x30	state0		0x31b30f:vmop_307_plus0x3_state_add_const_slot_u16_1_sub_const->168@0x9aa83:8 || 0x31b312:vmop_168_plus0x4_state_add_const_slot_multi_path->52@0x833c7:8 || 0x31b316:vmop_052_plus0x5_state_add_const_slot_mba_stateful->316@0xb987b:8	0x31b331:vmop_258_plus0x4_state_add_const_slot_multi_path->307@0xb8064:7 || 0x31b335:vmop_307_plus0x3_state_add_const_slot_u16_1_sub_const->157@0x98a9a:7 || 0x31b338:vmop_157_plus0x4_state_add_const_slot_multi_path->290@0xb4c00:7
13	042	0x31b346	0x4000	0x3ff6	.dynstr	string_interior	__freelocale	exact_row	0	0x31b31b	0x31b34b	26@0x31aa27-0x31f2b7+0x8f4	316	vmop_316_minus0x3c4_sampled_backedge_slot_unknown	long_branch_forward	a5000000300000003d0122	sampled_backedge	slot_unknown	165@0x9a24c	+0x30	next = table[165], ip += 0x30	state0		0x31b30f:vmop_307_plus0x3_state_add_const_slot_u16_1_sub_const->168@0x9aa83:8 || 0x31b312:vmop_168_plus0x4_state_add_const_slot_multi_path->52@0x833c7:8 || 0x31b316:vmop_052_plus0x5_state_add_const_slot_mba_stateful->316@0xb987b:8	0x31b331:vmop_258_plus0x4_state_add_const_slot_multi_path->307@0xb8064:7 || 0x31b335:vmop_307_plus0x3_state_add_const_slot_u16_1_sub_const->157@0x98a9a:7 || 0x31b338:vmop_157_plus0x4_state_add_const_slot_multi_path->290@0xb4c00:7
14	042	0x31c008	0x3000	0x2ff2	.dynstr	string_interior	_ITM_registerTMCloneTable	exact_row	0	0x31c005	0x31c035	26@0x31aa27-0x31f2b7+0x15de	75	vmop_075_minus0x6d_sampled_backedge_slot_unknown	long_branch_forward	a5000000300000003d0122	sampled_backedge	slot_unknown	165@0x9a24c	+0x30	next = table[165], ip += 0x30	state0		0x31bff7:vmop_253_plus0x6_state_add_const_slot_mba_stateful->18@0x7be9b:8 || 0x31bffd:vmop_018_plus0x3_state_add_const_slot_multi_path->52@0x833c7:8 || 0x31c000:vmop_052_plus0x5_state_add_const_slot_mba_stateful->75@0x873fc:8	0x31c01b:vmop_114_plus0x4_state_add_const_slot_multi_path->28@0x7e390:7 || 0x31c01f:vmop_028_plus0x3_state_add_const_slot_u16_0->268@0xb0007:7 || 0x31c022:vmop_268_plus0x4_state_add_const_slot_multi_path->0@0x78561:7
15	042	0x31c030	0x4000	0x3ff6	.dynstr	string_interior	__freelocale	exact_row	0	0x31c005	0x31c035	26@0x31aa27-0x31f2b7+0x15de	75	vmop_075_minus0x6d_sampled_backedge_slot_unknown	long_branch_forward	a5000000300000003d0122	sampled_backedge	slot_unknown	165@0x9a24c	+0x30	next = table[165], ip += 0x30	state0		0x31bff7:vmop_253_plus0x6_state_add_const_slot_mba_stateful->18@0x7be9b:8 || 0x31bffd:vmop_018_plus0x3_state_add_const_slot_multi_path->52@0x833c7:8 || 0x31c000:vmop_052_plus0x5_state_add_const_slot_mba_stateful->75@0x873fc:8	0x31c01b:vmop_114_plus0x4_state_add_const_slot_multi_path->28@0x7e390:7 || 0x31c01f:vmop_028_plus0x3_state_add_const_slot_u16_0->268@0xb0007:7 || 0x31c022:vmop_268_plus0x4_state_add_const_slot_multi_path->0@0x78561:7
16	045	0x31edb4	0x3371	0x336f	.dynstr	string_interior	pthread_cond_wait	exact_row	0	0x31edb3	0x31edb7	26@0x31aa27-0x31f2b7+0x438c	337	vmop_337_plus0x4_state_add_const_slot_multi_path	exact_instruction	44713300	state_add_const	slot_multi_path	301@0xb708d:1	+0x4	next = 301@0xb708d:1, ip += +0x4; dispatch_model=static_100; state=state_add_const	state0 - flags0 - u16_2 + state0 - flags0 + flags0 + 0x2051de91 & flags0 + 0x61f749a7 | 0x51d7631a ^ flags0 + 0x61f749a7 ^ 0x3de72107 & 0xe04b834 | u16_0 + state0...#13a	85=(mask32((mask32(u16_0 + (mask32((mask32((mask32((mask32((mask32((mask32(state0 - flags0)) - (mask32((mask32(u16_2 + (mask32(state0 - flags0)))) + flags0)))) + ...#12f	0x31eda7:vmop_208_plus0x5_state_add_const_slot_multi_path->215@0xa4609:1 || 0x31edac:vmop_215_plus0x3_state_mixed_slot_u16_0->168@0x9aa83:1 || 0x31edaf:vmop_168_plus0x4_state_add_const_slot_multi_path->337@0xbec0e:1	0x31edb7:vmop_301_plus0x5_state_add_const_slot_mba_stateful->173@0x9ba74:1 || 0x31edbc:vmop_173_plus0x2_state_add_const_slot_multi_path->253@0xacfb1:1 || 0x31edbe:vmop_253_plus0x6_state_add_const_slot_mba_stateful->189@0x9e7af:1
17	046	0x331948	0x3000	0x2ff2	.dynstr	string_interior	_ITM_registerTMCloneTable	exact_row	0	0x331945	0x331975	27@0x33170b-0x333bcf+0x23a	210	vmop_210_plus0x30_sampled_long_or_sparse_slot_unknown	long_branch_forward	ab000000300000003d0122	sampled_long_or_sparse	slot_unknown	171@0x9b4b3	+0x30	next = table[171], ip += 0x30	state0		0x331939:vmop_199_plus0x3_state_add_const_slot_multi_path->258@0xadf2c:18 || 0x33193c:vmop_258_plus0x4_state_add_const_slot_multi_path->122@0x9170d:18 || 0x331940:vmop_122_plus0x5_state_add_const_slot_mba_stateful->210@0xa2da3:18	0x33195b:vmop_340_plus0x4_state_add_const_slot_multi_path->203@0xa1484:17 || 0x33195f:vmop_203_plus0x4_state_add_const_slot_mba_stateful->18@0x7be9b:17 || 0x331963:vmop_018_plus0x3_state_add_const_slot_multi_path->0@0x78561:17
18	046	0x331970	0x4000	0x3ff6	.dynstr	string_interior	__freelocale	exact_row	0	0x331945	0x331975	27@0x33170b-0x333bcf+0x23a	210	vmop_210_plus0x30_sampled_long_or_sparse_slot_unknown	long_branch_forward	ab000000300000003d0122	sampled_long_or_sparse	slot_unknown	171@0x9b4b3	+0x30	next = table[171], ip += 0x30	state0		0x331939:vmop_199_plus0x3_state_add_const_slot_multi_path->258@0xadf2c:18 || 0x33193c:vmop_258_plus0x4_state_add_const_slot_multi_path->122@0x9170d:18 || 0x331940:vmop_122_plus0x5_state_add_const_slot_mba_stateful->210@0xa2da3:18	0x33195b:vmop_340_plus0x4_state_add_const_slot_multi_path->203@0xa1484:17 || 0x33195f:vmop_203_plus0x4_state_add_const_slot_mba_stateful->18@0x7be9b:17 || 0x331963:vmop_018_plus0x3_state_add_const_slot_multi_path->0@0x78561:17
19	048	0x334c7e	0x3000	0x2ff2	.dynstr	string_interior	_ITM_registerTMCloneTable	exact_row	0	0x334c7b	0x334cab	28@0x334a3d-0x337115+0x23e	145	vmop_145_plus0x139_sampled_long_or_sparse_slot_unknown	long_branch_forward	62010000300000003d0122	sampled_long_or_sparse	slot_unknown	354@0xc2241	+0x30	next = table[354], ip += 0x30	state0		0x334c6d:vmop_185_plus0x3_state_add_const_slot_multi_path->345@0xc02e4:15 || 0x334c70:vmop_345_plus0x6_state_add_const_slot_mba_stateful->52@0x833c7:15 || 0x334c76:vmop_052_plus0x5_state_add_const_slot_mba_stateful->145@0x95b5c:15	0x334c91:vmop_215_plus0x3_state_mixed_slot_u16_0->43@0x8173d:14 || 0x334c94:vmop_043_plus0x4_state_add_const_slot_mba_stateful->64@0x85059:14 || 0x334c98:vmop_064_plus0x4_state_add_const_slot_multi_path->0@0x78561:14
20	048	0x334ca6	0x4000	0x3ff6	.dynstr	string_interior	__freelocale	exact_row	0	0x334c7b	0x334cab	28@0x334a3d-0x337115+0x23e	145	vmop_145_plus0x139_sampled_long_or_sparse_slot_unknown	long_branch_forward	62010000300000003d0122	sampled_long_or_sparse	slot_unknown	354@0xc2241	+0x30	next = table[354], ip += 0x30	state0		0x334c6d:vmop_185_plus0x3_state_add_const_slot_multi_path->345@0xc02e4:15 || 0x334c70:vmop_345_plus0x6_state_add_const_slot_mba_stateful->52@0x833c7:15 || 0x334c76:vmop_052_plus0x5_state_add_const_slot_mba_stateful->145@0x95b5c:15	0x334c91:vmop_215_plus0x3_state_mixed_slot_u16_0->43@0x8173d:14 || 0x334c94:vmop_043_plus0x4_state_add_const_slot_mba_stateful->64@0x85059:14 || 0x334c98:vmop_064_plus0x4_state_add_const_slot_multi_path->0@0x78561:14
21	048	0x336b3c	0x5f06e0	0x5f06db	.rodata	string_interior	long double	exact_row	0	0x336b3c	0x336b3f	28@0x334a3d-0x337115+0x20ff	28	vmop_028_plus0x3_state_add_const_slot_u16_0	exact_instruction	e0065f	state_add_const	slot_u16_0	220@0xa522e:1	+0x3	next = 220@0xa522e:1, ip += +0x3; dispatch_model=static_100; state=state_add_const	state0 | flags0 ^ state0 | 0xb9ad02a & 0x3fb85e48 - state0 ^ 0x6e3e6f1a | flags0 ^ state0 | 0xb9ad02a & 0x3fb85e48 - state0 ^ 0x6e3e6f1a + 0x43078fb1 & 0x282416bb...#12f	128=u16_0 & 0xffff	0x336b2f:vmop_048_plus0x5_state_add_const_slot_multi_path->30@0x7e849:1 || 0x336b34:vmop_030_plus0x4_state_add_const_slot_multi_path->291@0xb4edd:1 || 0x336b38:vmop_291_plus0x4_state_add_const_slot_multi_path->28@0x7e390:1	0x336b3f:vmop_220_plus0x5_state_add_const_slot_multi_path->352@0xc1ec4:1 || 0x336b44:vmop_352_plus0x2_state_add_const_slot_mba_stateful->354@0xc2241:1 || 0x336b46:vmop_354_plus0x2_state_const_post_slot_const_or_affine->215@0xa4609:1
22	052	0x33b7f2	0x58b465	0x58b450	.rodata	string_interior	dropping unexpected ChangeCipherSpec	exact_row	0	0x33b7f2	0x33b7f5	30@0x33b647-0x33d2df+0x1ab	66	vmop_066_plus0x3_state_add_const_slot_multi_path	exact_instruction	65b458	state_add_const	slot_multi_path	301@0xb708d:1	+0x3	next = 301@0xb708d:1, ip += +0x3; dispatch_model=static_100; state=state_add_const	state0 & 0x2f6cb1f6 - b2 ^ state0 & 0x2f6cb1f6 ^ 0x745ff1d2 & 0x13de2cdd - flags0 - 0x50170614 | 0x7167293a ^ 0x42a6ffd6 ^ u16_0 - state0 & 0x2f6cb1f6 - b2 ^ stat...#108	99=(mask32((mask32(u16_0 - (mask32((mask32((mask32((mask32((mask32(state0 & 0x2f6cb1f6)) - (mask32(b2 ^ (mask32(state0 & 0x2f6cb1f6)))))) ^ 0x745ff1d2)) & 0x13de2...#12f	0x33b7e6:vmop_332_plus0x4_state_add_const_slot_multi_path->180@0x9cf32:1 || 0x33b7ea:vmop_180_plus0x4_state_mixed_slot_mba_stateful->340@0xbf435:1 || 0x33b7ee:vmop_340_plus0x4_state_add_const_slot_multi_path->66@0x855ff:1	0x33b7f5:vmop_301_plus0x5_state_add_const_slot_mba_stateful->256@0xad849:1 || 0x33b7fa:vmop_256_plus0x2_state_add_const_slot_multi_path->66@0x855ff:1 || 0x33b7fc:vmop_066_plus0x3_state_add_const_slot_multi_path->114@0x90319:1
23	052	0x33c3d4	0x42b8	0x42af	.dynstr	string_interior	GLIBC_2.17	exact_row	0	0x33be94	0x33c5b8	30@0x33b647-0x33d2df+0x84d	246	vmop_246_plus0x78_sampled_long_or_sparse_slot_unknown	long_branch_forward	ab000000240700003d0100	sampled_long_or_sparse	slot_unknown	171@0x9b4b3	+0x724	next = table[171], ip += 0x724	state0		0x33be84:vmop_239_plus0x6_state_add_const_slot_mba_stateful->105@0x8e6b4:5 || 0x33be8a:vmop_105_plus0x5_state_add_const_slot_u16_2->122@0x9170d:5 || 0x33be8f:vmop_122_plus0x5_state_add_const_slot_mba_stateful->246@0xab427:5	0x33bea5:vmop_199_plus0x3_state_add_const_slot_multi_path->254@0xad32c:4 || 0x33bea8:vmop_254_plus0x4_state_add_const_slot_mba_stateful->183@0x9d495:4 || 0x33beac:vmop_183_plus0x4_state_add_const_slot_mba_stateful->189@0x9e7af:4
24	055	0x33f6e3	0x3000	0x2ff2	.dynstr	string_interior	_ITM_registerTMCloneTable	exact_row	0	0x33f6e0	0x33f710	32@0x33f278-0x345572+0x468	334	vmop_334_plus0x2a5_sampled_long_or_sparse_slot_unknown	long_branch_forward	ab000000300000003d0122	sampled_long_or_sparse	slot_unknown	171@0x9b4b3	+0x30	next = table[171], ip += 0x30	state0		0x33f6d3:vmop_196_plus0x4_state_add_const_slot_multi_path->347@0xc088d:6 || 0x33f6d7:vmop_347_plus0x4_state_add_const_slot_multi_path->52@0x833c7:6 || 0x33f6db:vmop_052_plus0x5_state_add_const_slot_mba_stateful->334@0xbdd18:6	0x33f6f6:vmop_258_plus0x4_state_add_const_slot_multi_path->215@0xa4609:5 || 0x33f6fa:vmop_215_plus0x3_state_mixed_slot_u16_0->196@0x9fbcd:5 || 0x33f6fd:vmop_196_plus0x4_state_add_const_slot_multi_path->187@0x9e07d:5
25	055	0x33f70b	0x4000	0x3ff6	.dynstr	string_interior	__freelocale	exact_row	0	0x33f6e0	0x33f710	32@0x33f278-0x345572+0x468	334	vmop_334_plus0x2a5_sampled_long_or_sparse_slot_unknown	long_branch_forward	ab000000300000003d0122	sampled_long_or_sparse	slot_unknown	171@0x9b4b3	+0x30	next = table[171], ip += 0x30	state0		0x33f6d3:vmop_196_plus0x4_state_add_const_slot_multi_path->347@0xc088d:6 || 0x33f6d7:vmop_347_plus0x4_state_add_const_slot_multi_path->52@0x833c7:6 || 0x33f6db:vmop_052_plus0x5_state_add_const_slot_mba_stateful->334@0xbdd18:6	0x33f6f6:vmop_258_plus0x4_state_add_const_slot_multi_path->215@0xa4609:5 || 0x33f6fa:vmop_215_plus0x3_state_mixed_slot_u16_0->196@0x9fbcd:5 || 0x33f6fd:vmop_196_plus0x4_state_add_const_slot_multi_path->187@0x9e07d:5
26	055	0x33f7c5	0x5ed1e8	0x5ed1e0	.rodata	string_interior	NSt7__cxx118time_getIwSt19istreambuf_iteratorIwSt11char_traitsIwEEEE	exact_row	0	0x33f7c2	0x33f7c6	32@0x33f278-0x345572+0x54a	189	vmop_189_plus0x4_state_add_const_slot_mba_stateful	exact_instruction	789d54e8	state_add_const	slot_mba_stateful	124@0x91e81:1	+0x4	next = 124@0x91e81:1, ip += +0x4; dispatch_model=static_100; state=state_add_const	state0 & 0x160e4f34 + u16_2 + state0 & 0x160e4f34 ^ 0x2a1ce984	128=(mask32((mask32(u16_2 + (mask32(state0 & 0x160e4f34)))) ^ 0x2a1ce984)) & 0xffff	0x33f7b8:vmop_079_plus0x5_state_add_const_slot_multi_path->108@0x8f24b:1 || 0x33f7bd:vmop_108_plus0x2_state_add_const_slot_mba_stateful->18@0x7be9b:1 || 0x33f7bf:vmop_018_plus0x3_state_add_const_slot_multi_path->189@0x9e7af:1	0x33f7c6:vmop_124_plus0x6_state_add_const_slot_multi_path->172@0x9b68a:1 || 0x33f7cc:vmop_172_plus0x4_state_add_const_slot_mba_stateful->37@0x80685:1 || 0x33f7d0:vmop_037_plus0x5_state_add_const_slot_mba_stateful->108@0x8f24b:1
27	055	0x340196	0x3000	0x2ff2	.dynstr	string_interior	_ITM_registerTMCloneTable	exact_row	0	0x340193	0x3401c3	32@0x33f278-0x345572+0xf1b	210	vmop_210_plus0x30_sampled_long_or_sparse_slot_unknown	long_branch_forward	ab000000300000003d0122	sampled_long_or_sparse	slot_unknown	171@0x9b4b3	+0x30	next = table[171], ip += 0x30	state0		0x340186:vmop_172_plus0x4_state_add_const_slot_mba_stateful->189@0x9e7af:11 || 0x34018a:vmop_189_plus0x4_state_add_const_slot_mba_stateful->122@0x9170d:11 || 0x34018e:vmop_122_plus0x5_state_add_const_slot_mba_stateful->210@0xa2da3:11	0x3401a9:vmop_185_plus0x3_state_add_const_slot_multi_path->347@0xc088d:10 || 0x3401ac:vmop_347_plus0x4_state_add_const_slot_multi_path->43@0x8173d:10 || 0x3401b0:vmop_043_plus0x4_state_add_const_slot_mba_stateful->0@0x78561:10
28	055	0x3401be	0x4000	0x3ff6	.dynstr	string_interior	__freelocale	exact_row	0	0x340193	0x3401c3	32@0x33f278-0x345572+0xf1b	210	vmop_210_plus0x30_sampled_long_or_sparse_slot_unknown	long_branch_forward	ab000000300000003d0122	sampled_long_or_sparse	slot_unknown	171@0x9b4b3	+0x30	next = table[171], ip += 0x30	state0		0x340186:vmop_172_plus0x4_state_add_const_slot_mba_stateful->189@0x9e7af:11 || 0x34018a:vmop_189_plus0x4_state_add_const_slot_mba_stateful->122@0x9170d:11 || 0x34018e:vmop_122_plus0x5_state_add_const_slot_mba_stateful->210@0xa2da3:11	0x3401a9:vmop_185_plus0x3_state_add_const_slot_multi_path->347@0xc088d:10 || 0x3401ac:vmop_347_plus0x4_state_add_const_slot_multi_path->43@0x8173d:10 || 0x3401b0:vmop_043_plus0x4_state_add_const_slot_mba_stateful->0@0x78561:10
29	055	0x3403f3	0x58a87e	0x58a868	.rodata	string_interior	/home/richard/code/mbedtls/library/ssl_tls.c	exact_row	0	0x3403f1	0x3403f4	32@0x33f278-0x345572+0x1179	66	vmop_066_plus0x3_state_add_const_slot_multi_path	exact_instruction	5dbc7e	state_add_const	slot_multi_path	37@0x80685:3	+0x3	next = 37@0x80685:3, ip += +0x3; dispatch_model=static_100; state=state_add_const	state0 & 0x2f6cb1f6 - b2 ^ state0 & 0x2f6cb1f6 ^ 0x745ff1d2 & 0x13de2cdd - flags0 - 0x50170614 | 0x7167293a ^ 0x42a6ffd6 ^ u16_0 - state0 & 0x2f6cb1f6 - b2 ^ stat...#108	99=(mask32((mask32(u16_0 - (mask32((mask32((mask32((mask32((mask32(state0 & 0x2f6cb1f6)) - (mask32(b2 ^ (mask32(state0 & 0x2f6cb1f6)))))) ^ 0x745ff1d2)) & 0x13de2...#12f	0x3403e3:vmop_200_plus0x6_state_add_const_slot_const_or_affine->258@0xadf2c:3 || 0x3403e9:vmop_258_plus0x4_state_add_const_slot_multi_path->157@0x98a9a:3 || 0x3403ed:vmop_157_plus0x4_state_add_const_slot_multi_path->66@0x855ff:3	0x3403f4:vmop_037_plus0x5_state_add_const_slot_mba_stateful->108@0x8f24b:3 || 0x3403f9:vmop_108_plus0x2_state_add_const_slot_mba_stateful->196@0x9fbcd:3 || 0x3403fb:vmop_196_plus0x4_state_add_const_slot_multi_path->18@0x7be9b:3
30	055	0x3408e1	0x3386	0x3381	.dynstr	string_interior	pthread_cond_timedwait	exact_row	0	0x3406cb	0x340953	32@0x33f278-0x345572+0x1453	316	vmop_316_minus0x3c4_sampled_backedge_slot_unknown	long_branch_forward	62010000880200003d0100	sampled_backedge	slot_unknown	354@0xc2241	+0x288	next = table[354], ip += 0x288	state0		0x3406bf:vmop_092_plus0x4_state_add_const_slot_multi_path->215@0xa4609:3 || 0x3406c3:vmop_215_plus0x3_state_mixed_slot_u16_0->122@0x9170d:3 || 0x3406c6:vmop_122_plus0x5_state_add_const_slot_mba_stateful->316@0xb987b:3	0x3406dc:vmop_297_plus0x3_state_add_const_slot_multi_path->260@0xae90b:2 || 0x3406df:vmop_260_plus0x4_state_add_const_slot_multi_path->91@0x8b6de:2 || 0x3406e3:vmop_091_plus0x4_state_add_const_slot_mba_stateful->196@0x9fbcd:2
31	055	0x340f1e	0x3000	0x2ff2	.dynstr	string_interior	_ITM_registerTMCloneTable	exact_row	0	0x340f1b	0x340f4b	32@0x33f278-0x345572+0x1ca3	75	vmop_075_minus0x6d_sampled_backedge_slot_unknown	long_branch_forward	a5000000300000003d0122	sampled_backedge	slot_unknown	165@0x9a24c	+0x30	next = table[165], ip += 0x30	state0		0x340f0d:vmop_028_plus0x3_state_add_const_slot_u16_0->345@0xc02e4:18 || 0x340f10:vmop_345_plus0x6_state_add_const_slot_mba_stateful->52@0x833c7:18 || 0x340f16:vmop_052_plus0x5_state_add_const_slot_mba_stateful->75@0x873fc:18	0x340f31:vmop_168_plus0x4_state_add_const_slot_multi_path->28@0x7e390:17 || 0x340f35:vmop_028_plus0x3_state_add_const_slot_u16_0->337@0xbec0e:17 || 0x340f38:vmop_337_plus0x4_state_add_const_slot_multi_path->251@0xacbc5:17
32	055	0x340f46	0x4000	0x3ff6	.dynstr	string_interior	__freelocale	exact_row	0	0x340f1b	0x340f4b	32@0x33f278-0x345572+0x1ca3	75	vmop_075_minus0x6d_sampled_backedge_slot_unknown	long_branch_forward	a5000000300000003d0122	sampled_backedge	slot_unknown	165@0x9a24c	+0x30	next = table[165], ip += 0x30	state0		0x340f0d:vmop_028_plus0x3_state_add_const_slot_u16_0->345@0xc02e4:18 || 0x340f10:vmop_345_plus0x6_state_add_const_slot_mba_stateful->52@0x833c7:18 || 0x340f16:vmop_052_plus0x5_state_add_const_slot_mba_stateful->75@0x873fc:18	0x340f31:vmop_168_plus0x4_state_add_const_slot_multi_path->28@0x7e390:17 || 0x340f35:vmop_028_plus0x3_state_add_const_slot_u16_0->337@0xbec0e:17 || 0x340f38:vmop_337_plus0x4_state_add_const_slot_multi_path->251@0xacbc5:17
33	055	0x341a48	0x3000	0x2ff2	.dynstr	string_interior	_ITM_registerTMCloneTable	exact_row	0	0x341a45	0x341a75	32@0x33f278-0x345572+0x27cd	145	vmop_145_plus0x139_sampled_long_or_sparse_slot_unknown	long_branch_forward	62010000300000003d0122	sampled_long_or_sparse	slot_unknown	354@0xc2241	+0x30	next = table[354], ip += 0x30	state0		0x341a38:vmop_172_plus0x4_state_add_const_slot_mba_stateful->189@0x9e7af:11 || 0x341a3c:vmop_189_plus0x4_state_add_const_slot_mba_stateful->122@0x9170d:11 || 0x341a40:vmop_122_plus0x5_state_add_const_slot_mba_stateful->145@0x95b5c:11	0x341a5b:vmop_189_plus0x4_state_add_const_slot_mba_stateful->66@0x855ff:10 || 0x341a5f:vmop_066_plus0x3_state_add_const_slot_multi_path->203@0xa1484:10 || 0x341a62:vmop_203_plus0x4_state_add_const_slot_mba_stateful->290@0xb4c00:10
34	055	0x341a70	0x4000	0x3ff6	.dynstr	string_interior	__freelocale	exact_row	0	0x341a45	0x341a75	32@0x33f278-0x345572+0x27cd	145	vmop_145_plus0x139_sampled_long_or_sparse_slot_unknown	long_branch_forward	62010000300000003d0122	sampled_long_or_sparse	slot_unknown	354@0xc2241	+0x30	next = table[354], ip += 0x30	state0		0x341a38:vmop_172_plus0x4_state_add_const_slot_mba_stateful->189@0x9e7af:11 || 0x341a3c:vmop_189_plus0x4_state_add_const_slot_mba_stateful->122@0x9170d:11 || 0x341a40:vmop_122_plus0x5_state_add_const_slot_mba_stateful->145@0x95b5c:11	0x341a5b:vmop_189_plus0x4_state_add_const_slot_mba_stateful->66@0x855ff:10 || 0x341a5f:vmop_066_plus0x3_state_add_const_slot_multi_path->203@0xa1484:10 || 0x341a62:vmop_203_plus0x4_state_add_const_slot_mba_stateful->290@0xb4c00:10
35	055	0x34230a	0x33e3	0x33dc	.dynstr	string_interior	pthread_mutex_destroy	exact_row	0	0x342309	0x34230d	32@0x33f278-0x345572+0x3091	172	vmop_172_plus0x4_state_add_const_slot_mba_stateful	exact_instruction	08e33300	state_add_const	slot_mba_stateful	320@0xbada5:1	+0x4	next = 320@0xbada5:1, ip += +0x4; dispatch_model=static_100; state=state_add_const	state0 ^ 0x7070916c - 0x6ecee241 + u16_0 ^ state0 ^ 0x7070916c - 0x6ecee241 ^ flags0 ^ 0x15bf847f & state0 | 0x3eba9edf | u16_2 ^ 0x715f0a33	128=(mask32(u16_2 ^ 0x715f0a33)) & 0xffff	0x3422fc:vmop_239_plus0x6_state_add_const_slot_mba_stateful->340@0xbf435:1 || 0x342302:vmop_340_plus0x4_state_add_const_slot_multi_path->199@0xa0631:1 || 0x342306:vmop_199_plus0x3_state_add_const_slot_multi_path->172@0x9b68a:1	0x34230d:vmop_320_plus0x5_state_add_const_slot_mba_stateful->257@0xadbfd:1 || 0x342312:vmop_257_plus0x2_state_add_const_slot_multi_path->260@0xae90b:1 || 0x342314:vmop_260_plus0x4_state_add_const_slot_multi_path->281@0xb2db6:1
36	055	0x3427d0	0x3000	0x2ff2	.dynstr	string_interior	_ITM_registerTMCloneTable	exact_row	0	0x3427cd	0x3427fd	32@0x33f278-0x345572+0x3555	210	vmop_210_plus0x30_sampled_long_or_sparse_slot_unknown	long_branch_forward	ab000000300000003d0122	sampled_long_or_sparse	slot_unknown	171@0x9b4b3	+0x30	next = table[171], ip += 0x30	state0		0x3427bf:vmop_140_plus0x6_state_add_const_slot_multi_path->28@0x7e390:19 || 0x3427c5:vmop_028_plus0x3_state_add_const_slot_u16_0->52@0x833c7:19 || 0x3427c8:vmop_052_plus0x5_state_add_const_slot_mba_stateful->210@0xa2da3:19	0x3427e3:vmop_157_plus0x4_state_add_const_slot_multi_path->340@0xbf435:18 || 0x3427e7:vmop_340_plus0x4_state_add_const_slot_multi_path->215@0xa4609:18 || 0x3427eb:vmop_215_plus0x3_state_mixed_slot_u16_0->326@0xbc06d:18
37	055	0x3427f8	0x4000	0x3ff6	.dynstr	string_interior	__freelocale	exact_row	0	0x3427cd	0x3427fd	32@0x33f278-0x345572+0x3555	210	vmop_210_plus0x30_sampled_long_or_sparse_slot_unknown	long_branch_forward	ab000000300000003d0122	sampled_long_or_sparse	slot_unknown	171@0x9b4b3	+0x30	next = table[171], ip += 0x30	state0		0x3427bf:vmop_140_plus0x6_state_add_const_slot_multi_path->28@0x7e390:19 || 0x3427c5:vmop_028_plus0x3_state_add_const_slot_u16_0->52@0x833c7:19 || 0x3427c8:vmop_052_plus0x5_state_add_const_slot_mba_stateful->210@0xa2da3:19	0x3427e3:vmop_157_plus0x4_state_add_const_slot_multi_path->340@0xbf435:18 || 0x3427e7:vmop_340_plus0x4_state_add_const_slot_multi_path->215@0xa4609:18 || 0x3427eb:vmop_215_plus0x3_state_mixed_slot_u16_0->326@0xbc06d:18
38	055	0x343f0f	0x3000	0x2ff2	.dynstr	string_interior	_ITM_registerTMCloneTable	exact_row	0	0x343f0c	0x343f3c	32@0x33f278-0x345572+0x4c94	316	vmop_316_minus0x3c4_sampled_backedge_slot_unknown	long_branch_forward	62010000300000003d0122	sampled_backedge	slot_unknown	354@0xc2241	+0x30	next = table[354], ip += 0x30	state0		0x343f00:vmop_189_plus0x4_state_add_const_slot_mba_stateful->297@0xb64d7:11 || 0x343f04:vmop_297_plus0x3_state_add_const_slot_multi_path->122@0x9170d:11 || 0x343f07:vmop_122_plus0x5_state_add_const_slot_mba_stateful->316@0xb987b:11	0x343f22:vmop_199_plus0x3_state_add_const_slot_multi_path->43@0x8173d:10 || 0x343f25:vmop_043_plus0x4_state_add_const_slot_mba_stateful->114@0x90319:10 || 0x343f29:vmop_114_plus0x4_state_add_const_slot_multi_path->290@0xb4c00:10
39	055	0x343f37	0x4000	0x3ff6	.dynstr	string_interior	__freelocale	exact_row	0	0x343f0c	0x343f3c	32@0x33f278-0x345572+0x4c94	316	vmop_316_minus0x3c4_sampled_backedge_slot_unknown	long_branch_forward	62010000300000003d0122	sampled_backedge	slot_unknown	354@0xc2241	+0x30	next = table[354], ip += 0x30	state0		0x343f00:vmop_189_plus0x4_state_add_const_slot_mba_stateful->297@0xb64d7:11 || 0x343f04:vmop_297_plus0x3_state_add_const_slot_multi_path->122@0x9170d:11 || 0x343f07:vmop_122_plus0x5_state_add_const_slot_mba_stateful->316@0xb987b:11	0x343f22:vmop_199_plus0x3_state_add_const_slot_multi_path->43@0x8173d:10 || 0x343f25:vmop_043_plus0x4_state_add_const_slot_mba_stateful->114@0x90319:10 || 0x343f29:vmop_114_plus0x4_state_add_const_slot_multi_path->290@0xb4c00:10
40	055	0x34448e	0x332d	0x332b	.dynstr	string_interior	uname	exact_row	0	0x34448d	0x344491	32@0x33f278-0x345572+0x5215	172	vmop_172_plus0x4_state_add_const_slot_mba_stateful	exact_instruction	0a2d3300	state_add_const	slot_mba_stateful	320@0xbada5:1	+0x4	next = 320@0xbada5:1, ip += +0x4; dispatch_model=static_100	state0 ^ 0x7070916c - 0x6ecee241 + u16_0 ^ state0 ^ 0x7070916c - 0x6ecee241 ^ flags0 ^ 0x15bf847f & state0 | 0x3eba9edf | u16_2 ^ 0x715f0a33	128=(mask32(u16_2 ^ 0x715f0a33)) & 0xffff	0x344480:vmop_064_plus0x4_state_add_const_slot_multi_path->140@0x94e5a:1 || 0x344484:vmop_140_plus0x6_state_add_const_slot_multi_path->18@0x7be9b:1 || 0x34448a:vmop_018_plus0x3_state_add_const_slot_multi_path->172@0x9b68a:1	0x344491:vmop_320_plus0x5_state_add_const_slot_mba_stateful->108@0x8f24b:1 || 0x344496:vmop_108_plus0x2_state_add_const_slot_mba_stateful->337@0xbec0e:1 || 0x344498:vmop_337_plus0x4_state_add_const_slot_multi_path->215@0xa4609:1
41	059	0x367607	0x59200e	0x591ff0	.rodata	string_interior	QmK3TAsJm8V/J5AWpLEV6jAFgRGymGGHnof0DXzVWZidrcZJWTNuGEX90nB3ee2w	exact_row	0	0x367605	0x367608	34@0x3674c3-0x36a0bc+0x142	199	vmop_199_plus0x3_state_add_const_slot_multi_path	exact_instruction	53420e	state_add_const	slot_multi_path	83@0x8947b:1	+0x3	next = 83@0x8947b:1, ip += +0x3; dispatch_model=static_100	state0 + b2 + flags0 ^ 0x7353b039 - 0x24d1328a ^ 0x7e708197 & 0x20d5418 + flags0 ^ 0x7353b039 - 0x24d1328a	106=(mask32((mask32(u16_0 ^ (mask32((mask32((mask32((mask32(state0 + (mask32(b2 + flags0)))) ^ 0x7e708197)) & 0x20d5418)) + flags0)))) + 0x3030bb89)) & 0xffff | 2...#12f	0x3675f6:vmop_239_plus0x6_state_add_const_slot_mba_stateful->282@0xb3128:1 || 0x3675fc:vmop_282_plus0x5_state_add_const_slot_multi_path->349@0xc140b:1 || 0x367601:vmop_349_plus0x4_state_add_const_slot_u16_2->199@0xa0631:1	0x367608:vmop_083_plus0x5_state_add_const_slot_multi_path->173@0x9ba74:1 || 0x36760d:vmop_173_plus0x2_state_add_const_slot_multi_path->300@0xb6c36:1 || 0x36760f:vmop_300_plus0x4_state_add_const_slot_multi_path->183@0x9d495:1
42	059	0x367700	0x3000	0x2ff2	.dynstr	string_interior	_ITM_registerTMCloneTable	exact_row	0	0x3676fd	0x36772d	34@0x3674c3-0x36a0bc+0x23a	334	vmop_334_plus0x2a5_sampled_long_or_sparse_slot_unknown	long_branch_forward	62010000300000003d0122	sampled_long_or_sparse	slot_unknown	354@0xc2241	+0x30	next = table[354], ip += 0x30	state0		0x3676f1:vmop_157_plus0x4_state_add_const_slot_multi_path->199@0xa0631:40 || 0x3676f5:vmop_199_plus0x3_state_add_const_slot_multi_path->52@0x833c7:40 || 0x3676f8:vmop_052_plus0x5_state_add_const_slot_mba_stateful->334@0xbdd18:40	0x367713:vmop_114_plus0x4_state_add_const_slot_multi_path->297@0xb64d7:39 || 0x367717:vmop_297_plus0x3_state_add_const_slot_multi_path->168@0x9aa83:39 || 0x36771a:vmop_168_plus0x4_state_add_const_slot_multi_path->326@0xbc06d:39
43	059	0x367728	0x4000	0x3ff6	.dynstr	string_interior	__freelocale	exact_row	0	0x3676fd	0x36772d	34@0x3674c3-0x36a0bc+0x23a	334	vmop_334_plus0x2a5_sampled_long_or_sparse_slot_unknown	long_branch_forward	62010000300000003d0122	sampled_long_or_sparse	slot_unknown	354@0xc2241	+0x30	next = table[354], ip += 0x30	state0		0x3676f1:vmop_157_plus0x4_state_add_const_slot_multi_path->199@0xa0631:40 || 0x3676f5:vmop_199_plus0x3_state_add_const_slot_multi_path->52@0x833c7:40 || 0x3676f8:vmop_052_plus0x5_state_add_const_slot_mba_stateful->334@0xbdd18:40	0x367713:vmop_114_plus0x4_state_add_const_slot_multi_path->297@0xb64d7:39 || 0x367717:vmop_297_plus0x3_state_add_const_slot_multi_path->168@0x9aa83:39 || 0x36771a:vmop_168_plus0x4_state_add_const_slot_multi_path->326@0xbc06d:39
44	059	0x367ee7	0x583fa6	0x583f97	.rodata	string_interior	basic_string::_S_construct null not valid	exact_row	0	0x367ee5	0x367ee9	34@0x3674c3-0x36a0bc+0xa22	350	vmop_350_plus0x4_state_add_const_slot_mba_stateful	exact_instruction	229ea63f	state_add_const	slot_mba_stateful	91@0x8b6de:1	+0x4	next = 91@0x8b6de:1, ip += +0x4; dispatch_model=static_100	state0 + 0x5c4fb994 - 0x33be5a8b ^ flags0 & state0 + 0x5c4fb994 + 0x261f270f & u16_0 ^ state0 + 0x5c4fb994 - 0x33be5a8b ^ flags0 & state0 + 0x5c4fb994 + 0x261f270...#12f	128=(mask32((mask32(u16_2 ^ (mask32((mask32((mask32((mask32(state0 + 0x5c4fb994)) - 0x33be5a8b)) ^ (mask32(flags0 & (mask32((mask32(state0 + 0x5c4fb994)) + 0x261f...#df	0x367eda:vmop_079_plus0x5_state_add_const_slot_multi_path->160@0x994cf:1 || 0x367edf:vmop_160_plus0x2_state_const_post_slot_multi_path->168@0x9aa83:1 || 0x367ee1:vmop_168_plus0x4_state_add_const_slot_multi_path->350@0xc1926:1	0x367ee9:vmop_091_plus0x4_state_add_const_slot_mba_stateful->18@0x7be9b:1 || 0x367eed:vmop_018_plus0x3_state_add_const_slot_multi_path->114@0x90319:1 || 0x367ef0:vmop_114_plus0x4_state_add_const_slot_multi_path->269@0xb045b:1
45	061	0x36b361	0x3000	0x2ff2	.dynstr	string_interior	_ITM_registerTMCloneTable	exact_row	0	0x36b35e	0x36b38e	35@0x36b124-0x36db0d+0x23a	316	vmop_316_minus0x3c4_sampled_backedge_slot_unknown	long_branch_forward	ab000000300000003d0122	sampled_backedge	slot_unknown	171@0x9b4b3	+0x30	next = table[171], ip += 0x30	state0		0x36b34f:vmop_168_plus0x4_state_add_const_slot_multi_path->345@0xc02e4:42 || 0x36b353:vmop_345_plus0x6_state_add_const_slot_mba_stateful->52@0x833c7:42 || 0x36b359:vmop_052_plus0x5_state_add_const_slot_mba_stateful->316@0xb987b:42	0x36b374:vmop_196_plus0x4_state_add_const_slot_multi_path->258@0xadf2c:41 || 0x36b378:vmop_258_plus0x4_state_add_const_slot_multi_path->185@0x9d964:41 || 0x36b37c:vmop_185_plus0x3_state_add_const_slot_multi_path->0@0x78561:41
46	061	0x36b389	0x4000	0x3ff6	.dynstr	string_interior	__freelocale	exact_row	0	0x36b35e	0x36b38e	35@0x36b124-0x36db0d+0x23a	316	vmop_316_minus0x3c4_sampled_backedge_slot_unknown	long_branch_forward	ab000000300000003d0122	sampled_backedge	slot_unknown	171@0x9b4b3	+0x30	next = table[171], ip += 0x30	state0		0x36b34f:vmop_168_plus0x4_state_add_const_slot_multi_path->345@0xc02e4:42 || 0x36b353:vmop_345_plus0x6_state_add_const_slot_mba_stateful->52@0x833c7:42 || 0x36b359:vmop_052_plus0x5_state_add_const_slot_mba_stateful->316@0xb987b:42	0x36b374:vmop_196_plus0x4_state_add_const_slot_multi_path->258@0xadf2c:41 || 0x36b378:vmop_258_plus0x4_state_add_const_slot_multi_path->185@0x9d964:41 || 0x36b37c:vmop_185_plus0x3_state_add_const_slot_multi_path->0@0x78561:41
47	062	0x36d81e	0x5cea05	0x5cea02	.rodata	string_interior	:$23	exact_row	0	0x36d819	0x36d81f	35@0x36b124-0x36db0d+0x26f5	140	vmop_140_plus0x6_state_add_const_slot_multi_path	exact_instruction	aaac2f6f0c05	state_add_const	slot_multi_path	70@0x8610e:1	+0x6	next = 70@0x8610e:1, ip += +0x6; dispatch_model=static_100	state0 - flags0 - 0x6f549f79 - state0 | 0xf17c331 | 0x16a9ca8c + u16_0 ^ state0 - flags0 - 0x6f549f79 - state0 | 0xf17c331 | 0x16a9ca8c ^ 0x6e089feb	112=(mask32((mask32(u16_0 ^ (mask32(state0 - (mask32((mask32(flags0 - (mask32(state0 | 0xf17c331)))) | 0x16a9ca8c)))))) ^ 0x6e089feb)) & 0xffff | 16=(mask32((mask...#137	0x36d80e:vmop_172_plus0x4_state_add_const_slot_mba_stateful->347@0xc088d:1 || 0x36d812:vmop_347_plus0x4_state_add_const_slot_multi_path->307@0xb8064:1 || 0x36d816:vmop_307_plus0x3_state_add_const_slot_u16_1_sub_const->140@0x94e5a:1	0x36d81f:vmop_070_plus0x5_state_add_const_slot_mba_stateful->108@0x8f24b:1 || 0x36d824:vmop_108_plus0x2_state_add_const_slot_mba_stateful->258@0xadf2c:1 || 0x36d826:vmop_258_plus0x4_state_add_const_slot_multi_path->333@0xbd8af:1
48	063	0x36ee05	0x3313	0x330f	.dynstr	string_interior	pclose	exact_row	0	0x36ee04	0x36ee08	36@0x36ecdc-0x371ff7+0x128	172	vmop_172_plus0x4_state_add_const_slot_mba_stateful	exact_instruction	9e133300	state_add_const	slot_mba_stateful	320@0xbada5:1	+0x4	next = 320@0xbada5:1, ip += +0x4; dispatch_model=static_100	state0 ^ 0x7070916c - 0x6ecee241 + u16_0 ^ state0 ^ 0x7070916c - 0x6ecee241 ^ flags0 ^ 0x15bf847f & state0 | 0x3eba9edf | u16_2 ^ 0x715f0a33	128=(mask32(u16_2 ^ 0x715f0a33)) & 0xffff	0x36edf7:vmop_239_plus0x6_state_add_const_slot_mba_stateful->307@0xb8064:1 || 0x36edfd:vmop_307_plus0x3_state_add_const_slot_u16_1_sub_const->337@0xbec0e:1 || 0x36ee00:vmop_337_plus0x4_state_add_const_slot_multi_path->172@0x9b68a:1	0x36ee08:vmop_320_plus0x5_state_add_const_slot_mba_stateful->108@0x8f24b:1 || 0x36ee0d:vmop_108_plus0x2_state_add_const_slot_mba_stateful->48@0x82477:1 || 0x36ee0f:vmop_048_plus0x5_state_add_const_slot_multi_path->307@0xb8064:1
49	063	0x36ef19	0x3000	0x2ff2	.dynstr	string_interior	_ITM_registerTMCloneTable	exact_row	0	0x36ef16	0x36ef46	36@0x36ecdc-0x371ff7+0x23a	145	vmop_145_plus0x139_sampled_long_or_sparse_slot_unknown	long_branch_forward	ab000000300000003d0122	sampled_long_or_sparse	slot_unknown	171@0x9b4b3	+0x30	next = table[171], ip += 0x30	state0		0x36ef09:vmop_333_plus0x4_state_add_const_slot_multi_path->347@0xc088d:23 || 0x36ef0d:vmop_347_plus0x4_state_add_const_slot_multi_path->122@0x9170d:23 || 0x36ef11:vmop_122_plus0x5_state_add_const_slot_mba_stateful->145@0x95b5c:23	0x36ef2c:vmop_203_plus0x4_state_add_const_slot_mba_stateful->66@0x855ff:22 || 0x36ef30:vmop_066_plus0x3_state_add_const_slot_multi_path->189@0x9e7af:22 || 0x36ef33:vmop_189_plus0x4_state_add_const_slot_mba_stateful->251@0xacbc5:22
50	063	0x36ef41	0x4000	0x3ff6	.dynstr	string_interior	__freelocale	exact_row	0	0x36ef16	0x36ef46	36@0x36ecdc-0x371ff7+0x23a	145	vmop_145_plus0x139_sampled_long_or_sparse_slot_unknown	long_branch_forward	ab000000300000003d0122	sampled_long_or_sparse	slot_unknown	171@0x9b4b3	+0x30	next = table[171], ip += 0x30	state0		0x36ef09:vmop_333_plus0x4_state_add_const_slot_multi_path->347@0xc088d:23 || 0x36ef0d:vmop_347_plus0x4_state_add_const_slot_multi_path->122@0x9170d:23 || 0x36ef11:vmop_122_plus0x5_state_add_const_slot_mba_stateful->145@0x95b5c:23	0x36ef2c:vmop_203_plus0x4_state_add_const_slot_mba_stateful->66@0x855ff:22 || 0x36ef30:vmop_066_plus0x3_state_add_const_slot_multi_path->189@0x9e7af:22 || 0x36ef33:vmop_189_plus0x4_state_add_const_slot_mba_stateful->251@0xacbc5:22
51	063	0x37138e	0x58d9c4	0x58d9b0	.rodata	string_interior	client hello, adding server name extension: %s	exact_row	0	0x3707a0	0x371a63	36@0x36ecdc-0x371ff7+0x1ac4	316	vmop_316_minus0x3c4_sampled_backedge_slot_unknown	long_branch_forward	a5000000c31200003d0122	sampled_backedge	slot_unknown	165@0x9a24c	+0x12c3	next = table[165], ip += 0x12c3	state0		0x370793:vmop_114_plus0x4_state_add_const_slot_multi_path->332@0xbd36d:26 || 0x370797:vmop_332_plus0x4_state_add_const_slot_multi_path->245@0xab141:26 || 0x37079b:vmop_245_plus0x5_state_affine_slot_mba_stateful->316@0xb987b:26	0x3707b1:vmop_203_plus0x4_state_add_const_slot_mba_stateful->332@0xbd36d:25 || 0x3707b5:vmop_332_plus0x4_state_add_const_slot_multi_path->91@0x8b6de:25 || 0x3707b9:vmop_091_plus0x4_state_add_const_slot_mba_stateful->18@0x7be9b:25
