rank	entry	target	priority_score	priority_class	next_action	selected_start	selected_stop	span_bytes	insns	function_count	covered_bytes	sidecar	function_names	function_ranges	semantics_observation	calls	rets	table_reads	ip_reads	frame_reads	frame_writes
1	57	0x841f9	357	tier0_single_function_small_static_replay	inline_retdec_function_into_handler_model	0x841f9	0x84299	157	34	1	147	vm_unobserved_handlers_retdec_batch00.c	function_841f9	0x841f9-0x8428c	unobserved	0	0	dyn/8	+0x2/2,+0x0/2	0xa,0xa1,0x10f,0x170	0x170,0xa
2	255	0xad768	438	tier0_single_function_small_static_replay	inline_retdec_function_into_handler_model	0xad768	0xad857	238	53	1	225	vm_unobserved_handlers_retdec_batch00.c	function_ad768	0xad768-0xad849	unobserved	0	0	dyn/8	+0x2/2,+0x6/2,+0x0/2,+0x4/2	0xa,0x10f,0x170	0xa
3	96	0x8c4cf	446	tier0_single_function_small_static_replay	inline_retdec_function_into_handler_model	0x8c4cf	0x8c5c7	246	55	1	234	vm_unobserved_handlers_retdec_batch00.c	function_8c4cf	0x8c4cf-0x8c5b9	unobserved	0	0	dyn/8	+0x6/2,+0x2/2,+0x0/2,+0x4/2	0xa,0x10f	0x170,0xa
4	71	0x86766	553	tier0_single_function_small_static_replay	inline_retdec_function_into_handler_model	0x86766	0x868cb	353	74	1	343	vm_unobserved_handlers_retdec_batch00.c	function_86766	0x86766-0x868bd	unobserved	0	0	dyn/8	+0x4/2,+0x6/2,+0x0/2,+0x2/2	0xa,0x170,0x10f	0xa
5	73	0x86be4	564	tier0_single_function_small_static_replay	inline_retdec_function_into_handler_model	0x86be4	0x86d50	364	80	1	351	vm_unobserved_handlers_retdec_batch00.c	function_86be4	0x86be4-0x86d43	unobserved	0	0	dyn/8	+0x4/2,+0x6/2,+0x0/2,+0x2/2	0xa,0x10f,0x170	0x170,0xa
6	339	0xbf2d5	565	tier0_single_function_small_static_replay	inline_retdec_function_into_handler_model	0xbf2d5	0xbf443	365	78	1	352	vm_unobserved_handlers_retdec_batch00.c	function_bf2d5	0xbf2d5-0xbf435	unobserved	0	0	dyn/8	+0x6/2,+0x4/2,+0x2/2,+0x0/2	0xa,0x23,0x194,0x10f	0x170,0xa
7	324	0xbb8aa	570	tier0_single_function_small_static_replay	inline_retdec_function_into_handler_model	0xbb8aa	0xbba1c	370	86	1	357	vm_unobserved_handlers_retdec_batch00.c	function_bb8aa	0xbb8aa-0xbba0f	unobserved	0	0	dyn/8	+0x4/2,+0x6/2,+0x2/2,+0x0/2	0xa,0x170,0x23,0x0,0x10f,0x60	0x170,0xa
8	38	0x80d79	594	tier0_single_function_small_static_replay	inline_retdec_function_into_handler_model	0x80d79	0x80f03	394	85	1	381	vm_unobserved_handlers_retdec_batch00.c	function_80d79	0x80d79-0x80ef6	unobserved	0	0	dyn/8	+0x0/2,+0x6/2,+0x4/2,+0x2/2	0xa,0x23,0x10f,0x170	0x23,0x170,0xa
9	67	0x859fc	609	tier0_single_function_small_static_replay	inline_retdec_function_into_handler_model	0x859fc	0x85b97	409	91	1	397	vm_unobserved_handlers_retdec_batch00.c	function_859fc	0x859fc-0x85b89	unobserved	0	0	dyn/8	+0x4/2,+0x6/2,+0x0/2,+0x2/2	0xa,0x23,0x10f,0x170	0x170,0xa
10	138	0x94c3a	631	tier0_single_function_small_static_replay	inline_retdec_function_into_handler_model	0x94c3a	0x94dec	431	94	1	421	vm_unobserved_handlers_retdec_batch00.c	function_94c3a	0x94c3a-0x94ddf	unobserved	0	0	dyn/8	+0x6/2,+0x4/2,+0x2/2,+0x0/2	0xa,0x170,0x81,0x10f	0x23,0x170,0xa
11	47	0x822bc	656	tier0_single_function_small_static_replay	inline_retdec_function_into_handler_model	0x822bc	0x82484	456	99	1	443	vm_unobserved_handlers_retdec_batch00.c	function_822bc	0x822bc-0x82477	unobserved	0	0	dyn/8	+0x7/2,+0x3/2,+0x1/2,+0x5/2	0xa,0x81,0x199,0x0,0x10f,0x170	0x170,0xa
12	159	0x992cd	1226	tier1_single_function_medium_static_replay	inline_retdec_function_after_operand_rewrite	0x992cd	0x994dc	526	110	1	514	vm_unobserved_handlers_retdec_batch00.c	function_992cd	0x992cd-0x994cf	unobserved	0	0	dyn/8	+0x2/2,+0x0/2,+0x6/2,+0x4/2	0xa,0x23,0x199,0x194,0x10f,0x170,0x81	0x23,0x170,0xa
13	244	0xaaf3e	1228	tier1_single_function_medium_static_replay	inline_retdec_function_after_operand_rewrite	0xaaf3e	0xab14e	528	111	1	515	vm_unobserved_handlers_retdec_batch01.c	function_aaf3e	0xaaf3e-0xab141	unobserved	0	0	dyn/8	+0x7/2,+0x0/2,+0x5/2,+0x2/2	0xa,0x170,0x0,0x199,0x23,0x10f	0x23,0xa
14	12	0x7acd8	1241	tier1_single_function_medium_static_replay	inline_retdec_function_after_operand_rewrite	0x7acd8	0x7aef6	541	118	1	528	vm_unobserved_handlers_retdec_batch01.c	function_7acd8	0x7acd8-0x7aee8	unobserved	0	0	dyn/8	+0x4/2,+0x6/2,+0x2/2,+0x0/2	0xa,0x23,0x10f,0x170	0x170,0xa
15	234	0xa823e	1242	tier1_single_function_medium_static_replay	inline_retdec_function_after_operand_rewrite	0xa823e	0xa845e	542	117	1	530	vm_unobserved_handlers_retdec_batch01.c	function_a823e	0xa823e-0xa8450	unobserved	0	0	dyn/8	+0x3/2,+0x9/2,+0x5/2,+0x2/1,+0x7/2,+0x0/2	0xa,0x199,0x81,0x10f,0x170	0x23,0x170,0xa
16	213	0xa3dc7	1259	tier1_single_function_medium_static_replay	inline_retdec_function_after_operand_rewrite	0xa3dc7	0xa3ff7	559	120	1	546	vm_unobserved_handlers_retdec_batch01.c	function_a3dc7	0xa3dc7-0xa3fe9	unobserved	0	0	dyn/8	+0x6/2,+0x0/2,+0x4/2,+0x2/2	0xa,0x81,0x0,0x10f,0x194	0x170,0xa
17	100	0x8cc81	1272	tier1_single_function_medium_static_replay	inline_retdec_function_after_operand_rewrite	0x8cc81	0x8cec2	572	124	1	563	vm_unobserved_handlers_retdec_batch01.c	function_8cc81	0x8cc81-0x8ceb4	unobserved	0	0	dyn/8	+0x0/2,+0x2/2,+0x6/2,+0x8/1,+0x4/2,+0x9/2	0xa,0x170,0x0,0x199,0x10f	0x170,0xa
18	224	0xa68c2	1280	tier1_single_function_medium_static_replay	inline_retdec_function_after_operand_rewrite	0xa68c2	0xa6b06	580	121	1	567	vm_unobserved_handlers_retdec_batch01.c	function_a68c2	0xa68c2-0xa6af9	unobserved	0	0	dyn/8	+0x5/2,+0x7/2,+0x1/2,+0x3/2	0xa,0x170,0x199,0x23,0x0,0x10f,0x60	0x23,0x170,0xa
19	63	0x84e1d	1284	tier1_single_function_medium_static_replay	inline_retdec_function_after_operand_rewrite	0x84e1d	0x85066	584	126	1	572	vm_unobserved_handlers_retdec_batch01.c	function_84e1d	0x84e1d-0x85059	unobserved	0	0	dyn/8	+0x0/2,+0x4/2,+0x7/2,+0x6/1,+0x9/2,+0x2/2	0xa,0x81,0x199,0x10f,0x170,0x194	0x170,0xa
20	182	0x9d24c	1298	tier1_single_function_medium_static_replay	inline_retdec_function_after_operand_rewrite	0x9d24c	0x9d4a2	598	120	1	585	vm_unobserved_handlers_retdec_batch01.c	function_9d24c	0x9d24c-0x9d495	unobserved	0	0	dyn/8	+0x2/2,+0x6/2,+0x0/2,+0x4/2	0xa,0x23,0x10f	0x23,0x170,0xa
21	279	0xb23f7	1331	tier1_single_function_medium_static_replay	inline_retdec_function_after_operand_rewrite	0xb23f7	0xb266e	631	138	1	618	vm_unobserved_handlers_retdec_batch01.c	function_b23f7	0xb23f7-0xb2661	unobserved	0	0	dyn/8	+0x4/1,+0x0/2,+0x2/2	0xa,0x0,0x23,0x194,0x81,0x71,0x10f,0x170	0x71,0x170,0x0,0xa
22	25	0x7d941	1347	tier1_single_function_medium_static_replay	inline_retdec_function_after_operand_rewrite	0x7d941	0x7dbc8	647	140	1	634	vm_unobserved_handlers_retdec_batch01.c	function_7d941	0x7d941-0x7dbbb	unobserved	0	0	dyn/8	+0x0/2,+0x7/2,+0x9/2,+0x6/1,+0x2/2,+0x4/2	0xa,0x170,0x71,0x199,0x10f	0x23,0x170,0xa
23	228	0xa6f79	1358	tier1_single_function_medium_static_replay	inline_retdec_function_after_operand_rewrite	0xa6f79	0xa720b	658	141	1	645	vm_unobserved_handlers_retdec_batch01.c	function_a6f79	0xa6f79-0xa71fe	unobserved	0	0	dyn/8	+0x0/2,+0x2/2,+0x9/2,+0x6/1,+0x7/2,+0x4/2	0xa,0x170,0x199,0x23,0x10f	0x170,0x23,0xa
24	77	0x88131	1368	tier1_single_function_medium_static_replay	inline_retdec_function_after_operand_rewrite	0x88131	0x883ce	668	147	1	655	vm_unobserved_handlers_retdec_batch02.c	function_88131	0x88131-0x883c0	unobserved	0	0	dyn/8	+0x2/1,+0x3/2,+0x0/2	0xa,0x0,0x71,0x10f	0x71,0x0,0x23,0x170,0xa
25	59	0x84302	1373	tier1_single_function_medium_static_replay	inline_retdec_function_after_operand_rewrite	0x84302	0x845a3	673	143	1	660	vm_unobserved_handlers_retdec_batch02.c	function_84302	0x84302-0x84596	unobserved	0	0	dyn/8	+0x8/2,+0x2/2,+0x4/2,+0xa/1,+0x0/2,+0x6/2	0xa,0x81,0x199,0x71,0x10f	0x170,0xa
26	6	0x7971e	1391	tier1_single_function_medium_static_replay	inline_retdec_function_after_operand_rewrite	0x7971e	0x799d4	691	138	1	681	vm_unobserved_handlers_retdec_batch02.c	function_7971e	0x7971e-0x799c7	unobserved	0	0	dyn/8	+0x3/2,+0x0/2,+0x5/2,+0x7/2	0xa,0x81,0x199,0x10f,0x170	0x170,0xa
27	155	0x980ab	1394	tier1_single_function_medium_static_replay	inline_retdec_function_after_operand_rewrite	0x980ab	0x98361	694	155	1	681	vm_unobserved_handlers_retdec_batch02.c	function_980ab	0x980ab-0x98354	unobserved	0	0	dyn/8	+0x0/2,+0x4/2,+0x6/2,+0x2/2	0xa,0x170,0x0,0x199,0x10f	0x170,0xa
28	298	0xb6902	1406	tier1_single_function_medium_static_replay	inline_retdec_function_after_operand_rewrite	0xb6902	0xb6bc7	706	152	1	696	vm_unobserved_handlers_retdec_batch02.c	function_b6902	0xb6902-0xb6bba	unobserved	0	0	dyn/8	+0x5/2,+0x3/2,+0x0/2,+0x7/2	0xa,0x199,0x10f,0x170	0xa
29	162	0x99b3c	1451	tier1_single_function_medium_static_replay	inline_retdec_function_after_operand_rewrite	0x99b3c	0x99e2e	751	163	1	741	vm_unobserved_handlers_retdec_batch02.c	function_99b3c	0x99b3c-0x99e21	unobserved	0	0	dyn/8	+0x7/2,+0x3/2,+0x5/2,+0x2/1,+0x0/2,+0x9/2	0xa,0x199,0x10f	0x170,0xa
30	286	0xb42e2	1462	tier1_single_function_medium_static_replay	inline_retdec_function_after_operand_rewrite	0xb42e2	0xb45df	762	171	1	752	vm_unobserved_handlers_retdec_batch02.c	function_b42e2	0xb42e2-0xb45d2	unobserved	0	0	dyn/8	+0x4/1,+0x0/2,+0x2/2	0xa,0x0,0x170,0x23,0x194,0x71,0x10f	0x170,0x71,0x0,0x23,0xa
31	84	0x8983b	1477	tier1_single_function_medium_static_replay	inline_retdec_function_after_operand_rewrite	0x8983b	0x89b45	777	179	1	764	vm_unobserved_handlers_retdec_batch02.c	function_8983b	0x8983b-0x89b37	unobserved	0	0	dyn/8	+0x3/2,+0x2/1,+0x0/2	0xa,0x0,0x170,0x194,0x23,0x71,0x10f	0x170,0x71,0x0,0xa
32	14	0x7b3be	1494	tier1_single_function_medium_static_replay	inline_retdec_function_after_operand_rewrite	0x7b3be	0x7b6d9	794	162	1	781	vm_unobserved_handlers_retdec_batch02.c	function_7b3be	0x7b3be-0x7b6cb	unobserved	0	0	dyn/8	+0x4/1,+0x2/2,+0x0/2	0xa,0x0,0x60,0xe1,0x23,0x71,0x10f	0x71,0x170,0x0,0x60,0xa
33	197	0xa006b	1500	tier1_single_function_medium_static_replay	inline_retdec_function_after_operand_rewrite	0xa006b	0xa038b	800	173	1	787	vm_unobserved_handlers_retdec_batch02.c	function_a006b	0xa006b-0xa037e	unobserved	0	0	dyn/8	+0x0/2,+0x4/1,+0x2/2	0xa,0x10f,0x170,0x81	0x199,0x170,0xa
34	193	0x9f77c	1518	tier1_single_function_medium_static_replay	inline_retdec_function_after_operand_rewrite	0x9f77c	0x9fab2	818	171	1	808	vm_unobserved_handlers_retdec_batch02.c	function_9f77c	0x9f77c-0x9faa4	unobserved	0	0	dyn/8	+0x3/2,+0x7/2,+0x0/2,+0x5/2	0xa,0x23,0x71,0x199,0x10f,0x170	0x170,0xa
35	72	0x868bd	1519	tier1_single_function_medium_static_replay	inline_retdec_function_after_operand_rewrite	0x868bd	0x86bf2	819	183	1	807	vm_unobserved_handlers_retdec_batch03.c	function_868bd	0x868bd-0x86be4	unobserved	0	0	dyn/8	+0x9/2,+0x3/2,+0x7/2,+0x2/1,+0x5/2,+0x0/2	0xa,0x199,0x81,0x10f,0x170	0x170,0xa
36	97	0x8c5b9	1529	tier1_single_function_medium_static_replay	inline_retdec_function_after_operand_rewrite	0x8c5b9	0x8c8f9	829	174	1	819	vm_unobserved_handlers_retdec_batch03.c	function_8c5b9	0x8c5b9-0x8c8ec	unobserved	0	0	dyn/8	+0x0/1,+0x1/2,+0x3/2	0xa,0x60,0x0,0x194,0x23,0x71,0x10f,0x170	0x170,0x71,0x60,0x0,0xa
37	55	0x83b40	1531	tier1_single_function_medium_static_replay	inline_retdec_function_after_operand_rewrite	0x83b40	0x83e83	831	184	1	822	vm_unobserved_handlers_retdec_batch03.c	function_83b40	0x83b40-0x83e76	unobserved	0	0	dyn/8	+0x0/2,+0x4/1,+0x2/2	0xa,0x60,0x194,0x0,0x71,0x10f,0x170	0x71,0x60,0x0,0x170,0xa
38	61	0x84762	1543	tier1_single_function_medium_static_replay	inline_retdec_function_after_operand_rewrite	0x84762	0x84ab0	843	178	1	833	vm_unobserved_handlers_retdec_batch03.c	function_84762	0x84762-0x84aa3	unobserved	0	0	dyn/8	+0x3/2,+0x0/2,+0x9/2,+0x2/1,+0x7/2,+0x5/2	0xa,0x194,0x199,0x71,0x10f,0x170	0x23,0x170,0xa
39	178	0x9c74a	1545	tier1_single_function_medium_static_replay	inline_retdec_function_after_operand_rewrite	0x9c74a	0x9ca9a	845	181	1	835	vm_unobserved_handlers_retdec_batch03.c	function_9c74a	0x9c74a-0x9ca8d	unobserved	0	0	dyn/8	+0x9/2,+0x2/2,+0x0/2,+0x6/1,+0x7/2,+0x4/2	0xa,0x81,0x199,0x10f	0xa
40	41	0x8129d	1558	tier1_single_function_medium_static_replay	inline_retdec_function_after_operand_rewrite	0x8129d	0x815f7	858	183	1	845	vm_unobserved_handlers_retdec_batch03.c	function_8129d	0x8129d-0x815ea	unobserved	0	0	dyn/8	+0x2/1,+0x3/2,+0x0/2	0xa,0x0,0x60,0x194,0x23,0x71,0x10f,0x170	0x170,0x71,0x0,0x60,0xa
41	235	0xa8450	1583	tier1_single_function_medium_static_replay	inline_retdec_function_after_operand_rewrite	0xa8450	0xa87c4	883	199	1	870	vm_unobserved_handlers_retdec_batch03.c	function_a8450	0xa8450-0xa87b6	unobserved	0	0	dyn/8	+0x3/2,+0x2/1,+0x0/2	0xa,0x0,0x60,0x170,0x194,0x71,0x10f	0x71,0x60,0x0,0x170,0xa
42	262	0xaef02	1588	tier1_single_function_medium_static_replay	inline_retdec_function_after_operand_rewrite	0xaef02	0xaf27a	888	189	1	875	vm_unobserved_handlers_retdec_batch03.c	function_aef02	0xaef02-0xaf26d	unobserved	0	0	dyn/8	+0x2/2,+0x4/2,+0x0/2,+0xa/1,+0x6/2,+0x8/2	0xa,0x170,0x199,0x194,0x23,0x10f	0x170,0xa
43	16	0x7b77c	1590	tier1_single_function_medium_static_replay	inline_retdec_function_after_operand_rewrite	0x7b77c	0x7baf7	890	190	1	877	vm_unobserved_handlers_retdec_batch03.c	function_7b77c	0x7b77c-0x7bae9	unobserved	0	0	dyn/8	+0x0/1,+0x3/2,+0x1/2	0xa,0x60,0x0,0x71,0x23,0xe1,0x10f,0x81	0x170,0x71,0x60,0x0,0xa
44	344	0xbff6a	1602	tier1_single_function_medium_static_replay	inline_retdec_function_after_operand_rewrite	0xbff6a	0xc02f2	902	187	1	890	vm_unobserved_handlers_retdec_batch03.c	function_bff6a	0xbff6a-0xc02e4	unobserved	0	0	dyn/8	+0x2/2,+0x4/1,+0x0/2	0xa,0x10f,0x170	0x199,0x170,0xa
45	106	0x8eb79	1604	tier1_single_function_medium_static_replay	inline_retdec_function_after_operand_rewrite	0x8eb79	0x8ef01	904	196	1	891	vm_unobserved_handlers_retdec_batch03.c	function_8eb79	0x8eb79-0x8eef4	unobserved	0	0	dyn/8	+0x0/1,+0x1/2,+0x3/2	0xa,0x0,0x60,0x194,0x71,0x10f	0x71,0x0,0x60,0x23,0x170,0xa
46	218	0xa4df7	1610	tier1_single_function_medium_static_replay	inline_retdec_function_after_operand_rewrite	0xa4df7	0xa5188	910	197	1	900	vm_unobserved_handlers_retdec_batch04.c	function_a4df7	0xa4df7-0xa517b	unobserved	0	0	dyn/8	+0x2/2,+0x4/1,+0x0/2	0xa,0x0,0x60,0x194,0x71,0x10f,0x170	0x71,0x170,0x60,0x0,0xa
47	206	0xa1b3e	1626	tier1_single_function_medium_static_replay	inline_retdec_function_after_operand_rewrite	0xa1b3e	0xa1edd	926	206	1	913	vm_unobserved_handlers_retdec_batch04.c	function_a1b3e	0xa1b3e-0xa1ecf	unobserved	0	0	dyn/8	+0x1/2,+0x0/1,+0x3/2	0xa,0x71,0x60,0x0,0x194,0x10f	0x71,0x60,0x0,0x170,0xa
48	272	0xb0e30	1635	tier1_single_function_medium_static_replay	inline_retdec_function_after_operand_rewrite	0xb0e30	0xb11d7	935	201	1	922	vm_unobserved_handlers_retdec_batch04.c	function_b0e30	0xb0e30-0xb11ca	unobserved	0	0	dyn/8	+0x6/2,+0x4/2,+0x8/2,+0xa/1,+0x2/2,+0x0/2	0xa,0x170,0x23,0x199,0x0,0x10f	0x170,0xa
49	68	0x85b89	1636	tier1_single_function_medium_static_replay	inline_retdec_function_after_operand_rewrite	0x85b89	0x85f32	936	210	1	923	vm_unobserved_handlers_retdec_batch04.c	function_85b89	0x85b89-0x85f24	unobserved	0	0	dyn/8	+0x3/2,+0x2/1,+0x0/2	0xa,0x60,0x0,0x23,0x194,0x71,0x10f,0x170	0x71,0x23,0x60,0x0,0x170,0xa
50	247	0xabd6f	1641	tier1_single_function_medium_static_replay	inline_retdec_function_after_operand_rewrite	0xabd6f	0xac11e	941	200	1	929	vm_unobserved_handlers_retdec_batch04.c	function_abd6f	0xabd6f-0xac110	unobserved	0	0	dyn/8	+0x3/2,+0x2/1,+0x0/2	0xa,0x10f,0x170,0x81	0x199,0x170,0xa
51	44	0x81b7f	1656	tier1_single_function_medium_static_replay	inline_retdec_function_after_operand_rewrite	0x81b7f	0x81f3c	956	201	1	943	vm_unobserved_handlers_retdec_batch04.c	function_81b7f	0x81b7f-0x81f2e	unobserved	0	0	dyn/8	+0x3/2,+0x0/1,+0x1/2	0xa,0x10f,0x170	0x199,0x170,0xa
52	164	0x99e99	1659	tier1_single_function_medium_static_replay	inline_retdec_function_after_operand_rewrite	0x99e99	0x9a259	959	209	1	947	vm_unobserved_handlers_retdec_batch04.c	function_99e99	0x99e99-0x9a24c	unobserved	0	0	dyn/8	+0x2/2,+0x4/1,+0x0/2	0xa,0x0,0x60,0x194,0x71,0x23,0x10f,0x170	0x170,0x71,0x0,0x60,0xa
53	150	0x96f2a	1712	tier1_single_function_medium_static_replay	inline_retdec_function_after_operand_rewrite	0x96f2a	0x9731e	1012	216	1	999	vm_unobserved_handlers_retdec_batch04.c	function_96f2a	0x96f2a-0x97311	unobserved	0	0	dyn/8	+0x0/2,+0x4/1,+0x2/2	0xa,0x0,0x60,0x194,0x71,0x23,0x10f	0x71,0x170,0x60,0x0,0xa
54	170	0x9b0c8	1712	tier1_single_function_medium_static_replay	inline_retdec_function_after_operand_rewrite	0x9b0c8	0x9b4c0	1012	217	1	1003	vm_unobserved_handlers_retdec_batch04.c	function_9b0c8	0x9b0c8-0x9b4b3	unobserved	0	0	dyn/8	+0x9/2,+0x3/2,+0x5/2,+0x0/1,+0x1/2,+0x7/2	0xa,0x194,0x199,0x81,0x23,0x10f,0x170	0x23,0x170,0xa
55	204	0xa1939	1758	tier2_small_shared_range_split	split_overlapping_retdec_chunks_then_inline	0xa1939	0xa1aa2	358	78	2	349	vm_unobserved_handlers_retdec_batch00.c	function_a1939,function_a1a97	0xa1939-0xa1a95,0xa1a97-0xa1a98	unobserved	0	0	dyn/8	+0x2/2,+0x6/2,+0x0/2,+0x4/2	0xa,0x81,0x194,0x10f	0x170,0xa
56	34	0x7fba3	1839	tier2_small_shared_range_split	split_overlapping_retdec_chunks_then_inline	0x7fba3	0x7fd5a	439	96	2	431	vm_unobserved_handlers_retdec_batch00.c	function_7fba3,function_7fd52	0x7fba3-0x7fd4d,0x7fd52-0x7fd57	unobserved	0	0	dyn/8	+0x1/2,+0x5/2,+0x7/2,+0x3/2	0xa,0x199,0x10f,0x170	0x170,0xa
57	45	0x81f2e	1845	tier2_small_shared_range_split	split_overlapping_retdec_chunks_then_inline	0x81f2e	0x820ef	445	92	2	449	vm_unobserved_handlers_retdec_batch00.c	function_81f2e,function_820e1	0x81f2e-0x820e1,0x820e1-0x822bc	unobserved	0	0	dyn/8	+0x3/2,+0x5/2,+0x7/2,+0x0/2	0xa,0x199,0x10f	0x170,0xa
58	60	0x84596	1874	tier2_small_shared_range_split	split_overlapping_retdec_chunks_then_inline	0x84596	0x84770	474	100	2	461	vm_unobserved_handlers_retdec_batch00.c	function_84596,function_84764	0x84596-0x84762,0x84764-0x84765	unobserved	0	0	dyn/8	+0x3/2,+0x0/2,+0x7/2,+0x5/2	0xa,0x81,0x199,0x10f,0x170	0x170,0xa
59	289	0xb4a2b	1879	tier2_small_shared_range_split	split_overlapping_retdec_chunks_then_inline	0xb4a2b	0xb4c0e	479	107	2	472	vm_unobserved_handlers_retdec_batch00.c	function_b4a2b,function_b4c05	0xb4a2b-0xb4c00,0xb4c05-0xb4c08	unobserved	0	0	dyn/8	+0x6/2,+0x4/2,+0x2/2,+0x0/2	0xa,0x170,0x81,0x0,0x10f	0xa
60	46	0x820e1	1888	tier2_small_shared_range_split	split_overlapping_retdec_chunks_then_inline	0x820e1	0x822c9	488	104	2	488	vm_unobserved_handlers_retdec_batch00.c	function_820e1,function_822bc	0x820e1-0x822bc,0x822bc-0x82477	unobserved	0	0	dyn/8	+0x0/2,+0x2/2,+0x4/2,+0x6/2	0xa,0x71,0x10f,0x170	0x170,0xa
61	328	0xbc466	1941	tier2_small_shared_range_split	split_overlapping_retdec_chunks_then_inline	0xbc466	0xbc683	541	117	2	533	vm_unobserved_handlers_retdec_batch01.c	function_bc466,function_bc678	0xbc466-0xbc676,0xbc678-0xbc67d	unobserved	0	0	dyn/8	+0x2/2,+0x9/2,+0x4/2,+0x8/1,+0x0/2,+0x6/2	0xa,0x194,0x199,0x23,0x10f,0x170	0x170,0xa
62	191	0x9ede9	1958	tier2_small_shared_range_split	split_overlapping_retdec_chunks_then_inline	0x9ede9	0x9f017	558	114	2	548	vm_unobserved_handlers_retdec_batch01.c	function_9ede9,function_9f00f	0x9ede9-0x9f00a,0x9f00f-0x9f012	unobserved	0	0	dyn/8	+0x4/1,+0x0/2,+0x2/2	0xa,0x0,0x71,0x10f,0x170,0x23	0x170,0x71,0x0,0xa
63	111	0x8f8ae	1987	tier2_small_shared_range_split	split_overlapping_retdec_chunks_then_inline	0x8f8ae	0x8fafa	587	127	2	577	vm_unobserved_handlers_retdec_batch01.c	function_8f8ae,function_8faf1	0x8f8ae-0x8faec,0x8faf1-0x8faf4	unobserved	0	0	dyn/8	+0x0/1,+0x1/2,+0x3/2	0x0,0xa,0x170,0x71,0x10f	0x170,0x71,0x0,0xa
64	263	0xaf26d	2020	tier2_small_shared_range_split	split_overlapping_retdec_chunks_then_inline	0xaf26d	0xaf4dc	620	131	2	613	vm_unobserved_handlers_retdec_batch01.c	function_af26d,function_af4d1	0xaf26d-0xaf4cf,0xaf4d1-0xaf4d4	unobserved	0	0	dyn/8	+0x4/2,+0x9/2,+0x6/2,+0x8/1,+0x2/2,+0x0/2	0xa,0x170,0x23,0x199,0x0,0x10f	0x23,0x170,0xa
65	39	0x80ef6	2028	tier2_small_shared_range_split	split_overlapping_retdec_chunks_then_inline	0x80ef6	0x8116a	628	133	2	618	vm_unobserved_handlers_retdec_batch01.c	function_80ef6,function_81162	0x80ef6-0x8115d,0x81162-0x81165	unobserved	0	0	dyn/8	+0x4/2,+0x8/2,+0x0/2,+0xa/1,+0x2/2,+0x6/2	0xa,0x23,0x81,0x199,0x10f,0x170	0x23,0x170,0xa
66	335	0xbe648	2058	tier2_small_shared_range_split	split_overlapping_retdec_chunks_then_inline	0xbe648	0xbe8da	658	144	2	650	vm_unobserved_handlers_retdec_batch01.c	function_be648,function_be8d2	0xbe648-0xbe8cd,0xbe8d2-0xbe8d7	unobserved	0	0	dyn/8	+0x6/2,+0x4/2,+0x2/2,+0x0/2	0xa,0x170,0x194,0x0,0x23,0x10f	0x170,0xa
67	274	0xb1548	2122	tier2_small_shared_range_split	split_overlapping_retdec_chunks_then_inline	0xb1548	0xb181b	722	151	2	723	vm_unobserved_handlers_retdec_batch02.c	function_b1548,function_b180e	0xb1548-0xb180e,0xb180e-0xb1b2d	unobserved	0	0	dyn/8	+0x7/2,+0x5/2,+0x3/2,+0x2/1,+0x9/2,+0x0/2	0xa,0x23,0x199,0x10f,0x170	0x23,0x170,0xa
68	137	0x94973	2124	tier2_small_shared_range_split	split_overlapping_retdec_chunks_then_inline	0x94973	0x94c48	724	148	2	716	vm_unobserved_handlers_retdec_batch02.c	function_94973,function_94c3c	0x94973-0x94c3a,0x94c3c-0x94c41	unobserved	0	0	dyn/8	+0x0/2,+0x4/2,+0x6/2,+0x2/2	0xa,0x170,0x0,0x199,0x10f	0x170,0xa
69	232	0xa7ef8	2126	tier2_small_shared_range_split	split_overlapping_retdec_chunks_then_inline	0xa7ef8	0xa81d1	726	158	2	729	vm_unobserved_handlers_retdec_batch02.c	function_a7ef8,function_a81c4	0xa7ef8-0xa81c4,0xa81c4-0xa823e	unobserved	0	0	dyn/8	+0x1/2,+0x7/2,+0x5/2,+0x3/2	0xa,0x81,0x199,0x23,0x10f	0x170,0xa
70	327	0xbc320	2439	tier3_multi_function_shared_range	recover_shared_chunks_or_split_by_entry	0xbc320	0xbc474	339	75	3	329	vm_unobserved_handlers_retdec_batch00.c	function_bc320,function_bc468,function_bc46b	0xbc320-0xbc466,0xbc468-0xbc46a,0xbc46b-0xbc46c	unobserved	0	0	dyn/8	+0x2/2,+0x0/2,+0x6/2,+0x4/2	0xa,0x10f,0x170,0x194	0x170,0xa
71	109	0x8f6d1	2465	tier3_multi_function_shared_range	recover_shared_chunks_or_split_by_entry	0x8f6d1	0x8f841	365	77	3	363	vm_unobserved_handlers_retdec_batch00.c	function_8f6d1,function_8f838,function_8f840	0x8f6d1-0x8f834,0x8f838-0x8f83f,0x8f840-0x8f841	unobserved	0	0	dyn/8	+0x2/2,+0x6/2,+0x4/2,+0x0/2	0xa,0x194,0x10f,0x170	0x170,0xa
72	115	0x90895	2503	tier3_multi_function_shared_range	recover_shared_chunks_or_split_by_entry	0x90895	0x90a28	403	92	3	393	vm_unobserved_handlers_retdec_batch00.c	function_90895,function_90a1d,function_90a20	0x90895-0x90a1b,0x90a1d-0x90a1f,0x90a20-0x90a21	unobserved	0	0	dyn/8	+0x2/2,+0x0/2,+0x4/2,+0x6/2	0xa,0x23,0x170,0x0,0x10f	0x170,0xa
73	304	0xb7717	2522	tier3_multi_function_shared_range	recover_shared_chunks_or_split_by_entry	0xb7717	0xb78bd	422	88	3	412	vm_unobserved_handlers_retdec_batch00.c	function_b7717,function_b78b2,function_b78b5	0xb7717-0xb78b0,0xb78b2-0xb78b4,0xb78b5-0xb78b6	unobserved	0	0	dyn/8	+0x4/2,+0x2/2,+0x6/2,+0x0/2	0xa,0x170,0x0,0x10f	0x23,0xa
74	135	0x94478	2532	tier3_multi_function_shared_range	recover_shared_chunks_or_split_by_entry	0x94478	0x94629	432	94	3	422	vm_unobserved_handlers_retdec_batch00.c	function_94478,function_9461d,function_94623	0x94478-0x9461b,0x9461d-0x9461f,0x94623-0x94624	unobserved	0	0	dyn/8	+0x0/2,+0x7/2,+0x3/2,+0x5/2	0xa,0x170,0x0,0x199,0x10f	0xa
75	141	0x951c2	2608	tier3_multi_function_shared_range	recover_shared_chunks_or_split_by_entry	0x951c2	0x953bf	508	112	3	498	vm_unobserved_handlers_retdec_batch00.c	function_951c2,function_953b3,function_953b6	0x951c2-0x953b1,0x953b3-0x953b5,0x953b6-0x953b7	unobserved	0	0	dyn/8	+0x6/2,+0x0/2,+0x4/2,+0x2/2	0xa,0x71,0x10f,0x170	0xa
76	341	0xbf889	2694	tier3_multi_function_shared_range	recover_shared_chunks_or_split_by_entry	0xbf889	0xbfba6	794	163	2	787	vm_unobserved_handlers_retdec_batch02.c	function_bf889,function_bfb9b	0xbf889-0xbfb99,0xbfb9b-0xbfb9e	unobserved	0	0	dyn/8	+0x0/2,+0x4/2,+0x2/2,+0x7/2	0xa,0x170,0x199,0x81,0x10f	0x23,0x170,0xa
77	120	0x9106a	2696	tier3_multi_function_shared_range	recover_shared_chunks_or_split_by_entry	0x9106a	0x91387	796	174	2	786	vm_unobserved_handlers_retdec_batch02.c	function_9106a,function_9137e	0x9106a-0x91379,0x9137e-0x91381	unobserved	0	0	dyn/8	+0x4/2,+0x6/2,+0x9/2,+0x8/1,+0x2/2,+0x0/2	0xa,0x71,0x199,0x10f	0x23,0x170,0xa
78	147	0x96918	2708	tier3_multi_function_shared_range	recover_shared_chunks_or_split_by_entry	0x96918	0x96b7b	608	128	3	601	vm_unobserved_handlers_retdec_batch01.c	function_96918,function_96b77,function_96b7a	0x96918-0x96b6e,0x96b77-0x96b79,0x96b7a-0x96b7b	unobserved	0	0	dyn/8	+0x0/1,+0x3/2,+0x1/2	0xa,0x0,0x71,0x23,0x10f	0x71,0x0,0x170,0xa
79	275	0xb180e	2709	tier3_multi_function_shared_range	recover_shared_chunks_or_split_by_entry	0xb180e	0xb1b3a	809	178	2	802	vm_unobserved_handlers_retdec_batch02.c	function_b180e,function_b1b32	0xb180e-0xb1b2d,0xb1b32-0xb1b35	unobserved	0	0	dyn/8	+0x5/2,+0x7/2,+0x9/2,+0x0/1,+0x3/2,+0x1/2	0xa,0x170,0x0,0x199,0x23,0x10f	0x23,0x170,0xa
80	152	0x9768c	2712	tier3_multi_function_shared_range	recover_shared_chunks_or_split_by_entry	0x9768c	0x979b8	812	178	2	804	vm_unobserved_handlers_retdec_batch02.c	function_9768c,function_979b0	0x9768c-0x979ab,0x979b0-0x979b5	unobserved	0	0	dyn/8	+0x9/2,+0x1/2,+0x7/2,+0x0/1,+0x3/2,+0x5/2	0xa,0x170,0x199,0x0,0x10f	0x170,0xa
81	19	0x7c30a	2714	tier3_multi_function_shared_range	recover_shared_chunks_or_split_by_entry	0x7c30a	0x7c638	814	176	2	804	vm_unobserved_handlers_retdec_batch02.c	function_7c30a,function_7c630	0x7c30a-0x7c62b,0x7c630-0x7c633	unobserved	0	0	dyn/8	+0x4/2,+0x2/2,+0x9/2,+0x8/1,+0x0/2,+0x6/2	0xa,0x81,0x199,0x10f,0x170	0x170,0xa
82	296	0xb625d	2747	tier3_multi_function_shared_range	recover_shared_chunks_or_split_by_entry	0xb625d	0xb64e5	647	152	3	637	vm_unobserved_handlers_retdec_batch01.c	function_b625d,function_b64dc,function_b64df	0xb625d-0xb64d7,0xb64dc-0xb64de,0xb64df-0xb64e0	unobserved	0	0	dyn/8	+0x0/1,+0x1/2,+0x3/2	0xa,0x0,0x81,0x194,0x71,0x10f	0x71,0x0,0x170,0xa
83	329	0xbc676	2747	tier3_multi_function_shared_range	recover_shared_chunks_or_split_by_entry	0xbc676	0xbc9c6	847	187	2	837	vm_unobserved_handlers_retdec_batch03.c	function_bc676,function_bc9bd	0xbc676-0xbc9b8,0xbc9bd-0xbc9c0	unobserved	0	0	dyn/8	+0x3/2,+0x0/1,+0x1/2	0xa,0x0,0x170,0x194,0x71,0x10f,0x23	0x170,0x71,0x0,0xa
84	177	0x9c3f7	2760	tier3_multi_function_shared_range	recover_shared_chunks_or_split_by_entry	0x9c3f7	0x9c758	860	194	2	865	vm_unobserved_handlers_retdec_batch03.c	function_9c3f7,function_9c74a	0x9c3f7-0x9c74a,0x9c74a-0x9ca8d	unobserved	0	0	dyn/8	+0x3/2,+0x2/1,+0x0/2	0xa,0x10f	0x199,0x170,0xa
85	103	0x8df9c	2763	tier3_multi_function_shared_range	recover_shared_chunks_or_split_by_entry	0x8df9c	0x8e2fd	863	193	2	856	vm_unobserved_handlers_retdec_batch03.c	function_8df9c,function_8e2f7	0x8df9c-0x8e2ef,0x8e2f7-0x8e2fc	unobserved	0	0	dyn/8	+0x3/2,+0x2/1,+0x0/2	0xa,0x0,0x60,0x81,0x194,0x71,0x10f,0x170	0x71,0x0,0x60,0x170,0xa
86	24	0x7d5ec	2766	tier3_multi_function_shared_range	recover_shared_chunks_or_split_by_entry	0x7d5ec	0x7d94f	866	191	2	860	vm_unobserved_handlers_retdec_batch03.c	function_7d5ec,function_7d945	0x7d5ec-0x7d941,0x7d945-0x7d94c	unobserved	0	0	dyn/8	+0x0/2,+0x4/2,+0x9/2,+0x6/1,+0x7/2,+0x2/2	0xa,0x23,0x199,0x10f,0x170	0x23,0xa
87	343	0xbfc0d	2774	tier3_multi_function_shared_range	recover_shared_chunks_or_split_by_entry	0xbfc0d	0xbff78	874	188	2	875	vm_unobserved_handlers_retdec_batch03.c	function_bfc0d,function_bff6a	0xbfc0d-0xbff6a,0xbff6a-0xc02e4	unobserved	0	0	dyn/8	+0x5/2,+0x3/2,+0x0/2,+0x2/1,+0x9/2,+0x7/2	0xa,0x170,0x199,0x0,0x10f	0x170,0xa
88	51	0x83061	2783	tier3_multi_function_shared_range	recover_shared_chunks_or_split_by_entry	0x83061	0x833d5	883	185	2	873	vm_unobserved_handlers_retdec_batch03.c	function_83061,function_833cc	0x83061-0x833c7,0x833cc-0x833cf	unobserved	0	0	dyn/8	+0x9/2,+0x2/2,+0x0/2,+0x4/1,+0x5/2,+0x7/2	0xa,0x170,0x23,0x199,0x10f	0x23,0x170,0xa
89	8	0x79a3d	2784	tier3_multi_function_shared_range	recover_shared_chunks_or_split_by_entry	0x79a3d	0x79db1	884	192	2	876	vm_unobserved_handlers_retdec_batch03.c	function_79a3d,function_79da7	0x79a3d-0x79da3,0x79da7-0x79dad	unobserved	0	0	dyn/8	+0x3/2,+0x2/1,+0x0/2	0xa,0x60,0x0,0x23,0x194,0x71,0x10f	0x71,0x60,0x0,0x170,0xa
90	277	0xb1fd5	2787	tier3_multi_function_shared_range	recover_shared_chunks_or_split_by_entry	0xb1fd5	0xb2350	887	201	2	887	vm_unobserved_handlers_retdec_batch03.c	function_b1fd5,function_b2346	0xb1fd5-0xb2342,0xb2346-0xb2350	unobserved	0	0	dyn/8	+0x3/2,+0x2/1,+0x0/2	0xa,0x0,0x170,0x60,0x194,0x23,0x71,0x10f	0x71,0x170,0x60,0x0,0xa
91	4	0x792f8	2803	tier3_multi_function_shared_range	recover_shared_chunks_or_split_by_entry	0x792f8	0x79682	903	197	2	896	vm_unobserved_handlers_retdec_batch03.c	function_792f8,function_79677	0x792f8-0x79675,0x79677-0x7967a	unobserved	0	0	dyn/8	+0x0/4,+0x4/2	0x170,0x194,0x23,0x0,0x81,0xa,0x10f	0x170,0x23,0x16f,0x0,0xa
92	212	0xa3a4b	2805	tier3_multi_function_shared_range	recover_shared_chunks_or_split_by_entry	0xa3a4b	0xa3dd4	905	189	2	897	vm_unobserved_handlers_retdec_batch03.c	function_a3a4b,function_a3dc9	0xa3a4b-0xa3dc7,0xa3dc9-0xa3dce	unobserved	0	0	dyn/8	+0x0/2,+0x4/2,+0x6/2,+0x2/2	0xa,0x170,0x199,0x23,0x10f	0x23,0x170,0xa
93	211	0xa36c9	2811	tier3_multi_function_shared_range	recover_shared_chunks_or_split_by_entry	0xa36c9	0xa3a59	911	197	2	901	vm_unobserved_handlers_retdec_batch04.c	function_a36c9,function_a3a4d	0xa36c9-0xa3a4b,0xa3a4d-0xa3a50	unobserved	0	0	dyn/8	+0x0/4,+0x0/8,+0x8/2	0x81,0x23,0x170,0xa,0x71,0x10f	0x23,0x170,0x60,0xa
94	312	0xb87aa	2833	tier3_multi_function_shared_range	recover_shared_chunks_or_split_by_entry	0xb87aa	0xb8b4f	933	205	2	923	vm_unobserved_handlers_retdec_batch04.c	function_b87aa,function_b8b47	0xb87aa-0xb8b42,0xb8b47-0xb8b4a	unobserved	0	0	dyn/8	+0x0/1,+0x1/2,+0x3/2	0x194,0x81,0xa,0x0,0x60,0x170,0x23,0x71,0x10f	0x170,0x71,0x23,0x0,0x60,0xa
95	104	0x8e2ef	2875	tier3_multi_function_shared_range	recover_shared_chunks_or_split_by_entry	0x8e2ef	0x8e6c2	975	208	2	977	vm_unobserved_handlers_retdec_batch04.c	function_8e2ef,function_8e6b6	0x8e2ef-0x8e6b4,0x8e6b6-0x8e6c2	unobserved	0	0	dyn/8	+0x0/1,+0x1/2,+0x3/2	0x23,0xa,0x60,0x0,0x194,0x71,0x10f,0x170	0x23,0x71,0x60,0x0,0xa
96	27	0x7dfbf	2889	tier3_multi_function_shared_range	recover_shared_chunks_or_split_by_entry	0x7dfbf	0x7e39d	989	203	2	982	vm_unobserved_handlers_retdec_batch04.c	function_7dfbf,function_7e392	0x7dfbf-0x7e390,0x7e392-0x7e397	unobserved	0	0	dyn/8	+0x3/2,+0x2/1,+0x0/2	0xa,0x170,0x10f	0x199,0x170,0xa
97	89	0x8b028	2893	tier3_multi_function_shared_range	recover_shared_chunks_or_split_by_entry	0x8b028	0x8b342	793	174	3	783	vm_unobserved_handlers_retdec_batch02.c	function_8b028,function_8b336,function_8b339	0x8b028-0x8b334,0x8b336-0x8b338,0x8b339-0x8b33a	unobserved	0	0	dyn/8	+0x1/2,+0x5/2,+0x3/2,+0x0/1,+0x7/2,+0x9/2	0xa,0x199,0x81,0x10f,0x170,0x23	0x170,0xa
98	230	0xa757f	2965	tier3_multi_function_shared_range	recover_shared_chunks_or_split_by_entry	0xa757f	0xa79a9	1065	236	2	1063	vm_unobserved_handlers_retdec_batch04.c	function_a757f,function_a799e	0xa757f-0xa799b,0xa799e-0xa79a9	unobserved	0	0	dyn/8	+0x4/1,+0x0/2,+0x2/2	0x81,0x71,0x0,0xa,0x60,0x23,0x194,0x170,0x10f	0x170,0x23,0x71,0x60,0x0,0xa
99	294	0xb5d7c	2978	tier3_multi_function_shared_range	recover_shared_chunks_or_split_by_entry	0xb5d7c	0xb60ed	878	201	3	876	vm_unobserved_handlers_retdec_batch03.c	function_b5d7c,function_b60e2,function_b60e7	0xb5d7c-0xb60e0,0xb60e2-0xb60e4,0xb60e7-0xb60ed	unobserved	0	0	dyn/8	+0x0/2,+0x4/1,+0x2/2	0xa,0x10f,0x170	0x199,0x170,0xa
100	2	0x788e2	3030	tier3_multi_function_shared_range	recover_shared_chunks_or_split_by_entry	0x788e2	0x78c84	930	197	3	920	vm_unobserved_handlers_retdec_batch04.c	function_788e2,function_78c79,function_78c7f	0x788e2-0x78c77,0x78c79-0x78c7b,0x78c7f-0x78c80	unobserved	0	0	dyn/8	+0x2/4,+0x2/8,+0x0/2	0x23,0xa,0x170,0x71,0x81,0x194,0x10f	0x170,0x23,0x60,0xa
101	166	0x9a46e	3031	tier3_multi_function_shared_range	recover_shared_chunks_or_split_by_entry	0x9a46e	0x9a8df	1131	250	2	1125	vm_unobserved_handlers_retdec_batch05.c	function_9a46e,function_9a8d4	0x9a46e-0x9a8d2,0x9a8d4-0x9a8d5	unobserved	0	0	dyn/8	+0x2/4,+0x0/2	0x170,0x23,0x81,0x71,0xa,0x0,0x10f	0x170,0x23,0x16f,0x0,0xa
102	271	0xb09ab	3066	tier3_multi_function_shared_range	recover_shared_chunks_or_split_by_entry	0xb09ab	0xb0e3d	1166	248	2	1162	vm_unobserved_handlers_retdec_batch05.c	function_b09ab,function_b0e32	0xb09ab-0xb0e30,0xb0e32-0xb0e37	unobserved	0	0	dyn/8	+0x0/4,+0x0/8,+0x8/2	0x23,0x170,0xa,0x81,0x0,0x194,0x10f	0x170,0x23,0x60,0xa
103	10	0x7a04f	3070	tier3_multi_function_shared_range	recover_shared_chunks_or_split_by_entry	0x7a04f	0x7a4e6	1170	259	2	1164	vm_unobserved_handlers_retdec_batch05.c	function_7a04f,function_7a4e3	0x7a04f-0x7a4d8,0x7a4e3-0x7a4e6	unobserved	0	0	dyn/8	+0x4/1,+0x2/2,+0x0/2	0x0,0x170,0x81,0x194,0xa,0x23,0x60,0x71,0x10f	0x170,0x23,0x71,0x0,0x60,0xa
104	249	0xac440	3075	tier3_multi_function_shared_range	recover_shared_chunks_or_split_by_entry	0xac440	0xac80f	975	206	3	965	vm_unobserved_handlers_retdec_batch04.c	function_ac440,function_ac804,function_ac807	0xac440-0xac802,0xac804-0xac806,0xac807-0xac808	unobserved	0	0	dyn/8	+0x9/2,+0x4/2,+0x2/2,+0x8/1,+0x6/2,+0x0/2	0xa,0x81,0x23,0x199,0x10f,0x170	0x23,0x170,0xa
105	207	0xa1ecf	3083	tier3_multi_function_shared_range	recover_shared_chunks_or_split_by_entry	0xa1ecf	0xa236e	1183	256	2	1173	vm_unobserved_handlers_retdec_batch05.c	function_a1ecf,function_a2366	0xa1ecf-0xa2361,0xa2366-0xa2369	unobserved	0	0	dyn/8	+0x0/4,+0x4/2	0x23,0x81,0x170,0x0,0xa,0x194,0x10f	0x170,0x16f,0x0,0x23,0xa
106	134	0x9406d	3144	tier3_multi_function_shared_range	recover_shared_chunks_or_split_by_entry	0x9406d	0x94485	1044	226	3	1038	vm_unobserved_handlers_retdec_batch04.c	function_9406d,function_9447d,function_94483	0x9406d-0x94478,0x9447d-0x9447f,0x94483-0x94484	unobserved	0	0	dyn/8	+0x0/4,+0x4/2	0x23,0x170,0x81,0xa,0x194,0x0,0x10f	0x23,0x170,0x16f,0x0,0xa
107	223	0xa6470	3215	tier3_multi_function_shared_range	recover_shared_chunks_or_split_by_entry	0xa6470	0xa68cf	1115	244	3	1116	vm_unobserved_handlers_retdec_batch05.c	function_a6470,function_a68c4,function_a68ca	0xa6470-0xa68c2,0xa68c4-0xa68c9,0xa68ca-0xa68cf	unobserved	0	0	dyn/8	+0x2/1,+0x3/2,+0x0/2	0x81,0x71,0xa,0x60,0x0,0x194,0x23,0x10f,0x170	0x170,0x71,0x60,0x0,0xa
108	22	0x7cb43	3333	tier3_multi_function_shared_range	recover_shared_chunks_or_split_by_entry	0x7cb43	0x7d014	1233	265	3	1223	vm_unobserved_handlers_retdec_batch05.c	function_7cb43,function_7d009,function_7d00c	0x7cb43-0x7d007,0x7d009-0x7d00b,0x7d00c-0x7d00d	unobserved	0	0	dyn/8	+0x2/1,+0x0/2,+0x3/2	0x81,0x194,0x23,0x0,0x170,0xa,0x60,0x71,0x10f	0x23,0x170,0x71,0x60,0x0,0xa
109	81	0x88c3f	3400	tier3_multi_function_shared_range	recover_shared_chunks_or_split_by_entry	0x88c3f	0x8921b	1500	330	2	1490	vm_unobserved_handlers_retdec_batch06.c	function_88c3f,function_89216	0x88c3f-0x8920e,0x89216-0x89219	unobserved	0	0	dyn/8	+0x4/1,+0x2/2,+0x0/2	0x23,0xa,0x0,0x60,0x194,0x81,0x71,0x10f,0x170	0x170,0x71,0x0,0x60,0xa
110	76	0x87d17	3759	tier5_large_static_replay	defer_until_small_static_handlers_are_inlined	0x87d17	0x8813f	1059	234	1	1050	vm_unobserved_handlers_retdec_batch04.c	function_87d17	0x87d17-0x88131	unobserved	0	0	dyn/8	+0x2/4,+0x0/2	0x170,0x71,0x194,0x23,0xa,0x81,0x10f	0x23,0x170,0x16f,0x0,0xa
111	293	0xb593f	3798	tier5_large_static_replay	defer_until_small_static_handlers_are_inlined	0xb593f	0xb5d8a	1098	233	1	1085	vm_unobserved_handlers_retdec_batch05.c	function_b593f	0xb593f-0xb5d7c	unobserved	0	0	dyn/8	+0x0/4,+0x0/8,+0x8/2	0xa,0x23,0x81,0x194,0x10f,0x170	0x23,0x170,0x60,0xa
112	238	0xa94a5	3855	tier5_large_static_replay	defer_until_small_static_handlers_are_inlined	0xa94a5	0xa992c	1155	255	1	1145	vm_unobserved_handlers_retdec_batch05.c	function_a94a5	0xa94a5-0xa991e	unobserved	0	0	dyn/8	+0x2/1,+0x0/2,+0x3/2	0x0,0x23,0xa,0x60,0x81,0x71,0x170,0x194,0x10f	0x170,0x23,0x71,0x60,0x0,0xa
113	306	0xb7bba	3907	tier5_large_static_replay	defer_until_small_static_handlers_are_inlined	0xb7bba	0xb8072	1207	258	1	1194	vm_unobserved_handlers_retdec_batch05.c	function_b7bba	0xb7bba-0xb8064	unobserved	0	0	dyn/8	+0x0/4,+0x4/2	0x23,0x81,0x170,0xa,0x0,0x10f	0x170,0x23,0x16f,0x0,0xa
114	355	0xc240f	4001	tier5_large_static_replay	defer_until_small_static_handlers_are_inlined	0xc240f	0xc2927	1301	283	1	1291	vm_unobserved_handlers_retdec_batch05.c	function_c240f	0xc240f-0xc291a	unobserved	0	0	dyn/8	+0x4/1,+0x2/2,+0x0/2	0x23,0x194,0x81,0xa,0x0,0x60,0x71,0x10f	0x23,0x170,0x71,0x0,0x60,0xa
115	23	0x7d007	4221	tier5_large_static_replay	defer_until_small_static_handlers_are_inlined	0x7d007	0x7d5f9	1521	329	1	1509	vm_unobserved_handlers_retdec_batch06.c	function_7d007	0x7d007-0x7d5ec	unobserved	0	0	dyn/8	+0x2/1,+0x0/2,+0x3/2	0x0,0x81,0x71,0xa,0x23,0x60,0x194,0x170,0x10f	0x170,0x71,0x23,0x0,0x60,0xa
116	325	0xbba0f	4343	tier5_large_static_replay	defer_until_small_static_handlers_are_inlined	0xbba0f	0xbc07b	1643	353	1	1630	vm_unobserved_handlers_retdec_batch06.c	function_bba0f	0xbba0f-0xbc06d	unobserved	0	0	dyn/8	+0x2/1,+0x0/2,+0x3/2	0x71,0xa,0x60,0x81,0x0,0x194,0x23,0x10f	0x170,0x71,0x60,0x0,0xa
117	236	0xa87b6	4354	tier5_large_static_replay	defer_until_small_static_handlers_are_inlined	0xa87b6	0xa8e2d	1654	351	1	1641	vm_unobserved_handlers_retdec_batch06.c	function_a87b6	0xa87b6-0xa8e1f	unobserved	0	0	dyn/8	+0x2/1,+0x3/2,+0x0/2	0x0,0x23,0x170,0x81,0x194,0xa,0x60,0x71,0x10f	0x23,0x170,0x71,0x0,0x60,0xa
118	156	0x98354	4576	tier5_large_static_replay	defer_until_small_static_handlers_are_inlined	0x98354	0x98aa8	1876	408	1	1862	vm_unobserved_handlers_retdec_batch06.c	function_98354	0x98354-0x98a9a	unobserved	0	0	dyn/8	+0x4/1,+0x0/2,+0x2/2	0x23,0x194,0x0,0xa,0x81,0x170,0x60,0x71,0x10f	0x23,0x170,0x71,0x0,0x60,0xa
119	116	0x90a1b	5933	tier4_native_call_or_ret_side_effect	audit_call_ret_side_effects_before_inlining	0x90a1b	0x90c31	533	127	2	520	vm_unobserved_handlers_retdec_batch01.c	function_90a1b,function_90acd	0x90a1b-0x90acd,0x90acd-0x90c23	unobserved	0	1	dyn/8	+0x0/4,+0x0/2,+0x4/4	0xa,0x10f	0xa,0x1dc
120	309	0xb84a7	6003	tier4_native_call_or_ret_side_effect	audit_call_ret_side_effects_before_inlining	0xb84a7	0xb8705	603	140	2	593	vm_unobserved_handlers_retdec_batch01.c	function_b84a7,function_b8556	0xb84a7-0xb8556,0xb8556-0xb86f8	unobserved	0	1	dyn/8	+0x0/4,+0x0/2,+0x2/2	0xa,0x194,0x23,0x71,0x10f	0x23,0x1dc,0xa
121	265	0xaf57f	6026	tier4_native_call_or_ret_side_effect	audit_call_ret_side_effects_before_inlining	0xaf57f	0xaf8bc	826	184	1	816	vm_unobserved_handlers_retdec_batch03.c	function_af57f	0xaf57f-0xaf8af	unobserved	2	0	dyn/8	+0x18/2,+0x1a/2,+0x12/2,+0xa/2,+0x16/2,+0xe/2,+0x14/2,+0xc/2,+0x6/2,+0x0/2,+0x2/2,+0x1e/2,+0x20/2,+0x4/2,+0x1c/2,+0x10/2,+0x8/2	0xa,0x0,0x10f,0x170	0x170,0xa
122	233	0xa81c4	6064	tier4_native_call_or_ret_side_effect	audit_call_ret_side_effects_before_inlining	0xa81c4	0xa845e	664	154	2	652	vm_unobserved_handlers_retdec_batch02.c	function_a81c4,function_a823e	0xa81c4-0xa823e,0xa823e-0xa8450	unobserved	0	1	dyn/8	+0x0/2,+0x3/2,+0x9/2,+0x2/2,+0x5/2,+0x2/1,+0x7/2	0xa,0x199,0x81,0x10f,0x170	0x1dc,0x23,0x170,0xa
123	227	0xa6f03	6176	tier4_native_call_or_ret_side_effect	audit_call_ret_side_effects_before_inlining	0xa6f03	0xa720b	776	177	2	763	vm_unobserved_handlers_retdec_batch02.c	function_a6f03,function_a6f79	0xa6f03-0xa6f79,0xa6f79-0xa71fe	unobserved	0	1	dyn/8	+0x0/2,+0x2/2,+0x9/2,+0x6/1,+0x7/2,+0x4/2	0xa,0x170,0x199,0x23,0x10f	0x170,0x1dc,0x23,0xa
124	58	0x8428c	6191	tier4_native_call_or_ret_side_effect	audit_call_ret_side_effects_before_inlining	0x8428c	0x845a3	791	179	2	778	vm_unobserved_handlers_retdec_batch02.c	function_8428c,function_84302	0x8428c-0x84302,0x84302-0x84596	unobserved	0	1	dyn/8	+0x2/2,+0x0/2,+0x8/2,+0x4/2,+0xa/1,+0x6/2	0xa,0x81,0x199,0x71,0x10f	0x1dc,0x170,0xa
125	288	0xb4980	6250	tier4_native_call_or_ret_side_effect	audit_call_ret_side_effects_before_inlining	0xb4980	0xb4c0e	650	154	3	643	vm_unobserved_handlers_retdec_batch01.c	function_b4980,function_b4a2b,function_b4c05	0xb4980-0xb4a2b,0xb4a2b-0xb4c00,0xb4c05-0xb4c08	unobserved	0	1	dyn/8	+0x6/2,+0x4/2,+0x0/4,+0x2/2,+0x0/2	0xa,0x170,0xbb,0x81,0x0,0x10f	0x1dc,0xa
126	110	0x8f834	6309	tier4_native_call_or_ret_side_effect	audit_call_ret_side_effects_before_inlining	0x8f834	0x8fafa	709	164	3	699	vm_unobserved_handlers_retdec_batch02.c	function_8f834,function_8f8ae,function_8faf1	0x8f834-0x8f8ae,0x8f8ae-0x8faec,0x8faf1-0x8faf4	unobserved	0	1	dyn/8	+0x2/4,+0x0/2,+0x0/1,+0x1/2,+0x3/2	0xa,0x0,0x170,0xbb,0x71,0x10f	0x170,0x71,0x1dc,0x0,0xa
127	126	0x92615	6315	tier4_native_call_or_ret_side_effect	audit_call_ret_side_effects_before_inlining	0x92615	0x929a8	915	213	2	902	vm_unobserved_handlers_retdec_batch04.c	function_92615,function_926c3	0x92615-0x926c3,0x926c3-0x9299b	unobserved	0	1	dyn/8	+0x3/2,+0x6/2,+0x4/2,+0x0/4,+0x2/1,+0x0/2	0xa,0x194,0x0,0xbb,0x81,0x71,0x10f,0x170,0x23	0x71,0x1dc,0x0,0x170,0xa
128	303	0xb769c	6345	tier4_native_call_or_ret_side_effect	audit_call_ret_side_effects_before_inlining	0xb769c	0xb78bd	545	125	4	535	vm_unobserved_handlers_retdec_batch01.c	function_b769c,function_b7717,function_b78b2,function_b78b5	0xb769c-0xb7717,0xb7717-0xb78b0,0xb78b2-0xb78b4,0xb78b5-0xb78b6	unobserved	0	1	dyn/8	+0x2/2,+0x0/2,+0x4/2,+0x6/2	0xa,0x170,0x0,0x10f	0x1dc,0x23,0xa
129	342	0xbfb99	6390	tier4_native_call_or_ret_side_effect	audit_call_ret_side_effects_before_inlining	0xbfb99	0xbff78	990	224	2	977	vm_unobserved_handlers_retdec_batch04.c	function_bfb99,function_bfc0d	0xbfb99-0xbfc0d,0xbfc0d-0xbff6a	unobserved	0	1	dyn/8	+0x0/2,+0x5/2,+0x3/2,+0x2/2,+0x2/1,+0x9/2,+0x7/2	0xa,0x170,0x199,0x0,0x10f	0x170,0x1dc,0xa
130	353	0xc21c3	6401	tier4_native_call_or_ret_side_effect	audit_call_ret_side_effects_before_inlining	0xc21c3	0xc241d	601	135	4	591	vm_unobserved_handlers_retdec_batch01.c	function_c21c3,function_c2241,function_c2414,function_c2417	0xc21c3-0xc2241,0xc2241-0xc240f,0xc2414-0xc2416,0xc2417-0xc2418	unobserved	0	1	dyn/8	+0x0/2,+0x2/4	0xa,0x23,0x170,0x0,0xbb,0x10f	0x170,0x23,0x1dc,0xf3,0xa
131	15	0x7b6cb	6467	tier4_native_call_or_ret_side_effect	audit_call_ret_side_effects_before_inlining	0x7b6cb	0x7baf7	1067	244	2	1054	vm_unobserved_handlers_retdec_batch05.c	function_7b6cb,function_7b77c	0x7b6cb-0x7b77c,0x7b77c-0x7bae9	unobserved	0	1	dyn/8	+0x0/4,+0x0/1,+0x3/2,+0x1/2	0xa,0x60,0x0,0x71,0x23,0xe1,0x10f,0x81	0x170,0x71,0x1dc,0x60,0x0,0xa
132	53	0x8371d	6472	tier4_native_call_or_ret_side_effect	audit_call_ret_side_effects_before_inlining	0x8371d	0x83b4d	1072	252	2	1059	vm_unobserved_handlers_retdec_batch05.c	function_8371d,function_837cb	0x8371d-0x837cb,0x837cb-0x83b40	unobserved	0	1	dyn/8	+0x0/4,+0x3/2,+0x2/1,+0x0/2	0xa,0x0,0x60,0x23,0x194,0x71,0x10f,0x170	0x170,0x71,0x1dc,0x0,0x60,0xa
133	163	0x99e21	6479	tier4_native_call_or_ret_side_effect	audit_call_ret_side_effects_before_inlining	0x99e21	0x9a259	1079	245	2	1067	vm_unobserved_handlers_retdec_batch05.c	function_99e21,function_99e99	0x99e21-0x99e99,0x99e99-0x9a24c	unobserved	0	1	dyn/8	+0x2/2,+0x0/2,+0x4/1	0xa,0x0,0x60,0x194,0x71,0x23,0x10f,0x170	0x170,0x71,0x1dc,0x0,0x60,0xa
134	252	0xacefd	6481	tier4_native_call_or_ret_side_effect	audit_call_ret_side_effects_before_inlining	0xacefd	0xad339	1081	245	2	1071	vm_unobserved_handlers_retdec_batch05.c	function_acefd,function_acfb1	0xacefd-0xacfb1,0xacfb1-0xad32c	unobserved	0	1	dyn/8	+0x0/4,+0x2/4,+0x0/2	0x81,0xa,0x170,0x23,0x0,0x194,0x10f	0x170,0x23,0x1dc,0x60,0xa
135	98	0x8c8ec	6530	tier4_native_call_or_ret_side_effect	audit_call_ret_side_effects_before_inlining	0x8c8ec	0x8cc8f	930	207	3	920	vm_unobserved_handlers_retdec_batch04.c	function_8c8ec,function_8c99a,function_8cc86	0x8c8ec-0x8c99a,0x8c99a-0x8cc81,0x8cc86-0x8cc89	unobserved	0	1	dyn/8	+0x6/2,+0x4/2,+0x0/4,+0x0/1,+0x3/2,+0x1/2	0xa,0x0,0x60,0xbb,0x81,0xe1,0x71,0x10f,0x170	0x71,0x1dc,0x0,0x60,0x170,0xa
136	149	0x96eb4	6530	tier4_native_call_or_ret_side_effect	audit_call_ret_side_effects_before_inlining	0x96eb4	0x9731e	1130	252	2	1117	vm_unobserved_handlers_retdec_batch05.c	function_96eb4,function_96f2a	0x96eb4-0x96f2a,0x96f2a-0x97311	unobserved	0	1	dyn/8	+0x0/2,+0x2/2,+0x4/1	0xa,0x0,0x60,0x194,0x71,0x23,0x10f	0x71,0x170,0x1dc,0x60,0x0,0xa
137	226	0xa6e55	6550	tier4_native_call_or_ret_side_effect	audit_call_ret_side_effects_before_inlining	0xa6e55	0xa720b	950	224	3	937	vm_unobserved_handlers_retdec_batch04.c	function_a6e55,function_a6f03,function_a6f79	0xa6e55-0xa6f03,0xa6f03-0xa6f79,0xa6f79-0xa71fe	unobserved	0	2	dyn/8	+0x0/2,+0x2/2,+0x4/2,+0x6/2,+0x0/4,+0x9/2,+0x6/1,+0x7/2	0xa,0xbb,0x170,0x199,0x23,0x10f	0x1dc,0x170,0x23,0xa
138	7	0x799c7	6602	tier4_native_call_or_ret_side_effect	audit_call_ret_side_effects_before_inlining	0x799c7	0x79db1	1002	228	3	994	vm_unobserved_handlers_retdec_batch04.c	function_799c7,function_79a3d,function_79da7	0x799c7-0x79a3d,0x79a3d-0x79da3,0x79da7-0x79dad	unobserved	0	1	dyn/8	+0x0/2,+0x3/2,+0x2/2,+0x2/1	0xa,0x60,0x0,0x23,0x194,0x71,0x10f	0x71,0x1dc,0x60,0x0,0x170,0xa
139	139	0x94ddf	6609	tier4_native_call_or_ret_side_effect	audit_call_ret_side_effects_before_inlining	0x94ddf	0x951d0	1009	226	3	996	vm_unobserved_handlers_retdec_batch04.c	function_94ddf,function_94e5a,function_951cb	0x94ddf-0x94e5a,0x94e5a-0x951c2,0x951cb-0x951cc	unobserved	0	1	dyn/8	+0x0/4,+0x4/2,+0x2/4,+0x0/2	0x23,0xa,0x170,0x81,0x0,0x194,0xbb,0x10f	0x23,0x170,0x1dc,0x60,0xa
140	205	0xa1a95	6695	tier4_native_call_or_ret_side_effect	audit_call_ret_side_effects_before_inlining	0xa1a95	0xa1edd	1095	253	3	1096	vm_unobserved_handlers_retdec_batch05.c	function_a1a95,function_a1b3e,function_a1ecf	0xa1a95-0xa1b3e,0xa1b3e-0xa1ecf,0xa1ecf-0xa2361	unobserved	0	1	dyn/8	+0x1/2,+0x6/2,+0x4/2,+0x0/4,+0x0/1,+0x3/2	0xa,0x71,0x60,0x0,0xbb,0x194,0x10f	0x71,0x1dc,0x60,0x0,0x170,0xa
141	143	0x957d9	6708	tier4_native_call_or_ret_side_effect	audit_call_ret_side_effects_before_inlining	0x957d9	0x95b69	908	208	4	903	vm_unobserved_handlers_retdec_batch03.c	function_957d9,function_95887,function_95b5e,function_95b67	0x957d9-0x95887,0x95887-0x95b5c,0x95b5e-0x95b60,0x95b67-0x95b69	unobserved	0	1	dyn/8	+0x6/2,+0x4/2,+0x0/4,+0x0/2	0xa,0x0,0x194,0x81,0x170,0xbb,0x71,0x16f,0x23,0x10f	0x170,0x23,0x1dc,0xa
142	202	0xa13d6	6792	tier4_native_call_or_ret_side_effect	audit_call_ret_side_effects_before_inlining	0xa13d6	0xa1946	1392	307	2	1379	vm_unobserved_handlers_retdec_batch05.c	function_a13d6,function_a1484	0xa13d6-0xa1484,0xa1484-0xa1939	unobserved	0	1	dyn/8	+0x6/2,+0x4/2,+0x0/4,+0x2/2,+0x0/2	0x23,0xa,0x170,0x81,0x0,0x194,0xbb,0x10f	0x170,0x23,0x1dc,0x81,0xa
143	270	0xb0930	6889	tier4_native_call_or_ret_side_effect	audit_call_ret_side_effects_before_inlining	0xb0930	0xb0e3d	1289	285	3	1285	vm_unobserved_handlers_retdec_batch05.c	function_b0930,function_b09ab,function_b0e32	0xb0930-0xb09ab,0xb09ab-0xb0e30,0xb0e32-0xb0e37	unobserved	0	1	dyn/8	+0x0/4,+0x4/2,+0x0/8,+0x8/2	0xa,0x23,0x170,0x81,0x0,0xbb,0x194,0x10f	0x170,0x23,0x1dc,0x60,0xa
144	29	0x7e7cd	6898	tier4_native_call_or_ret_side_effect	audit_call_ret_side_effects_before_inlining	0x7e7cd	0x7ece0	1298	298	3	1288	vm_unobserved_handlers_retdec_batch05.c	function_7e7cd,function_7e849,function_7ecda	0x7e7cd-0x7e849,0x7e849-0x7ecd2,0x7ecda-0x7ecdd	unobserved	0	1	dyn/8	+0x0/2,+0x2/4,+0x2/2	0x81,0xa,0x170,0x23,0x194,0x0,0xbb,0x71,0x10f	0x23,0x170,0x1dc,0x60,0xa
145	1	0x78835	6903	tier4_native_call_or_ret_side_effect	audit_call_ret_side_effects_before_inlining	0x78835	0x78c84	1103	244	4	1093	vm_unobserved_handlers_retdec_batch05.c	function_78835,function_788e2,function_78c79,function_78c7f	0x78835-0x788e2,0x788e2-0x78c77,0x78c79-0x78c7b,0x78c7f-0x78c80	unobserved	0	1	dyn/8	+0x6/2,+0x4/2,+0x0/4,+0x2/4,+0x2/8,+0x0/2	0xa,0x23,0x170,0x71,0xbb,0x81,0x194,0x10f	0x170,0x23,0x1dc,0x60,0xa
146	133	0x93ff3	6966	tier4_native_call_or_ret_side_effect	audit_call_ret_side_effects_before_inlining	0x93ff3	0x94485	1166	263	4	1160	vm_unobserved_handlers_retdec_batch05.c	function_93ff3,function_9406d,function_9447d,function_94483	0x93ff3-0x9406d,0x9406d-0x94478,0x9447d-0x9447f,0x94483-0x94484	unobserved	0	1	dyn/8	+0x0/2,+0x2/2,+0x0/4,+0x4/2	0xa,0x23,0x170,0x81,0x194,0x0,0x10f	0x23,0x170,0x1dc,0x16f,0x0,0xa
147	113	0x9026f	6987	tier4_native_call_or_ret_side_effect	audit_call_ret_side_effects_before_inlining	0x9026f	0x908a3	1587	350	2	1574	vm_unobserved_handlers_retdec_batch06.c	function_9026f,function_90319	0x9026f-0x90319,0x90319-0x90895	unobserved	0	1	dyn/8	+0x6/2,+0x4/2,+0x0/4,+0x2/2,+0x0/2	0x23,0x170,0xa,0x81,0x0,0x194,0xbb,0x71,0x10f	0x23,0x170,0x1dc,0x0,0x16f,0xa
148	21	0x7ca98	7204	tier4_native_call_or_ret_side_effect	audit_call_ret_side_effects_before_inlining	0x7ca98	0x7d014	1404	319	4	1394	vm_unobserved_handlers_retdec_batch05.c	function_7ca98,function_7cb43,function_7d009,function_7d00c	0x7ca98-0x7cb43,0x7cb43-0x7d007,0x7d009-0x7d00b,0x7d00c-0x7d00d	unobserved	0	1	dyn/8	+0x0/4,+0x2/1,+0x0/2,+0x3/2	0x81,0xa,0x194,0x23,0x0,0x170,0x60,0x71,0x10f	0x23,0x170,0x71,0x1dc,0x60,0x0,0xa
149	219	0xa517b	7216	tier4_native_call_or_ret_side_effect	audit_call_ret_side_effects_before_inlining	0xa517b	0xa5896	1816	400	2	1806	vm_unobserved_handlers_retdec_batch06.c	function_a517b,function_a522e	0xa517b-0xa522e,0xa522e-0xa5889	unobserved	0	1	dyn/8	+0x0/4,+0x0/1,+0x1/2,+0x3/2	0xa,0x170,0x81,0x71,0x23,0x0,0x60,0x194,0x10f	0x170,0x23,0x71,0x1dc,0x0,0x60,0xa
150	11	0x7a4d8	7261	tier4_native_call_or_ret_side_effect	audit_call_ret_side_effects_before_inlining	0x7a4d8	0x7ace6	2061	459	1	2048	vm_unobserved_handlers_retdec_batch06.c	function_7a4d8	0x7a4d8-0x7acd8	unobserved	0	1	dyn/8	+0x6/2,+0x8/1,+0x0/4,+0x4/2,+0x9/2,+0xb/2	0xa,0x12,0xbb,0x10f,0x170	0x12,0x1dc,0x170,0xa
151	132	0x93f79	7288	tier4_native_call_or_ret_side_effect	audit_call_ret_side_effects_before_inlining	0x93f79	0x94485	1288	300	5	1282	vm_unobserved_handlers_retdec_batch05.c	function_93f79,function_93ff3,function_9406d,function_9447d,function_94483	0x93f79-0x93ff3,0x93ff3-0x9406d,0x9406d-0x94478,0x9447d-0x9447f,0x94483-0x94484	unobserved	0	2	dyn/8	+0x0/2,+0x2/4,+0x2/2,+0x0/4,+0x4/2	0xa,0x23,0x170,0x81,0xbb,0x194,0x0,0x10f	0x23,0x170,0x1dc,0x16f,0x0,0xa
152	194	0x9faa4	7292	tier4_native_call_or_ret_side_effect	audit_call_ret_side_effects_before_inlining	0x9faa4	0xa0078	1492	332	4	1488	vm_unobserved_handlers_retdec_batch05.c	function_9faa4,function_9fb50,function_9fbcd,function_a006d	0x9faa4-0x9fb50,0x9fb50-0x9fbcd,0x9fbcd-0xa006b,0xa006d-0xa0076	unobserved	0	2	dyn/8	+0x4/2,+0x0/4,+0x6/2,+0x0/2,+0x2/2	0xa,0x23,0x170,0x71,0xbb,0x81,0x194,0x10f	0x170,0x23,0x1dc,0x81,0xa
153	318	0xba683	7439	tier4_native_call_or_ret_side_effect	audit_call_ret_side_effects_before_inlining	0xba683	0xbadb2	1839	415	3	1828	vm_unobserved_handlers_retdec_batch06.c	function_ba683,function_ba72f,function_badaa	0xba683-0xba72f,0xba72f-0xbada5,0xbadaa-0xbadac	unobserved	0	1	dyn/8	+0x6/2,+0x4/2,+0x0/4,+0x4/1,+0x0/2,+0x2/2	0xa,0x23,0x170,0x0,0x71,0x81,0x60,0xbb,0x194,0x10f	0x23,0x170,0x71,0x1dc,0x0,0x60,0xa
154	93	0x8bcef	7447	tier4_native_call_or_ret_side_effect	audit_call_ret_side_effects_before_inlining	0x8bcef	0x8c42a	1847	414	3	1838	vm_unobserved_handlers_retdec_batch06.c	function_8bcef,function_8bd69,function_8c41e	0x8bcef-0x8bd69,0x8bd69-0x8c41c,0x8c41e-0x8c41f	unobserved	0	1	dyn/8	+0x2/4,+0x0/2,+0x0/1,+0x3/2,+0x1/2	0x170,0xa,0x0,0x23,0x194,0x60,0x71,0xbb,0x81,0x10f	0x23,0x170,0x71,0x1dc,0x60,0x0,0xa
155	32	0x7efa8	7689	tier4_native_call_or_ret_side_effect	audit_call_ret_side_effects_before_inlining	0x7efa8	0x7f7d1	2089	459	3	2079	vm_unobserved_handlers_retdec_batch06.c	function_7efa8,function_7f7c6,function_7f7c9	0x7efa8-0x7f7c4,0x7f7c6-0x7f7c8,0x7f7c9-0x7f7ca	unobserved	0	1	dyn/8	+0x6/2,+0x8/1,+0x0/4,+0x4/2,+0x9/2,+0xb/2	0xa,0x12,0xbb,0x10f,0x170	0x12,0x1dc,0x170,0xa
