trace_dir	runtime_config	run_mode	network_policy	source_program	target_program	count	first_seq	last_seq
dumps/vmtail-fakenet-w16	x_mode_1	1	fake_observed	033	034	4	114	7803
dumps/vmtail-fakenet-w16	x_mode_1	1	fake_observed	034	033	1	1551	1551
dumps/vmtail-fakenet-w16	x_mode_1	1	fake_observed	034	032	3	3100	9239
dumps/vmtail-fakenet-w16	x_mode_1	1	fake_observed	032	033	2	3433	7690
dumps/vmtail-fakenet-w16	x_mode_1	1	fake_observed	032	007	1	11614	11614
dumps/vmtail-fakenet-w16	x_mode_1	1	fake_observed	007	008	1	12638	12638
dumps/vmtail-fakenet-w16	x_mode_1	1	fake_observed	008	009	1	12826	12826
dumps/vmtail-fakenet-w16	x_mode_1	1	fake_observed	009	010	1	13020	13020
dumps/vmtail-fakenet-w16	x_mode_1	1	fake_observed	010	025	1	14353	14353
dumps/vmtail-fakenet-w16	x_mode_1	1	fake_observed	025	001	1	14830	14830
dumps/vmtail-fakenet-w16	x_mode_1	1	fake_observed	001	002	1	15210	15210
dumps/vmtail-fakenet-w16	x_mode_1	1	fake_observed	002	000	1	15287	15287
dumps/vmtail-fakenet-w16	x_mode_1	1	fake_observed	000	029	1	16090	16090
dumps/vmtail-fakenet-w16	x_mode_1	1	fake_observed	029	000	1	89199	89199
dumps/vmtail-fakenet-w16	x_mode_1	1	fake_observed	000	030	1	89366	89366
dumps/vmtail-fakenet-w16	x_mode_1	1	fake_observed	030	000	1	132119	132119
dumps/vmtail-fakenet-w16	x_mode_1	1	fake_observed	000	002	1	132235	132235
dumps/vmtail-fakenet-w16	x_mode_1	1	fake_observed	002	003	1	133238	133238
dumps/vmtail-fakenet-w16	x_mode_1	1	fake_observed	003	025	1	133551	133551
dumps/vmtail-fakenet-w16	x_mode_1	1	fake_observed	025	004	1	133742	133742
dumps/vmtail-fakenet-w16	x_mode_1	1	fake_observed	004	005	1	134231	134231
dumps/vmtail-fakenet-w16	x_mode_1	1	fake_observed	005	006	1	134388	134388
dumps/vmtail-fakenet-w16	x_mode_1	1	fake_observed	006	025	1	134582	134582
dumps/vmtail-fakenet-w16	x_mode_1	1	fake_observed	025	010	1	134843	134843
dumps/vmtail-fakenet-w16	x_mode_1	1	fake_observed	010	042	1	135007	135007
dumps/vmtail-fakenet-w16	x_mode_1	1	fake_observed	042	043	1	139731	139731
dumps/vmtail-fakenet-w16	x_mode_1	1	fake_observed	043	048	1	139785	139785
dumps/vmtail-fakenet-w16	x_mode_1	1	fake_observed	048	053	1	143140	143140
dumps/vmtail-fakenet-w16	x_mode_1	1	fake_observed	053	054	12	143992	159517
dumps/vmtail-fakenet-w16	x_mode_1	1	fake_observed	054	053	9	144013	159238
dumps/vmtail-fakenet-w16	x_mode_1	1	fake_observed	054	048	1	145863	145863
dumps/vmtail-fakenet-w16	x_mode_1	1	fake_observed	048	049	1	146098	146098
dumps/vmtail-fakenet-w16	x_mode_1	1	fake_observed	049	043	1	146320	146320
dumps/vmtail-fakenet-w16	x_mode_1	1	fake_observed	043	046	1	146443	146443
dumps/vmtail-fakenet-w16	x_mode_1	1	fake_observed	046	053	1	149874	149874
dumps/vmtail-fakenet-w16	x_mode_1	1	fake_observed	054	046	1	152596	152596
dumps/vmtail-fakenet-w16	x_mode_1	1	fake_observed	046	047	1	152828	152828
dumps/vmtail-fakenet-w16	x_mode_1	1	fake_observed	047	043	1	153048	153048
dumps/vmtail-fakenet-w16	x_mode_1	1	fake_observed	043	050	1	153171	153171
dumps/vmtail-fakenet-w16	x_mode_1	1	fake_observed	050	053	1	156865	156865
dumps/vmtail-fakenet-w16	x_mode_1	1	fake_observed	054	050	1	159587	159587
dumps/vmtail-fakenet-w16	x_mode_1	1	fake_observed	050	051	1	159819	159819
dumps/vmtail-fakenet-w16	x_mode_1	1	fake_observed	051	043	1	160039	160039
dumps/vmtail-fakenet-w16	x_mode_1	1	fake_observed	043	052	1	160163	160163
dumps/vmtail-fakenet-w16	x_mode_1	1	fake_observed	052	043	1	163537	163537
dumps/vmtail-fakenet-w16	x_mode_1	1	fake_observed	043	044	1	163667	163667
dumps/vmtail-fakenet-w16	x_mode_1	1	fake_observed	044	045	1	163681	163681
dumps/vmtail-fakenet-w16	x_mode_1	1	fake_observed	045	010	1	164201	164201
dumps/vmtail-fakenet-w16	x_mode_1	1	fake_observed	010	055	1	164325	164325
dumps/vmtail-fakenet-w16	x_mode_1	1	fake_observed	055	041	1	173820	173820
dumps/vmtail-live-residual-targets	x_mode_1	1	blocked_observed	033	034	4	2	30
dumps/vmtail-live-residual-targets	x_mode_1	1	blocked_observed	034	033	2	10	19
dumps/vmtail-live-residual-targets	x_mode_1	1	blocked_observed	034	032	2	27	37
dumps/vmtail-live-residual-targets	x_mode_1	1	blocked_observed	032	033	1	29	29
dumps/vmtail-live-residual-targets	x_mode_1	1	blocked_observed	032	029	1	38	38
dumps/vmtail-live-residual-targets	x_mode_1	1	blocked_observed	029	000	1	39	39
dumps/vmtail-live-residual-targets	x_mode_1	1	blocked_observed	000	003	1	40	40
dumps/vmtail-live-residual-targets	x_mode_1	1	blocked_observed	003	006	1	41	41
dumps/vmtail-live-residual-targets	x_mode_1	1	blocked_observed	006	025	1	42	42
dumps/vmtail-live-residual-targets	x_mode_1	1	blocked_observed	025	048	1	44	44
dumps/vmtail-live-residual-targets	x_mode_1	1	blocked_observed	048	049	1	53	53
dumps/vmtail-live-residual-targets	x_mode_1	1	blocked_observed	049	047	1	54	54
dumps/vmtail-live-residual-targets	x_mode_1	1	blocked_observed	047	051	1	55	55
dumps/vmtail-live-residual-targets	x_mode_1	1	blocked_observed	051	052	1	57	57
dumps/vmtail-live-residual-targets	x_mode_1	1	blocked_observed	052	045	1	63	63
dumps/vmtail-live-residual-targets	x_mode_1	1	blocked_observed	045	055	1	65	65
dumps/vmtail-live-residual-targets	x_mode_1	1	blocked_observed	055	041	1	73	73
dumps/vmtail-live-residual-targets	x_mode_1	1	blocked_observed	041	055	1	3364	3364
dumps/vmtail-live-residual-targets	x_mode_1	1	blocked_observed	055	056	1	3377	3377
dumps/vmtail-live-residual-targets	x_mode_1	1	blocked_observed	056	058	1	3398	3398
dumps/vmtail-live-residual-targets	x_mode_1	1	blocked_observed	058	024	1	3399	3399
dumps/vmtail-live-residual-targets	x_mode_1	1	blocked_observed	024	031	1	3400	3400
dumps/vmtail-live-residual-targets	x_mode_1	1	blocked_observed	031	028	1	3401	3401
dumps/vmtail-live-residual-targets	x_mode_1	1	blocked_observed	028	027	1	3402	3402
dumps/vmtail-live-residual-targets	x_mode_1	1	blocked_observed	027	020	1	3403	3403
dumps/vmtail-live-residual-targets	x_mode_1	1	blocked_observed	020	021	1	3404	3404
dumps/vmtail-mode0-w16	x_mode_0	0	blocked_observed	033	034	4	114	7803
dumps/vmtail-mode0-w16	x_mode_0	0	blocked_observed	034	033	1	1551	1551
dumps/vmtail-mode0-w16	x_mode_0	0	blocked_observed	034	032	3	3100	9239
dumps/vmtail-mode0-w16	x_mode_0	0	blocked_observed	032	033	2	3433	7690
dumps/vmtail-mode0-w16	x_mode_0	0	blocked_observed	032	007	1	11614	11614
dumps/vmtail-mode0-w16	x_mode_0	0	blocked_observed	007	008	1	12638	12638
dumps/vmtail-mode0-w16	x_mode_0	0	blocked_observed	008	009	1	12826	12826
dumps/vmtail-mode0-w16	x_mode_0	0	blocked_observed	009	010	1	13020	13020
dumps/vmtail-mode0-w16	x_mode_0	0	blocked_observed	010	025	1	14353	14353
dumps/vmtail-mode0-w16	x_mode_0	0	blocked_observed	025	001	1	14830	14830
dumps/vmtail-mode0-w16	x_mode_0	0	blocked_observed	001	002	1	15210	15210
dumps/vmtail-mode0-w16	x_mode_0	0	blocked_observed	002	000	1	15287	15287
dumps/vmtail-mode0-w16	x_mode_0	0	blocked_observed	000	029	1	16090	16090
dumps/vmtail-mode0-w16	x_mode_0	0	blocked_observed	029	000	1	89199	89199
dumps/vmtail-mode0-w16	x_mode_0	0	blocked_observed	000	030	1	89366	89366
dumps/vmtail-mode0-w16	x_mode_0	0	blocked_observed	030	000	1	132119	132119
dumps/vmtail-mode0-w16	x_mode_0	0	blocked_observed	000	002	1	132235	132235
dumps/vmtail-mode0-w16	x_mode_0	0	blocked_observed	002	003	1	133238	133238
dumps/vmtail-mode0-w16	x_mode_0	0	blocked_observed	003	025	1	133551	133551
dumps/vmtail-mode0-w16	x_mode_0	0	blocked_observed	025	004	1	133742	133742
dumps/vmtail-mode0-w16	x_mode_0	0	blocked_observed	004	005	1	134231	134231
dumps/vmtail-mode0-w16	x_mode_0	0	blocked_observed	005	006	1	134388	134388
dumps/vmtail-mode0-w16	x_mode_0	0	blocked_observed	006	025	1	134582	134582
dumps/vmtail-mode0-w16	x_mode_0	0	blocked_observed	025	010	1	134843	134843
dumps/vmtail-mode0-w16	x_mode_0	0	blocked_observed	010	042	1	135007	135007
dumps/vmtail-mode0-w16	x_mode_0	0	blocked_observed	042	043	1	139731	139731
dumps/vmtail-mode0-w16	x_mode_0	0	blocked_observed	043	048	1	139785	139785
dumps/vmtail-mode0-w16	x_mode_0	0	blocked_observed	048	053	1	143140	143140
dumps/vmtail-mode0-w16	x_mode_0	0	blocked_observed	053	054	12	143992	159517
dumps/vmtail-mode0-w16	x_mode_0	0	blocked_observed	054	053	9	144013	159238
dumps/vmtail-mode0-w16	x_mode_0	0	blocked_observed	054	048	1	145863	145863
dumps/vmtail-mode0-w16	x_mode_0	0	blocked_observed	048	049	1	146098	146098
dumps/vmtail-mode0-w16	x_mode_0	0	blocked_observed	049	043	1	146320	146320
dumps/vmtail-mode0-w16	x_mode_0	0	blocked_observed	043	046	1	146443	146443
dumps/vmtail-mode0-w16	x_mode_0	0	blocked_observed	046	053	1	149874	149874
dumps/vmtail-mode0-w16	x_mode_0	0	blocked_observed	054	046	1	152596	152596
dumps/vmtail-mode0-w16	x_mode_0	0	blocked_observed	046	047	1	152828	152828
dumps/vmtail-mode0-w16	x_mode_0	0	blocked_observed	047	043	1	153048	153048
dumps/vmtail-mode0-w16	x_mode_0	0	blocked_observed	043	050	1	153171	153171
dumps/vmtail-mode0-w16	x_mode_0	0	blocked_observed	050	053	1	156865	156865
dumps/vmtail-mode0-w16	x_mode_0	0	blocked_observed	054	050	1	159587	159587
dumps/vmtail-mode0-w16	x_mode_0	0	blocked_observed	050	051	1	159819	159819
dumps/vmtail-mode0-w16	x_mode_0	0	blocked_observed	051	043	1	160039	160039
dumps/vmtail-mode0-w16	x_mode_0	0	blocked_observed	043	052	1	160163	160163
dumps/vmtail-mode0-w16	x_mode_0	0	blocked_observed	052	043	1	163537	163537
dumps/vmtail-mode0-w16	x_mode_0	0	blocked_observed	043	044	1	163667	163667
dumps/vmtail-mode0-w16	x_mode_0	0	blocked_observed	044	045	1	163681	163681
dumps/vmtail-mode0-w16	x_mode_0	0	blocked_observed	045	010	1	164201	164201
dumps/vmtail-mode0-w16	x_mode_0	0	blocked_observed	010	055	1	164325	164325
dumps/vmtail-mode0-w16	x_mode_0	0	blocked_observed	055	041	1	173820	173820
dumps/vmtail-mode2-w16	x_mode_2	2	blocked_observed	033	034	4	114	7803
dumps/vmtail-mode2-w16	x_mode_2	2	blocked_observed	034	033	1	1551	1551
dumps/vmtail-mode2-w16	x_mode_2	2	blocked_observed	034	032	3	3100	9239
dumps/vmtail-mode2-w16	x_mode_2	2	blocked_observed	032	033	2	3433	7690
dumps/vmtail-mode2-w16	x_mode_2	2	blocked_observed	032	007	1	11614	11614
dumps/vmtail-mode2-w16	x_mode_2	2	blocked_observed	007	008	1	12638	12638
dumps/vmtail-mode2-w16	x_mode_2	2	blocked_observed	008	009	1	12826	12826
dumps/vmtail-mode2-w16	x_mode_2	2	blocked_observed	009	010	1	13020	13020
dumps/vmtail-mode2-w16	x_mode_2	2	blocked_observed	010	025	1	14353	14353
dumps/vmtail-mode2-w16	x_mode_2	2	blocked_observed	025	001	1	14830	14830
dumps/vmtail-mode2-w16	x_mode_2	2	blocked_observed	001	002	1	15210	15210
dumps/vmtail-mode2-w16	x_mode_2	2	blocked_observed	002	000	1	15287	15287
dumps/vmtail-mode2-w16	x_mode_2	2	blocked_observed	000	029	1	16090	16090
dumps/vmtail-mode2-w16	x_mode_2	2	blocked_observed	029	000	1	89199	89199
dumps/vmtail-mode2-w16	x_mode_2	2	blocked_observed	000	030	1	89366	89366
dumps/vmtail-mode2-w16	x_mode_2	2	blocked_observed	030	000	1	132119	132119
dumps/vmtail-mode2-w16	x_mode_2	2	blocked_observed	000	002	1	132235	132235
dumps/vmtail-mode2-w16	x_mode_2	2	blocked_observed	002	003	1	133238	133238
dumps/vmtail-mode2-w16	x_mode_2	2	blocked_observed	003	025	1	133551	133551
dumps/vmtail-mode2-w16	x_mode_2	2	blocked_observed	025	004	1	133742	133742
dumps/vmtail-mode2-w16	x_mode_2	2	blocked_observed	004	005	1	134231	134231
dumps/vmtail-mode2-w16	x_mode_2	2	blocked_observed	005	006	1	134388	134388
dumps/vmtail-mode2-w16	x_mode_2	2	blocked_observed	006	025	1	134582	134582
dumps/vmtail-mode2-w16	x_mode_2	2	blocked_observed	025	010	1	134843	134843
dumps/vmtail-mode2-w16	x_mode_2	2	blocked_observed	010	042	1	135007	135007
dumps/vmtail-mode2-w16	x_mode_2	2	blocked_observed	042	043	1	139731	139731
dumps/vmtail-mode2-w16	x_mode_2	2	blocked_observed	043	048	1	139785	139785
dumps/vmtail-mode2-w16	x_mode_2	2	blocked_observed	048	053	1	143140	143140
dumps/vmtail-mode2-w16	x_mode_2	2	blocked_observed	053	054	12	143992	159517
dumps/vmtail-mode2-w16	x_mode_2	2	blocked_observed	054	053	9	144013	159238
dumps/vmtail-mode2-w16	x_mode_2	2	blocked_observed	054	048	1	145863	145863
dumps/vmtail-mode2-w16	x_mode_2	2	blocked_observed	048	049	1	146098	146098
dumps/vmtail-mode2-w16	x_mode_2	2	blocked_observed	049	043	1	146320	146320
dumps/vmtail-mode2-w16	x_mode_2	2	blocked_observed	043	046	1	146443	146443
dumps/vmtail-mode2-w16	x_mode_2	2	blocked_observed	046	053	1	149874	149874
dumps/vmtail-mode2-w16	x_mode_2	2	blocked_observed	054	046	1	152596	152596
dumps/vmtail-mode2-w16	x_mode_2	2	blocked_observed	046	047	1	152828	152828
dumps/vmtail-mode2-w16	x_mode_2	2	blocked_observed	047	043	1	153048	153048
dumps/vmtail-mode2-w16	x_mode_2	2	blocked_observed	043	050	1	153171	153171
dumps/vmtail-mode2-w16	x_mode_2	2	blocked_observed	050	053	1	156865	156865
dumps/vmtail-mode2-w16	x_mode_2	2	blocked_observed	054	050	1	159587	159587
dumps/vmtail-mode2-w16	x_mode_2	2	blocked_observed	050	051	1	159819	159819
dumps/vmtail-mode2-w16	x_mode_2	2	blocked_observed	051	043	1	160039	160039
dumps/vmtail-mode2-w16	x_mode_2	2	blocked_observed	043	052	1	160163	160163
dumps/vmtail-mode2-w16	x_mode_2	2	blocked_observed	052	043	1	163537	163537
dumps/vmtail-mode2-w16	x_mode_2	2	blocked_observed	043	044	1	163667	163667
dumps/vmtail-mode2-w16	x_mode_2	2	blocked_observed	044	045	1	163681	163681
dumps/vmtail-mode2-w16	x_mode_2	2	blocked_observed	045	010	1	164201	164201
dumps/vmtail-mode2-w16	x_mode_2	2	blocked_observed	010	055	1	164325	164325
dumps/vmtail-mode2-w16	x_mode_2	2	blocked_observed	055	041	1	173820	173820
dumps/vmtail-residual-122e3c-context	x_mode_1	1	blocked_observed	033	034	4	2	29
dumps/vmtail-residual-122e3c-context	x_mode_1	1	blocked_observed	034	033	3	10	28
dumps/vmtail-residual-122e3c-context	x_mode_1	1	blocked_observed	034	048	1	37	37
dumps/vmtail-residual-122e3c-context	x_mode_1	1	blocked_observed	048	049	1	46	46
dumps/vmtail-residual-122e3c-context	x_mode_1	1	blocked_observed	049	052	1	47	47
dumps/vmtail-residual-122e3c-context	x_mode_1	1	blocked_observed	052	055	1	53	53
dumps/vmtail-residual-122e3c-context	x_mode_1	1	blocked_observed	055	041	1	61	61
dumps/vmtail-residual-122e3c-context	x_mode_1	1	blocked_observed	041	055	1	3352	3352
dumps/vmtail-residual-122e3c-context	x_mode_1	1	blocked_observed	055	056	1	3364	3364
dumps/vmtail-residual-122e3c-context	x_mode_1	1	blocked_observed	056	019	1	3385	3385
dumps/vmtail-residual-122e3c-context	x_mode_1	1	blocked_observed	019	039	1	3386	3386
dumps/vmtail-state-residual-targets	x_mode_1	1	blocked_observed	033	034	4	2	29
dumps/vmtail-state-residual-targets	x_mode_1	1	blocked_observed	034	033	3	10	28
dumps/vmtail-state-residual-targets	x_mode_1	1	blocked_observed	034	048	1	37	37
dumps/vmtail-state-residual-targets	x_mode_1	1	blocked_observed	048	049	1	46	46
dumps/vmtail-state-residual-targets	x_mode_1	1	blocked_observed	049	052	1	47	47
dumps/vmtail-state-residual-targets	x_mode_1	1	blocked_observed	052	055	1	53	53
dumps/vmtail-state-residual-targets	x_mode_1	1	blocked_observed	055	041	1	61	61
dumps/vmtail-state-residual-targets	x_mode_1	1	blocked_observed	041	055	1	3352	3352
dumps/vmtail-state-residual-targets	x_mode_1	1	blocked_observed	055	056	1	3365	3365
dumps/vmtail-state-residual-targets	x_mode_1	1	blocked_observed	056	058	1	3386	3386
dumps/vmtail-state-residual-targets	x_mode_1	1	blocked_observed	058	024	1	3387	3387
dumps/vmtail-state-residual-targets	x_mode_1	1	blocked_observed	024	031	1	3388	3388
dumps/vmtail-state-residual-targets	x_mode_1	1	blocked_observed	031	028	1	3389	3389
dumps/vmtail-state-residual-targets	x_mode_1	1	blocked_observed	028	027	1	3390	3390
dumps/vmtail-state-residual-targets	x_mode_1	1	blocked_observed	027	020	1	3391	3391
dumps/vmtail-state-residual-targets	x_mode_1	1	blocked_observed	020	021	1	3392	3392
dumps/vmtail-state-residual-targets	x_mode_1	1	blocked_observed	021	019	1	3393	3393
dumps/vmtail-state-smoke-w16	x_mode_1	1	blocked_observed	033	034	4	114	7803
dumps/vmtail-state-smoke-w16	x_mode_1	1	blocked_observed	034	033	1	1551	1551
dumps/vmtail-state-smoke-w16	x_mode_1	1	blocked_observed	034	032	3	3100	9239
dumps/vmtail-state-smoke-w16	x_mode_1	1	blocked_observed	032	033	2	3433	7690
dumps/vmtail-state-smoke-w16	x_mode_1	1	blocked_observed	032	007	1	11614	11614
dumps/vmtail-state-smoke-w16	x_mode_1	1	blocked_observed	007	008	1	12638	12638
dumps/vmtail-state-smoke-w16	x_mode_1	1	blocked_observed	008	009	1	12826	12826
dumps/vmtail-state-smoke-w16	x_mode_1	1	blocked_observed	009	010	1	13020	13020
dumps/vmtail-state-smoke-w16	x_mode_1	1	blocked_observed	010	025	1	14353	14353
dumps/vmtail-state-smoke-w16	x_mode_1	1	blocked_observed	025	001	1	14830	14830
dumps/vmtail-state-smoke-w16	x_mode_1	1	blocked_observed	001	002	1	15210	15210
dumps/vmtail-state-smoke-w16	x_mode_1	1	blocked_observed	002	000	1	15287	15287
dumps/vmtail-state-smoke-w16	x_mode_1	1	blocked_observed	000	029	1	16090	16090
dumps/vmtail-state-wide-w16	x_mode_1	1	blocked_observed	033	034	4	114	7803
dumps/vmtail-state-wide-w16	x_mode_1	1	blocked_observed	034	033	1	1551	1551
dumps/vmtail-state-wide-w16	x_mode_1	1	blocked_observed	034	032	3	3100	9239
dumps/vmtail-state-wide-w16	x_mode_1	1	blocked_observed	032	033	2	3433	7690
dumps/vmtail-state-wide-w16	x_mode_1	1	blocked_observed	032	007	1	11614	11614
dumps/vmtail-state-wide-w16	x_mode_1	1	blocked_observed	007	008	1	12638	12638
dumps/vmtail-state-wide-w16	x_mode_1	1	blocked_observed	008	009	1	12826	12826
dumps/vmtail-state-wide-w16	x_mode_1	1	blocked_observed	009	010	1	13020	13020
dumps/vmtail-state-wide-w16	x_mode_1	1	blocked_observed	010	025	1	14353	14353
dumps/vmtail-state-wide-w16	x_mode_1	1	blocked_observed	025	001	1	14830	14830
dumps/vmtail-state-wide-w16	x_mode_1	1	blocked_observed	001	002	1	15210	15210
dumps/vmtail-state-wide-w16	x_mode_1	1	blocked_observed	002	000	1	15287	15287
dumps/vmtail-state-wide-w16	x_mode_1	1	blocked_observed	000	029	1	16090	16090
dumps/vmtail-state-wide-w16	x_mode_1	1	blocked_observed	029	000	1	89199	89199
dumps/vmtail-state-wide-w16	x_mode_1	1	blocked_observed	000	030	1	89366	89366
dumps/vmtail-state-wide-w16	x_mode_1	1	blocked_observed	030	000	1	132119	132119
dumps/vmtail-state-wide-w16	x_mode_1	1	blocked_observed	000	002	1	132235	132235
dumps/vmtail-state-wide-w16	x_mode_1	1	blocked_observed	002	003	1	133238	133238
dumps/vmtail-state-wide-w16	x_mode_1	1	blocked_observed	003	025	1	133551	133551
dumps/vmtail-state-wide-w16	x_mode_1	1	blocked_observed	025	004	1	133742	133742
dumps/vmtail-state-wide-w16	x_mode_1	1	blocked_observed	004	005	1	134231	134231
dumps/vmtail-state-wide-w16	x_mode_1	1	blocked_observed	005	006	1	134388	134388
dumps/vmtail-state-wide-w16	x_mode_1	1	blocked_observed	006	025	1	134582	134582
dumps/vmtail-state-wide-w16	x_mode_1	1	blocked_observed	025	010	1	134843	134843
dumps/vmtail-state-wide-w16	x_mode_1	1	blocked_observed	010	042	1	135007	135007
dumps/vmtail-state-wide-w16	x_mode_1	1	blocked_observed	042	043	1	139731	139731
dumps/vmtail-state-wide-w16	x_mode_1	1	blocked_observed	043	048	1	139785	139785
dumps/vmtail-state-wide-w16	x_mode_1	1	blocked_observed	048	053	1	143140	143140
dumps/vmtail-state-wide-w16	x_mode_1	1	blocked_observed	053	054	12	143992	159517
dumps/vmtail-state-wide-w16	x_mode_1	1	blocked_observed	054	053	9	144013	159238
dumps/vmtail-state-wide-w16	x_mode_1	1	blocked_observed	054	048	1	145863	145863
dumps/vmtail-state-wide-w16	x_mode_1	1	blocked_observed	048	049	1	146098	146098
dumps/vmtail-state-wide-w16	x_mode_1	1	blocked_observed	049	043	1	146320	146320
dumps/vmtail-state-wide-w16	x_mode_1	1	blocked_observed	043	046	1	146443	146443
dumps/vmtail-state-wide-w16	x_mode_1	1	blocked_observed	046	053	1	149874	149874
dumps/vmtail-state-wide-w16	x_mode_1	1	blocked_observed	054	046	1	152596	152596
dumps/vmtail-state-wide-w16	x_mode_1	1	blocked_observed	046	047	1	152828	152828
dumps/vmtail-state-wide-w16	x_mode_1	1	blocked_observed	047	043	1	153048	153048
dumps/vmtail-state-wide-w16	x_mode_1	1	blocked_observed	043	050	1	153171	153171
dumps/vmtail-state-wide-w16	x_mode_1	1	blocked_observed	050	053	1	156865	156865
dumps/vmtail-state-wide-w16	x_mode_1	1	blocked_observed	054	050	1	159587	159587
dumps/vmtail-state-wide-w16	x_mode_1	1	blocked_observed	050	051	1	159819	159819
dumps/vmtail-state-wide-w16	x_mode_1	1	blocked_observed	051	043	1	160039	160039
dumps/vmtail-state-wide-w16	x_mode_1	1	blocked_observed	043	052	1	160163	160163
dumps/vmtail-state-wide-w16	x_mode_1	1	blocked_observed	052	043	1	163537	163537
dumps/vmtail-state-wide-w16	x_mode_1	1	blocked_observed	043	044	1	163667	163667
dumps/vmtail-state-wide-w16	x_mode_1	1	blocked_observed	044	045	1	163681	163681
dumps/vmtail-state-wide-w16	x_mode_1	1	blocked_observed	045	010	1	164201	164201
dumps/vmtail-state-wide-w16	x_mode_1	1	blocked_observed	010	055	1	164325	164325
dumps/vmtail-state-wide-w16	x_mode_1	1	blocked_observed	055	041	1	173820	173820
dumps/vmtail-wide	x_mode_1	1	blocked_observed	033	034	4	114	7803
dumps/vmtail-wide	x_mode_1	1	blocked_observed	034	033	1	1551	1551
dumps/vmtail-wide	x_mode_1	1	blocked_observed	034	032	3	3100	9239
dumps/vmtail-wide	x_mode_1	1	blocked_observed	032	033	2	3433	7690
dumps/vmtail-wide	x_mode_1	1	blocked_observed	032	007	1	11614	11614
dumps/vmtail-wide	x_mode_1	1	blocked_observed	007	008	1	12638	12638
dumps/vmtail-wide	x_mode_1	1	blocked_observed	008	009	1	12826	12826
dumps/vmtail-wide	x_mode_1	1	blocked_observed	009	010	1	13020	13020
dumps/vmtail-wide	x_mode_1	1	blocked_observed	010	025	1	14353	14353
dumps/vmtail-wide	x_mode_1	1	blocked_observed	025	001	1	14830	14830
dumps/vmtail-wide	x_mode_1	1	blocked_observed	001	002	1	15210	15210
dumps/vmtail-wide	x_mode_1	1	blocked_observed	002	000	1	15287	15287
dumps/vmtail-wide	x_mode_1	1	blocked_observed	000	029	1	16090	16090
dumps/vmtail-wide	x_mode_1	1	blocked_observed	029	000	1	89199	89199
dumps/vmtail-wide	x_mode_1	1	blocked_observed	000	030	1	89366	89366
dumps/vmtail-wide	x_mode_1	1	blocked_observed	030	000	1	132119	132119
dumps/vmtail-wide	x_mode_1	1	blocked_observed	000	002	1	132235	132235
dumps/vmtail-wide	x_mode_1	1	blocked_observed	002	003	1	133238	133238
dumps/vmtail-wide	x_mode_1	1	blocked_observed	003	025	1	133551	133551
dumps/vmtail-wide	x_mode_1	1	blocked_observed	025	004	1	133742	133742
dumps/vmtail-wide	x_mode_1	1	blocked_observed	004	005	1	134231	134231
dumps/vmtail-wide	x_mode_1	1	blocked_observed	005	006	1	134388	134388
dumps/vmtail-wide	x_mode_1	1	blocked_observed	006	025	1	134582	134582
dumps/vmtail-wide	x_mode_1	1	blocked_observed	025	010	1	134843	134843
dumps/vmtail-wide	x_mode_1	1	blocked_observed	010	042	1	135007	135007
dumps/vmtail-wide	x_mode_1	1	blocked_observed	042	043	1	139731	139731
dumps/vmtail-wide	x_mode_1	1	blocked_observed	043	048	1	139785	139785
dumps/vmtail-wide	x_mode_1	1	blocked_observed	048	053	1	143140	143140
dumps/vmtail-wide	x_mode_1	1	blocked_observed	053	054	12	143992	159517
dumps/vmtail-wide	x_mode_1	1	blocked_observed	054	053	9	144013	159238
dumps/vmtail-wide	x_mode_1	1	blocked_observed	054	048	1	145863	145863
dumps/vmtail-wide	x_mode_1	1	blocked_observed	048	049	1	146098	146098
dumps/vmtail-wide	x_mode_1	1	blocked_observed	049	043	1	146320	146320
dumps/vmtail-wide	x_mode_1	1	blocked_observed	043	046	1	146443	146443
dumps/vmtail-wide	x_mode_1	1	blocked_observed	046	053	1	149874	149874
dumps/vmtail-wide	x_mode_1	1	blocked_observed	054	046	1	152596	152596
dumps/vmtail-wide	x_mode_1	1	blocked_observed	046	047	1	152828	152828
dumps/vmtail-wide	x_mode_1	1	blocked_observed	047	043	1	153048	153048
dumps/vmtail-wide	x_mode_1	1	blocked_observed	043	050	1	153171	153171
dumps/vmtail-wide	x_mode_1	1	blocked_observed	050	053	1	156865	156865
dumps/vmtail-wide	x_mode_1	1	blocked_observed	054	050	1	159587	159587
dumps/vmtail-wide	x_mode_1	1	blocked_observed	050	051	1	159819	159819
dumps/vmtail-wide	x_mode_1	1	blocked_observed	051	043	1	160039	160039
dumps/vmtail-wide	x_mode_1	1	blocked_observed	043	052	1	160163	160163
dumps/vmtail-wide	x_mode_1	1	blocked_observed	052	043	1	163537	163537
dumps/vmtail-wide	x_mode_1	1	blocked_observed	043	044	1	163667	163667
dumps/vmtail-wide	x_mode_1	1	blocked_observed	044	045	1	163681	163681
dumps/vmtail-wide	x_mode_1	1	blocked_observed	045	010	1	164201	164201
dumps/vmtail-wide	x_mode_1	1	blocked_observed	010	055	1	164325	164325
dumps/vmtail-wide	x_mode_1	1	blocked_observed	055	041	1	173820	173820
dumps/vmtail-wide-1m	x_mode_1	1	blocked_observed	033	034	4	114	7803
dumps/vmtail-wide-1m	x_mode_1	1	blocked_observed	034	033	1	1551	1551
dumps/vmtail-wide-1m	x_mode_1	1	blocked_observed	034	032	3	3100	9239
dumps/vmtail-wide-1m	x_mode_1	1	blocked_observed	032	033	2	3433	7690
dumps/vmtail-wide-1m	x_mode_1	1	blocked_observed	032	007	1	11614	11614
dumps/vmtail-wide-1m	x_mode_1	1	blocked_observed	007	008	1	12638	12638
dumps/vmtail-wide-1m	x_mode_1	1	blocked_observed	008	009	1	12826	12826
dumps/vmtail-wide-1m	x_mode_1	1	blocked_observed	009	010	1	13020	13020
dumps/vmtail-wide-1m	x_mode_1	1	blocked_observed	010	025	1	14353	14353
dumps/vmtail-wide-1m	x_mode_1	1	blocked_observed	025	001	1	14830	14830
dumps/vmtail-wide-1m	x_mode_1	1	blocked_observed	001	002	1	15210	15210
dumps/vmtail-wide-1m	x_mode_1	1	blocked_observed	002	000	1	15287	15287
dumps/vmtail-wide-1m	x_mode_1	1	blocked_observed	000	029	1	16090	16090
dumps/vmtail-wide-1m	x_mode_1	1	blocked_observed	029	000	1	89199	89199
dumps/vmtail-wide-1m	x_mode_1	1	blocked_observed	000	030	1	89366	89366
dumps/vmtail-wide-1m	x_mode_1	1	blocked_observed	030	000	1	132119	132119
dumps/vmtail-wide-1m	x_mode_1	1	blocked_observed	000	002	1	132235	132235
dumps/vmtail-wide-1m	x_mode_1	1	blocked_observed	002	003	1	133238	133238
dumps/vmtail-wide-1m	x_mode_1	1	blocked_observed	003	025	1	133551	133551
dumps/vmtail-wide-1m	x_mode_1	1	blocked_observed	025	004	1	133742	133742
dumps/vmtail-wide-1m	x_mode_1	1	blocked_observed	004	005	1	134231	134231
dumps/vmtail-wide-1m	x_mode_1	1	blocked_observed	005	006	1	134388	134388
dumps/vmtail-wide-1m	x_mode_1	1	blocked_observed	006	025	1	134582	134582
dumps/vmtail-wide-1m	x_mode_1	1	blocked_observed	025	010	1	134843	134843
dumps/vmtail-wide-1m	x_mode_1	1	blocked_observed	010	042	1	135007	135007
dumps/vmtail-wide-1m	x_mode_1	1	blocked_observed	042	043	1	139731	139731
dumps/vmtail-wide-1m	x_mode_1	1	blocked_observed	043	048	1	139785	139785
dumps/vmtail-wide-1m	x_mode_1	1	blocked_observed	048	053	1	143140	143140
dumps/vmtail-wide-1m	x_mode_1	1	blocked_observed	053	054	12	143992	159517
dumps/vmtail-wide-1m	x_mode_1	1	blocked_observed	054	053	9	144013	159238
dumps/vmtail-wide-1m	x_mode_1	1	blocked_observed	054	048	1	145863	145863
dumps/vmtail-wide-1m	x_mode_1	1	blocked_observed	048	049	1	146098	146098
dumps/vmtail-wide-1m	x_mode_1	1	blocked_observed	049	043	1	146320	146320
dumps/vmtail-wide-1m	x_mode_1	1	blocked_observed	043	046	1	146443	146443
dumps/vmtail-wide-1m	x_mode_1	1	blocked_observed	046	053	1	149874	149874
dumps/vmtail-wide-1m	x_mode_1	1	blocked_observed	054	046	1	152596	152596
dumps/vmtail-wide-1m	x_mode_1	1	blocked_observed	046	047	1	152828	152828
dumps/vmtail-wide-1m	x_mode_1	1	blocked_observed	047	043	1	153048	153048
dumps/vmtail-wide-1m	x_mode_1	1	blocked_observed	043	050	1	153171	153171
dumps/vmtail-wide-1m	x_mode_1	1	blocked_observed	050	053	1	156865	156865
dumps/vmtail-wide-1m	x_mode_1	1	blocked_observed	054	050	1	159587	159587
dumps/vmtail-wide-1m	x_mode_1	1	blocked_observed	050	051	1	159819	159819
dumps/vmtail-wide-1m	x_mode_1	1	blocked_observed	051	043	1	160039	160039
dumps/vmtail-wide-1m	x_mode_1	1	blocked_observed	043	052	1	160163	160163
dumps/vmtail-wide-1m	x_mode_1	1	blocked_observed	052	043	1	163537	163537
dumps/vmtail-wide-1m	x_mode_1	1	blocked_observed	043	044	1	163667	163667
dumps/vmtail-wide-1m	x_mode_1	1	blocked_observed	044	045	1	163681	163681
dumps/vmtail-wide-1m	x_mode_1	1	blocked_observed	045	010	1	164201	164201
dumps/vmtail-wide-1m	x_mode_1	1	blocked_observed	010	055	1	164325	164325
dumps/vmtail-wide-1m	x_mode_1	1	blocked_observed	055	041	1	173820	173820
dumps/vmtail-wide-1m	x_mode_1	1	blocked_observed	041	055	1	676321	676321
dumps/vmtail-wide-1m	x_mode_1	1	blocked_observed	055	010	1	678581	678581
dumps/vmtail-wide-1m	x_mode_1	1	blocked_observed	010	056	1	678705	678705
dumps/vmtail-wide-1m	x_mode_1	1	blocked_observed	056	059	1	685299	685299
dumps/vmtail-wide-1m	x_mode_1	1	blocked_observed	059	060	4	691618	693418
dumps/vmtail-wide-1m	x_mode_1	1	blocked_observed	060	059	3	691639	693139
dumps/vmtail-wide-1m	x_mode_1	1	blocked_observed	060	056	1	693784	693784
dumps/vmtail-wide-1m	x_mode_1	1	blocked_observed	056	061	1	693908	693908
dumps/vmtail-wide-1m	x_mode_1	1	blocked_observed	061	062	4	700175	701975
dumps/vmtail-wide-1m	x_mode_1	1	blocked_observed	062	061	3	700196	701696
dumps/vmtail-wide-1m	x_mode_1	1	blocked_observed	062	056	1	702341	702341
dumps/vmtail-wide-1m	x_mode_1	1	blocked_observed	056	063	1	702465	702465
dumps/vmtail-wide-1m	x_mode_1	1	blocked_observed	063	064	150	707172	753177
dumps/vmtail-wide-1m	x_mode_1	1	blocked_observed	064	063	125	707193	753157
dumps/vmtail-wide-1m	x_mode_1	1	blocked_observed	064	065	25	707663	753191
dumps/vmtail-wide-1m	x_mode_1	1	blocked_observed	065	063	25	707826	753354
dumps/vmtail-wide-1m	x_mode_1	1	blocked_observed	063	065	1	753544	753544
dumps/vmtail-wide-1m	x_mode_1	1	blocked_observed	065	056	1	753910	753910
dumps/vmtail-wide-1m	x_mode_1	1	blocked_observed	056	057	1	754030	754030
dumps/vmtail-wide-1m	x_mode_1	1	blocked_observed	057	058	1	754044	754044
dumps/vmtail-wide-1m	x_mode_1	1	blocked_observed	058	010	1	754114	754114
dumps/vmtail-wide-1m	x_mode_1	1	blocked_observed	010	011	1	754192	754192
dumps/vmtail-wide-1m	x_mode_1	1	blocked_observed	011	012	1	754518	754518
dumps/vmtail-wide-1m	x_mode_1	1	blocked_observed	012	013	1	755150	755150
dumps/vmtail-wide-1m	x_mode_1	1	blocked_observed	013	014	1	755506	755506
dumps/vmtail-wide-1m	x_mode_1	1	blocked_observed	014	022	1	755584	755584
dumps/vmtail-wide-1m	x_mode_1	1	blocked_observed	022	023	1	756282	756282
dumps/vmtail-wide-1m	x_mode_1	1	blocked_observed	023	024	1	756890	756890
dumps/vmtail-wide-1m	x_mode_1	1	blocked_observed	024	014	1	757215	757215
dumps/vmtail-wide-1m	x_mode_1	1	blocked_observed	014	015	1	757457	757457
dumps/vmtail-wide-1m	x_mode_1	1	blocked_observed	015	031	1	758006	758006
dumps/vmtail-wide-1m	x_mode_1	1	blocked_observed	031	015	1	758205	758205
dumps/vmtail-wide-1m	x_mode_1	1	blocked_observed	015	016	1	758298	758298
dumps/vmtail-wide-1m	x_mode_1	1	blocked_observed	016	031	1	758388	758388
dumps/vmtail-wide-1m	x_mode_1	1	blocked_observed	031	016	1	758504	758504
dumps/vmtail-wide-1m	x_mode_1	1	blocked_observed	016	028	1	758654	758654
dumps/vmtail-wide-1m	x_mode_1	1	blocked_observed	028	016	1	759971	759971
dumps/vmtail-wide-1m	x_mode_1	1	blocked_observed	016	017	1	760050	760050
dumps/vmtail-wide-1m	x_mode_1	1	blocked_observed	017	026	1	760128	760128
dumps/vmtail-wide-1m	x_mode_1	1	blocked_observed	026	027	1	761624	761624
dumps/vmtail-wide-1m	x_mode_1	1	blocked_observed	027	017	1	761694	761694
dumps/vmtail-wide-1m	x_mode_1	1	blocked_observed	017	018	1	761773	761773
dumps/vmtail-wide-1m	x_mode_1	1	blocked_observed	018	021	1	761851	761851
dumps/vmtail-wide-1m	x_mode_1	1	blocked_observed	021	020	3	764171	764804
dumps/vmtail-wide-1m	x_mode_1	1	blocked_observed	020	021	3	764316	764973
dumps/vmtail-wide-1m	x_mode_1	1	blocked_observed	021	035	6	765167	766715
dumps/vmtail-wide-1m	x_mode_1	1	blocked_observed	035	021	5	765287	766521
dumps/vmtail-wide-1m	x_mode_1	1	blocked_observed	035	036	1	766826	766826
dumps/vmtail-wide-1m	x_mode_1	1	blocked_observed	036	021	2	766904	767187
dumps/vmtail-wide-1m	x_mode_1	1	blocked_observed	021	036	2	767066	767331
dumps/vmtail-wide-1m	x_mode_1	1	blocked_observed	036	037	1	767404	767404
dumps/vmtail-wide-1m	x_mode_1	1	blocked_observed	037	021	1	767482	767482
dumps/vmtail-wide-1m	x_mode_1	1	blocked_observed	021	037	1	767626	767626
dumps/vmtail-wide-1m	x_mode_1	1	blocked_observed	037	038	1	767705	767705
dumps/vmtail-wide-1m	x_mode_1	1	blocked_observed	038	039	1	767719	767719
dumps/vmtail-wide-1m	x_mode_1	1	blocked_observed	039	021	1	767797	767797
dumps/vmtail-wide-1m	x_mode_1	1	blocked_observed	021	039	1	767913	767913
dumps/vmtail-wide-1m	x_mode_1	1	blocked_observed	039	018	1	768088	768088
dumps/vmtail-wide-1m	x_mode_1	1	blocked_observed	018	019	1	768239	768239
dumps/vmtail-wide-1m	x_mode_1	1	blocked_observed	019	039	2	768381	768641
dumps/vmtail-wide-1m	x_mode_1	1	blocked_observed	039	019	1	768525	768525
dumps/vmtail-wide-1m	x_mode_1	1	blocked_observed	039	040	1	768708	768708
dumps/vmtail-wide-1m	x_mode_1	1	blocked_observed	040	035	1	768873	768873
dumps/vmtail-wide-1m-w16	x_mode_1	1	blocked_observed	033	034	4	114	7803
dumps/vmtail-wide-1m-w16	x_mode_1	1	blocked_observed	034	033	1	1551	1551
dumps/vmtail-wide-1m-w16	x_mode_1	1	blocked_observed	034	032	3	3100	9239
dumps/vmtail-wide-1m-w16	x_mode_1	1	blocked_observed	032	033	2	3433	7690
dumps/vmtail-wide-1m-w16	x_mode_1	1	blocked_observed	032	007	1	11614	11614
dumps/vmtail-wide-1m-w16	x_mode_1	1	blocked_observed	007	008	1	12638	12638
dumps/vmtail-wide-1m-w16	x_mode_1	1	blocked_observed	008	009	1	12826	12826
dumps/vmtail-wide-1m-w16	x_mode_1	1	blocked_observed	009	010	1	13020	13020
dumps/vmtail-wide-1m-w16	x_mode_1	1	blocked_observed	010	025	1	14353	14353
dumps/vmtail-wide-1m-w16	x_mode_1	1	blocked_observed	025	001	1	14830	14830
dumps/vmtail-wide-1m-w16	x_mode_1	1	blocked_observed	001	002	1	15210	15210
dumps/vmtail-wide-1m-w16	x_mode_1	1	blocked_observed	002	000	1	15287	15287
dumps/vmtail-wide-1m-w16	x_mode_1	1	blocked_observed	000	029	1	16090	16090
dumps/vmtail-wide-1m-w16	x_mode_1	1	blocked_observed	029	000	1	89199	89199
dumps/vmtail-wide-1m-w16	x_mode_1	1	blocked_observed	000	030	1	89366	89366
dumps/vmtail-wide-1m-w16	x_mode_1	1	blocked_observed	030	000	1	132119	132119
dumps/vmtail-wide-1m-w16	x_mode_1	1	blocked_observed	000	002	1	132235	132235
dumps/vmtail-wide-1m-w16	x_mode_1	1	blocked_observed	002	003	1	133238	133238
dumps/vmtail-wide-1m-w16	x_mode_1	1	blocked_observed	003	025	1	133551	133551
dumps/vmtail-wide-1m-w16	x_mode_1	1	blocked_observed	025	004	1	133742	133742
dumps/vmtail-wide-1m-w16	x_mode_1	1	blocked_observed	004	005	1	134231	134231
dumps/vmtail-wide-1m-w16	x_mode_1	1	blocked_observed	005	006	1	134388	134388
dumps/vmtail-wide-1m-w16	x_mode_1	1	blocked_observed	006	025	1	134582	134582
dumps/vmtail-wide-1m-w16	x_mode_1	1	blocked_observed	025	010	1	134843	134843
dumps/vmtail-wide-1m-w16	x_mode_1	1	blocked_observed	010	042	1	135007	135007
dumps/vmtail-wide-1m-w16	x_mode_1	1	blocked_observed	042	043	1	139731	139731
dumps/vmtail-wide-1m-w16	x_mode_1	1	blocked_observed	043	048	1	139785	139785
dumps/vmtail-wide-1m-w16	x_mode_1	1	blocked_observed	048	053	1	143140	143140
dumps/vmtail-wide-1m-w16	x_mode_1	1	blocked_observed	053	054	12	143992	159517
dumps/vmtail-wide-1m-w16	x_mode_1	1	blocked_observed	054	053	9	144013	159238
dumps/vmtail-wide-1m-w16	x_mode_1	1	blocked_observed	054	048	1	145863	145863
dumps/vmtail-wide-1m-w16	x_mode_1	1	blocked_observed	048	049	1	146098	146098
dumps/vmtail-wide-1m-w16	x_mode_1	1	blocked_observed	049	043	1	146320	146320
dumps/vmtail-wide-1m-w16	x_mode_1	1	blocked_observed	043	046	1	146443	146443
dumps/vmtail-wide-1m-w16	x_mode_1	1	blocked_observed	046	053	1	149874	149874
dumps/vmtail-wide-1m-w16	x_mode_1	1	blocked_observed	054	046	1	152596	152596
dumps/vmtail-wide-1m-w16	x_mode_1	1	blocked_observed	046	047	1	152828	152828
dumps/vmtail-wide-1m-w16	x_mode_1	1	blocked_observed	047	043	1	153048	153048
dumps/vmtail-wide-1m-w16	x_mode_1	1	blocked_observed	043	050	1	153171	153171
dumps/vmtail-wide-1m-w16	x_mode_1	1	blocked_observed	050	053	1	156865	156865
dumps/vmtail-wide-1m-w16	x_mode_1	1	blocked_observed	054	050	1	159587	159587
dumps/vmtail-wide-1m-w16	x_mode_1	1	blocked_observed	050	051	1	159819	159819
dumps/vmtail-wide-1m-w16	x_mode_1	1	blocked_observed	051	043	1	160039	160039
dumps/vmtail-wide-1m-w16	x_mode_1	1	blocked_observed	043	052	1	160163	160163
dumps/vmtail-wide-1m-w16	x_mode_1	1	blocked_observed	052	043	1	163537	163537
dumps/vmtail-wide-1m-w16	x_mode_1	1	blocked_observed	043	044	1	163667	163667
dumps/vmtail-wide-1m-w16	x_mode_1	1	blocked_observed	044	045	1	163681	163681
dumps/vmtail-wide-1m-w16	x_mode_1	1	blocked_observed	045	010	1	164201	164201
dumps/vmtail-wide-1m-w16	x_mode_1	1	blocked_observed	010	055	1	164325	164325
dumps/vmtail-wide-1m-w16	x_mode_1	1	blocked_observed	055	041	1	173820	173820
dumps/vmtail-wide-1m-w16	x_mode_1	1	blocked_observed	041	055	1	676321	676321
dumps/vmtail-wide-1m-w16	x_mode_1	1	blocked_observed	055	010	1	678581	678581
dumps/vmtail-wide-1m-w16	x_mode_1	1	blocked_observed	010	056	1	678705	678705
dumps/vmtail-wide-1m-w16	x_mode_1	1	blocked_observed	056	059	1	685299	685299
dumps/vmtail-wide-1m-w16	x_mode_1	1	blocked_observed	059	060	4	691618	693418
dumps/vmtail-wide-1m-w16	x_mode_1	1	blocked_observed	060	059	3	691639	693139
dumps/vmtail-wide-1m-w16	x_mode_1	1	blocked_observed	060	056	1	693784	693784
dumps/vmtail-wide-1m-w16	x_mode_1	1	blocked_observed	056	061	1	693908	693908
dumps/vmtail-wide-1m-w16	x_mode_1	1	blocked_observed	061	062	4	700175	701975
dumps/vmtail-wide-1m-w16	x_mode_1	1	blocked_observed	062	061	3	700196	701696
dumps/vmtail-wide-1m-w16	x_mode_1	1	blocked_observed	062	056	1	702341	702341
dumps/vmtail-wide-1m-w16	x_mode_1	1	blocked_observed	056	063	1	702465	702465
dumps/vmtail-wide-1m-w16	x_mode_1	1	blocked_observed	063	064	150	707172	753177
dumps/vmtail-wide-1m-w16	x_mode_1	1	blocked_observed	064	063	125	707193	753157
dumps/vmtail-wide-1m-w16	x_mode_1	1	blocked_observed	064	065	25	707663	753191
dumps/vmtail-wide-1m-w16	x_mode_1	1	blocked_observed	065	063	25	707826	753354
dumps/vmtail-wide-1m-w16	x_mode_1	1	blocked_observed	063	065	1	753544	753544
dumps/vmtail-wide-1m-w16	x_mode_1	1	blocked_observed	065	056	1	753910	753910
dumps/vmtail-wide-1m-w16	x_mode_1	1	blocked_observed	056	057	1	754030	754030
dumps/vmtail-wide-1m-w16	x_mode_1	1	blocked_observed	057	058	1	754044	754044
dumps/vmtail-wide-1m-w16	x_mode_1	1	blocked_observed	058	010	1	754114	754114
dumps/vmtail-wide-1m-w16	x_mode_1	1	blocked_observed	010	011	1	754192	754192
dumps/vmtail-wide-1m-w16	x_mode_1	1	blocked_observed	011	012	1	754518	754518
dumps/vmtail-wide-1m-w16	x_mode_1	1	blocked_observed	012	013	1	755150	755150
dumps/vmtail-wide-1m-w16	x_mode_1	1	blocked_observed	013	014	1	755506	755506
dumps/vmtail-wide-1m-w16	x_mode_1	1	blocked_observed	014	022	1	755584	755584
dumps/vmtail-wide-1m-w16	x_mode_1	1	blocked_observed	022	023	1	756282	756282
dumps/vmtail-wide-1m-w16	x_mode_1	1	blocked_observed	023	024	1	756890	756890
dumps/vmtail-wide-1m-w16	x_mode_1	1	blocked_observed	024	014	1	757215	757215
dumps/vmtail-wide-1m-w16	x_mode_1	1	blocked_observed	014	015	1	757457	757457
dumps/vmtail-wide-1m-w16	x_mode_1	1	blocked_observed	015	031	1	758006	758006
dumps/vmtail-wide-1m-w16	x_mode_1	1	blocked_observed	031	015	1	758205	758205
dumps/vmtail-wide-1m-w16	x_mode_1	1	blocked_observed	015	016	1	758298	758298
dumps/vmtail-wide-1m-w16	x_mode_1	1	blocked_observed	016	031	1	758388	758388
dumps/vmtail-wide-1m-w16	x_mode_1	1	blocked_observed	031	016	1	758504	758504
dumps/vmtail-wide-1m-w16	x_mode_1	1	blocked_observed	016	028	1	758654	758654
dumps/vmtail-wide-1m-w16	x_mode_1	1	blocked_observed	028	016	1	759971	759971
dumps/vmtail-wide-1m-w16	x_mode_1	1	blocked_observed	016	017	1	760050	760050
dumps/vmtail-wide-1m-w16	x_mode_1	1	blocked_observed	017	026	1	760128	760128
dumps/vmtail-wide-1m-w16	x_mode_1	1	blocked_observed	026	027	1	761624	761624
dumps/vmtail-wide-1m-w16	x_mode_1	1	blocked_observed	027	017	1	761694	761694
dumps/vmtail-wide-1m-w16	x_mode_1	1	blocked_observed	017	018	1	761773	761773
dumps/vmtail-wide-1m-w16	x_mode_1	1	blocked_observed	018	021	1	761851	761851
dumps/vmtail-wide-1m-w16	x_mode_1	1	blocked_observed	021	020	3	764171	764804
dumps/vmtail-wide-1m-w16	x_mode_1	1	blocked_observed	020	021	3	764316	764973
dumps/vmtail-wide-1m-w16	x_mode_1	1	blocked_observed	021	035	6	765167	766715
dumps/vmtail-wide-1m-w16	x_mode_1	1	blocked_observed	035	021	5	765287	766521
dumps/vmtail-wide-1m-w16	x_mode_1	1	blocked_observed	035	036	1	766826	766826
dumps/vmtail-wide-1m-w16	x_mode_1	1	blocked_observed	036	021	2	766904	767187
dumps/vmtail-wide-1m-w16	x_mode_1	1	blocked_observed	021	036	2	767066	767331
dumps/vmtail-wide-1m-w16	x_mode_1	1	blocked_observed	036	037	1	767404	767404
dumps/vmtail-wide-1m-w16	x_mode_1	1	blocked_observed	037	021	1	767482	767482
dumps/vmtail-wide-1m-w16	x_mode_1	1	blocked_observed	021	037	1	767626	767626
dumps/vmtail-wide-1m-w16	x_mode_1	1	blocked_observed	037	038	1	767705	767705
dumps/vmtail-wide-1m-w16	x_mode_1	1	blocked_observed	038	039	1	767719	767719
dumps/vmtail-wide-1m-w16	x_mode_1	1	blocked_observed	039	021	1	767797	767797
dumps/vmtail-wide-1m-w16	x_mode_1	1	blocked_observed	021	039	1	767913	767913
dumps/vmtail-wide-1m-w16	x_mode_1	1	blocked_observed	039	018	1	768088	768088
dumps/vmtail-wide-1m-w16	x_mode_1	1	blocked_observed	018	019	1	768239	768239
dumps/vmtail-wide-1m-w16	x_mode_1	1	blocked_observed	019	039	2	768381	768641
dumps/vmtail-wide-1m-w16	x_mode_1	1	blocked_observed	039	019	1	768525	768525
dumps/vmtail-wide-1m-w16	x_mode_1	1	blocked_observed	039	040	1	768720	768720
dumps/vmtail-wide-1m-w16	x_mode_1	1	blocked_observed	040	035	1	768885	768885
dumps/vmtail-wide-1m-w16-filefill	x_mode_1	1	blocked_observed	033	034	4	114	7803
dumps/vmtail-wide-1m-w16-filefill	x_mode_1	1	blocked_observed	034	033	1	1551	1551
dumps/vmtail-wide-1m-w16-filefill	x_mode_1	1	blocked_observed	034	032	3	3100	9239
dumps/vmtail-wide-1m-w16-filefill	x_mode_1	1	blocked_observed	032	033	2	3433	7690
dumps/vmtail-wide-1m-w16-filefill	x_mode_1	1	blocked_observed	032	007	1	11614	11614
dumps/vmtail-wide-1m-w16-filefill	x_mode_1	1	blocked_observed	007	008	1	12638	12638
dumps/vmtail-wide-1m-w16-filefill	x_mode_1	1	blocked_observed	008	009	1	12826	12826
dumps/vmtail-wide-1m-w16-filefill	x_mode_1	1	blocked_observed	009	010	1	13020	13020
dumps/vmtail-wide-1m-w16-filefill	x_mode_1	1	blocked_observed	010	025	1	14353	14353
dumps/vmtail-wide-1m-w16-filefill	x_mode_1	1	blocked_observed	025	001	1	14830	14830
dumps/vmtail-wide-1m-w16-filefill	x_mode_1	1	blocked_observed	001	002	1	15210	15210
dumps/vmtail-wide-1m-w16-filefill	x_mode_1	1	blocked_observed	002	000	1	15287	15287
dumps/vmtail-wide-1m-w16-filefill	x_mode_1	1	blocked_observed	000	029	1	16090	16090
dumps/vmtail-wide-1m-w16-filefill	x_mode_1	1	blocked_observed	029	000	1	89199	89199
dumps/vmtail-wide-1m-w16-filefill	x_mode_1	1	blocked_observed	000	030	1	89366	89366
dumps/vmtail-wide-1m-w16-filefill	x_mode_1	1	blocked_observed	030	000	1	132119	132119
dumps/vmtail-wide-1m-w16-filefill	x_mode_1	1	blocked_observed	000	002	1	132235	132235
dumps/vmtail-wide-1m-w16-filefill	x_mode_1	1	blocked_observed	002	003	1	133238	133238
dumps/vmtail-wide-1m-w16-filefill	x_mode_1	1	blocked_observed	003	025	1	133551	133551
dumps/vmtail-wide-1m-w16-filefill	x_mode_1	1	blocked_observed	025	004	1	133742	133742
dumps/vmtail-wide-1m-w16-filefill	x_mode_1	1	blocked_observed	004	005	1	134231	134231
dumps/vmtail-wide-1m-w16-filefill	x_mode_1	1	blocked_observed	005	006	1	134388	134388
dumps/vmtail-wide-1m-w16-filefill	x_mode_1	1	blocked_observed	006	025	1	134582	134582
dumps/vmtail-wide-1m-w16-filefill	x_mode_1	1	blocked_observed	025	010	1	134843	134843
dumps/vmtail-wide-1m-w16-filefill	x_mode_1	1	blocked_observed	010	042	1	135007	135007
dumps/vmtail-wide-1m-w16-filefill	x_mode_1	1	blocked_observed	042	043	1	139731	139731
dumps/vmtail-wide-1m-w16-filefill	x_mode_1	1	blocked_observed	043	048	1	139785	139785
dumps/vmtail-wide-1m-w16-filefill	x_mode_1	1	blocked_observed	048	053	1	143140	143140
dumps/vmtail-wide-1m-w16-filefill	x_mode_1	1	blocked_observed	053	054	12	143992	159517
dumps/vmtail-wide-1m-w16-filefill	x_mode_1	1	blocked_observed	054	053	9	144013	159238
dumps/vmtail-wide-1m-w16-filefill	x_mode_1	1	blocked_observed	054	048	1	145863	145863
dumps/vmtail-wide-1m-w16-filefill	x_mode_1	1	blocked_observed	048	049	1	146098	146098
dumps/vmtail-wide-1m-w16-filefill	x_mode_1	1	blocked_observed	049	043	1	146320	146320
dumps/vmtail-wide-1m-w16-filefill	x_mode_1	1	blocked_observed	043	046	1	146443	146443
dumps/vmtail-wide-1m-w16-filefill	x_mode_1	1	blocked_observed	046	053	1	149874	149874
dumps/vmtail-wide-1m-w16-filefill	x_mode_1	1	blocked_observed	054	046	1	152596	152596
dumps/vmtail-wide-1m-w16-filefill	x_mode_1	1	blocked_observed	046	047	1	152828	152828
dumps/vmtail-wide-1m-w16-filefill	x_mode_1	1	blocked_observed	047	043	1	153048	153048
dumps/vmtail-wide-1m-w16-filefill	x_mode_1	1	blocked_observed	043	050	1	153171	153171
dumps/vmtail-wide-1m-w16-filefill	x_mode_1	1	blocked_observed	050	053	1	156865	156865
dumps/vmtail-wide-1m-w16-filefill	x_mode_1	1	blocked_observed	054	050	1	159587	159587
dumps/vmtail-wide-1m-w16-filefill	x_mode_1	1	blocked_observed	050	051	1	159819	159819
dumps/vmtail-wide-1m-w16-filefill	x_mode_1	1	blocked_observed	051	043	1	160039	160039
dumps/vmtail-wide-1m-w16-filefill	x_mode_1	1	blocked_observed	043	052	1	160163	160163
dumps/vmtail-wide-1m-w16-filefill	x_mode_1	1	blocked_observed	052	043	1	163537	163537
dumps/vmtail-wide-1m-w16-filefill	x_mode_1	1	blocked_observed	043	044	1	163667	163667
dumps/vmtail-wide-1m-w16-filefill	x_mode_1	1	blocked_observed	044	045	1	163681	163681
dumps/vmtail-wide-1m-w16-filefill	x_mode_1	1	blocked_observed	045	010	1	164201	164201
dumps/vmtail-wide-1m-w16-filefill	x_mode_1	1	blocked_observed	010	055	1	164325	164325
dumps/vmtail-wide-1m-w16-filefill	x_mode_1	1	blocked_observed	055	041	1	173820	173820
dumps/vmtail-wide-1m-w16-filefill	x_mode_1	1	blocked_observed	041	055	1	676321	676321
dumps/vmtail-wide-1m-w16-filefill	x_mode_1	1	blocked_observed	055	010	1	678581	678581
dumps/vmtail-wide-1m-w16-filefill	x_mode_1	1	blocked_observed	010	056	1	678705	678705
dumps/vmtail-wide-1m-w16-filefill	x_mode_1	1	blocked_observed	056	059	1	685299	685299
dumps/vmtail-wide-1m-w16-filefill	x_mode_1	1	blocked_observed	059	060	4	691618	693418
dumps/vmtail-wide-1m-w16-filefill	x_mode_1	1	blocked_observed	060	059	3	691639	693139
dumps/vmtail-wide-1m-w16-filefill	x_mode_1	1	blocked_observed	060	056	1	693784	693784
dumps/vmtail-wide-1m-w16-filefill	x_mode_1	1	blocked_observed	056	061	1	693908	693908
dumps/vmtail-wide-1m-w16-filefill	x_mode_1	1	blocked_observed	061	062	4	700175	701975
dumps/vmtail-wide-1m-w16-filefill	x_mode_1	1	blocked_observed	062	061	3	700196	701696
dumps/vmtail-wide-1m-w16-filefill	x_mode_1	1	blocked_observed	062	056	1	702341	702341
dumps/vmtail-wide-1m-w16-filefill	x_mode_1	1	blocked_observed	056	063	1	702465	702465
dumps/vmtail-wide-1m-w16-filefill	x_mode_1	1	blocked_observed	063	064	150	707172	753177
dumps/vmtail-wide-1m-w16-filefill	x_mode_1	1	blocked_observed	064	063	125	707193	753157
dumps/vmtail-wide-1m-w16-filefill	x_mode_1	1	blocked_observed	064	065	25	707663	753191
dumps/vmtail-wide-1m-w16-filefill	x_mode_1	1	blocked_observed	065	063	25	707826	753354
dumps/vmtail-wide-1m-w16-filefill	x_mode_1	1	blocked_observed	063	065	1	753544	753544
dumps/vmtail-wide-1m-w16-filefill	x_mode_1	1	blocked_observed	065	056	1	753910	753910
dumps/vmtail-wide-1m-w16-filefill	x_mode_1	1	blocked_observed	056	057	1	754030	754030
dumps/vmtail-wide-1m-w16-filefill	x_mode_1	1	blocked_observed	057	058	1	754044	754044
dumps/vmtail-wide-1m-w16-filefill	x_mode_1	1	blocked_observed	058	010	1	754114	754114
dumps/vmtail-wide-1m-w16-filefill	x_mode_1	1	blocked_observed	010	011	1	754192	754192
dumps/vmtail-wide-1m-w16-filefill	x_mode_1	1	blocked_observed	011	012	1	754518	754518
dumps/vmtail-wide-1m-w16-filefill	x_mode_1	1	blocked_observed	012	013	1	755150	755150
dumps/vmtail-wide-1m-w16-filefill	x_mode_1	1	blocked_observed	013	014	1	755506	755506
dumps/vmtail-wide-1m-w16-filefill	x_mode_1	1	blocked_observed	014	022	1	755584	755584
dumps/vmtail-wide-1m-w16-filefill	x_mode_1	1	blocked_observed	022	023	1	756282	756282
dumps/vmtail-wide-1m-w16-filefill	x_mode_1	1	blocked_observed	023	024	1	756890	756890
dumps/vmtail-wide-1m-w16-filefill	x_mode_1	1	blocked_observed	024	014	1	757215	757215
dumps/vmtail-wide-1m-w16-filefill	x_mode_1	1	blocked_observed	014	015	1	757457	757457
dumps/vmtail-wide-1m-w16-filefill	x_mode_1	1	blocked_observed	015	031	1	758006	758006
dumps/vmtail-wide-1m-w16-filefill	x_mode_1	1	blocked_observed	031	015	1	758205	758205
dumps/vmtail-wide-1m-w16-filefill	x_mode_1	1	blocked_observed	015	016	1	758298	758298
dumps/vmtail-wide-1m-w16-filefill	x_mode_1	1	blocked_observed	016	031	1	758388	758388
dumps/vmtail-wide-1m-w16-filefill	x_mode_1	1	blocked_observed	031	016	1	758504	758504
dumps/vmtail-wide-1m-w16-filefill	x_mode_1	1	blocked_observed	016	028	1	758654	758654
dumps/vmtail-wide-1m-w16-filefill	x_mode_1	1	blocked_observed	028	016	1	759971	759971
dumps/vmtail-wide-1m-w16-filefill	x_mode_1	1	blocked_observed	016	017	1	760050	760050
dumps/vmtail-wide-1m-w16-filefill	x_mode_1	1	blocked_observed	017	026	1	760128	760128
dumps/vmtail-wide-1m-w16-filefill	x_mode_1	1	blocked_observed	026	027	1	761624	761624
dumps/vmtail-wide-1m-w16-filefill	x_mode_1	1	blocked_observed	027	017	1	761694	761694
dumps/vmtail-wide-1m-w16-filefill	x_mode_1	1	blocked_observed	017	018	1	761773	761773
dumps/vmtail-wide-1m-w16-filefill	x_mode_1	1	blocked_observed	018	021	1	761851	761851
dumps/vmtail-wide-1m-w16-filefill	x_mode_1	1	blocked_observed	021	020	3	764171	764804
dumps/vmtail-wide-1m-w16-filefill	x_mode_1	1	blocked_observed	020	021	3	764316	764973
dumps/vmtail-wide-1m-w16-filefill	x_mode_1	1	blocked_observed	021	035	6	765167	766715
dumps/vmtail-wide-1m-w16-filefill	x_mode_1	1	blocked_observed	035	021	5	765287	766521
dumps/vmtail-wide-1m-w16-filefill	x_mode_1	1	blocked_observed	035	036	1	766826	766826
dumps/vmtail-wide-1m-w16-filefill	x_mode_1	1	blocked_observed	036	021	2	766904	767187
dumps/vmtail-wide-1m-w16-filefill	x_mode_1	1	blocked_observed	021	036	2	767066	767331
dumps/vmtail-wide-1m-w16-filefill	x_mode_1	1	blocked_observed	036	037	1	767404	767404
dumps/vmtail-wide-1m-w16-filefill	x_mode_1	1	blocked_observed	037	021	1	767482	767482
dumps/vmtail-wide-1m-w16-filefill	x_mode_1	1	blocked_observed	021	037	1	767626	767626
dumps/vmtail-wide-1m-w16-filefill	x_mode_1	1	blocked_observed	037	038	1	767705	767705
dumps/vmtail-wide-1m-w16-filefill	x_mode_1	1	blocked_observed	038	039	1	767719	767719
dumps/vmtail-wide-1m-w16-filefill	x_mode_1	1	blocked_observed	039	021	1	767797	767797
dumps/vmtail-wide-1m-w16-filefill	x_mode_1	1	blocked_observed	021	039	1	767913	767913
dumps/vmtail-wide-1m-w16-filefill	x_mode_1	1	blocked_observed	039	018	1	768088	768088
dumps/vmtail-wide-1m-w16-filefill	x_mode_1	1	blocked_observed	018	019	1	768239	768239
dumps/vmtail-wide-1m-w16-filefill	x_mode_1	1	blocked_observed	019	039	2	768381	768641
dumps/vmtail-wide-1m-w16-filefill	x_mode_1	1	blocked_observed	039	019	1	768525	768525
dumps/vmtail-wide-1m-w16-filefill	x_mode_1	1	blocked_observed	039	040	1	768720	768720
dumps/vmtail-wide-1m-w16-filefill	x_mode_1	1	blocked_observed	040	035	1	768885	768885
dumps/vmtail-wide-1m-w16-filefill-hiddenfill	x_mode_1	1	blocked_observed	033	034	4	114	7803
dumps/vmtail-wide-1m-w16-filefill-hiddenfill	x_mode_1	1	blocked_observed	034	033	1	1551	1551
dumps/vmtail-wide-1m-w16-filefill-hiddenfill	x_mode_1	1	blocked_observed	034	032	3	3100	9239
dumps/vmtail-wide-1m-w16-filefill-hiddenfill	x_mode_1	1	blocked_observed	032	033	2	3433	7690
dumps/vmtail-wide-1m-w16-filefill-hiddenfill	x_mode_1	1	blocked_observed	032	007	1	11614	11614
dumps/vmtail-wide-1m-w16-filefill-hiddenfill	x_mode_1	1	blocked_observed	007	008	1	12638	12638
dumps/vmtail-wide-1m-w16-filefill-hiddenfill	x_mode_1	1	blocked_observed	008	009	1	12826	12826
dumps/vmtail-wide-1m-w16-filefill-hiddenfill	x_mode_1	1	blocked_observed	009	010	1	13020	13020
dumps/vmtail-wide-1m-w16-filefill-hiddenfill	x_mode_1	1	blocked_observed	010	025	1	14353	14353
dumps/vmtail-wide-1m-w16-filefill-hiddenfill	x_mode_1	1	blocked_observed	025	001	1	14830	14830
dumps/vmtail-wide-1m-w16-filefill-hiddenfill	x_mode_1	1	blocked_observed	001	002	1	15210	15210
dumps/vmtail-wide-1m-w16-filefill-hiddenfill	x_mode_1	1	blocked_observed	002	000	1	15287	15287
dumps/vmtail-wide-1m-w16-filefill-hiddenfill	x_mode_1	1	blocked_observed	000	029	1	16090	16090
dumps/vmtail-wide-1m-w16-filefill-hiddenfill	x_mode_1	1	blocked_observed	029	000	1	89199	89199
dumps/vmtail-wide-1m-w16-filefill-hiddenfill	x_mode_1	1	blocked_observed	000	030	1	89366	89366
dumps/vmtail-wide-1m-w16-filefill-hiddenfill	x_mode_1	1	blocked_observed	030	000	1	132119	132119
dumps/vmtail-wide-1m-w16-filefill-hiddenfill	x_mode_1	1	blocked_observed	000	002	1	132235	132235
dumps/vmtail-wide-1m-w16-filefill-hiddenfill	x_mode_1	1	blocked_observed	002	003	1	133238	133238
dumps/vmtail-wide-1m-w16-filefill-hiddenfill	x_mode_1	1	blocked_observed	003	025	1	133551	133551
dumps/vmtail-wide-1m-w16-filefill-hiddenfill	x_mode_1	1	blocked_observed	025	004	1	133742	133742
dumps/vmtail-wide-1m-w16-filefill-hiddenfill	x_mode_1	1	blocked_observed	004	005	1	134231	134231
dumps/vmtail-wide-1m-w16-filefill-hiddenfill	x_mode_1	1	blocked_observed	005	006	1	134388	134388
dumps/vmtail-wide-1m-w16-filefill-hiddenfill	x_mode_1	1	blocked_observed	006	025	1	134582	134582
dumps/vmtail-wide-1m-w16-filefill-hiddenfill	x_mode_1	1	blocked_observed	025	010	1	134843	134843
dumps/vmtail-wide-1m-w16-filefill-hiddenfill	x_mode_1	1	blocked_observed	010	042	1	135007	135007
dumps/vmtail-wide-1m-w16-filefill-hiddenfill	x_mode_1	1	blocked_observed	042	043	1	139731	139731
dumps/vmtail-wide-1m-w16-filefill-hiddenfill	x_mode_1	1	blocked_observed	043	048	1	139785	139785
dumps/vmtail-wide-1m-w16-filefill-hiddenfill	x_mode_1	1	blocked_observed	048	053	1	143140	143140
dumps/vmtail-wide-1m-w16-filefill-hiddenfill	x_mode_1	1	blocked_observed	053	054	12	143992	159517
dumps/vmtail-wide-1m-w16-filefill-hiddenfill	x_mode_1	1	blocked_observed	054	053	9	144013	159238
dumps/vmtail-wide-1m-w16-filefill-hiddenfill	x_mode_1	1	blocked_observed	054	048	1	145863	145863
dumps/vmtail-wide-1m-w16-filefill-hiddenfill	x_mode_1	1	blocked_observed	048	049	1	146098	146098
dumps/vmtail-wide-1m-w16-filefill-hiddenfill	x_mode_1	1	blocked_observed	049	043	1	146320	146320
dumps/vmtail-wide-1m-w16-filefill-hiddenfill	x_mode_1	1	blocked_observed	043	046	1	146443	146443
dumps/vmtail-wide-1m-w16-filefill-hiddenfill	x_mode_1	1	blocked_observed	046	053	1	149874	149874
dumps/vmtail-wide-1m-w16-filefill-hiddenfill	x_mode_1	1	blocked_observed	054	046	1	152596	152596
dumps/vmtail-wide-1m-w16-filefill-hiddenfill	x_mode_1	1	blocked_observed	046	047	1	152828	152828
dumps/vmtail-wide-1m-w16-filefill-hiddenfill	x_mode_1	1	blocked_observed	047	043	1	153048	153048
dumps/vmtail-wide-1m-w16-filefill-hiddenfill	x_mode_1	1	blocked_observed	043	050	1	153171	153171
dumps/vmtail-wide-1m-w16-filefill-hiddenfill	x_mode_1	1	blocked_observed	050	053	1	156865	156865
dumps/vmtail-wide-1m-w16-filefill-hiddenfill	x_mode_1	1	blocked_observed	054	050	1	159587	159587
dumps/vmtail-wide-1m-w16-filefill-hiddenfill	x_mode_1	1	blocked_observed	050	051	1	159819	159819
dumps/vmtail-wide-1m-w16-filefill-hiddenfill	x_mode_1	1	blocked_observed	051	043	1	160039	160039
dumps/vmtail-wide-1m-w16-filefill-hiddenfill	x_mode_1	1	blocked_observed	043	052	1	160163	160163
dumps/vmtail-wide-1m-w16-filefill-hiddenfill	x_mode_1	1	blocked_observed	052	043	1	163537	163537
dumps/vmtail-wide-1m-w16-filefill-hiddenfill	x_mode_1	1	blocked_observed	043	044	1	163667	163667
dumps/vmtail-wide-1m-w16-filefill-hiddenfill	x_mode_1	1	blocked_observed	044	045	1	163681	163681
dumps/vmtail-wide-1m-w16-filefill-hiddenfill	x_mode_1	1	blocked_observed	045	010	1	164201	164201
dumps/vmtail-wide-1m-w16-filefill-hiddenfill	x_mode_1	1	blocked_observed	010	055	1	164325	164325
dumps/vmtail-wide-1m-w16-filefill-hiddenfill	x_mode_1	1	blocked_observed	055	041	1	173820	173820
dumps/vmtail-wide-1m-w16-filefill-hiddenfill	x_mode_1	1	blocked_observed	041	055	1	676321	676321
dumps/vmtail-wide-1m-w16-filefill-hiddenfill	x_mode_1	1	blocked_observed	055	010	1	678581	678581
dumps/vmtail-wide-1m-w16-filefill-hiddenfill	x_mode_1	1	blocked_observed	010	056	1	678705	678705
dumps/vmtail-wide-1m-w16-filefill-hiddenfill	x_mode_1	1	blocked_observed	056	059	1	685299	685299
dumps/vmtail-wide-1m-w16-filefill-hiddenfill	x_mode_1	1	blocked_observed	059	060	4	691618	693418
dumps/vmtail-wide-1m-w16-filefill-hiddenfill	x_mode_1	1	blocked_observed	060	059	3	691639	693139
dumps/vmtail-wide-1m-w16-filefill-hiddenfill	x_mode_1	1	blocked_observed	060	056	1	693784	693784
dumps/vmtail-wide-1m-w16-filefill-hiddenfill	x_mode_1	1	blocked_observed	056	061	1	693908	693908
dumps/vmtail-wide-1m-w16-filefill-hiddenfill	x_mode_1	1	blocked_observed	061	062	4	700175	701975
dumps/vmtail-wide-1m-w16-filefill-hiddenfill	x_mode_1	1	blocked_observed	062	061	3	700196	701696
dumps/vmtail-wide-1m-w16-filefill-hiddenfill	x_mode_1	1	blocked_observed	062	056	1	702341	702341
dumps/vmtail-wide-1m-w16-filefill-hiddenfill	x_mode_1	1	blocked_observed	056	063	1	702465	702465
dumps/vmtail-wide-1m-w16-filefill-hiddenfill	x_mode_1	1	blocked_observed	063	064	150	707172	753177
dumps/vmtail-wide-1m-w16-filefill-hiddenfill	x_mode_1	1	blocked_observed	064	063	125	707193	753157
dumps/vmtail-wide-1m-w16-filefill-hiddenfill	x_mode_1	1	blocked_observed	064	065	25	707663	753191
dumps/vmtail-wide-1m-w16-filefill-hiddenfill	x_mode_1	1	blocked_observed	065	063	25	707826	753354
dumps/vmtail-wide-1m-w16-filefill-hiddenfill	x_mode_1	1	blocked_observed	063	065	1	753544	753544
dumps/vmtail-wide-1m-w16-filefill-hiddenfill	x_mode_1	1	blocked_observed	065	056	1	753910	753910
dumps/vmtail-wide-1m-w16-filefill-hiddenfill	x_mode_1	1	blocked_observed	056	057	1	754030	754030
dumps/vmtail-wide-1m-w16-filefill-hiddenfill	x_mode_1	1	blocked_observed	057	058	1	754044	754044
dumps/vmtail-wide-1m-w16-filefill-hiddenfill	x_mode_1	1	blocked_observed	058	010	1	754114	754114
dumps/vmtail-wide-1m-w16-filefill-hiddenfill	x_mode_1	1	blocked_observed	010	011	1	754192	754192
dumps/vmtail-wide-1m-w16-filefill-hiddenfill	x_mode_1	1	blocked_observed	011	012	1	754518	754518
dumps/vmtail-wide-1m-w16-filefill-hiddenfill	x_mode_1	1	blocked_observed	012	013	1	755150	755150
dumps/vmtail-wide-1m-w16-filefill-hiddenfill	x_mode_1	1	blocked_observed	013	014	1	755506	755506
dumps/vmtail-wide-1m-w16-filefill-hiddenfill	x_mode_1	1	blocked_observed	014	022	1	755584	755584
dumps/vmtail-wide-1m-w16-filefill-hiddenfill	x_mode_1	1	blocked_observed	022	023	1	756282	756282
dumps/vmtail-wide-1m-w16-filefill-hiddenfill	x_mode_1	1	blocked_observed	023	024	1	756890	756890
dumps/vmtail-wide-1m-w16-filefill-hiddenfill	x_mode_1	1	blocked_observed	024	014	1	757215	757215
dumps/vmtail-wide-1m-w16-filefill-hiddenfill	x_mode_1	1	blocked_observed	014	015	1	757457	757457
dumps/vmtail-wide-1m-w16-filefill-hiddenfill	x_mode_1	1	blocked_observed	015	031	1	758006	758006
dumps/vmtail-wide-1m-w16-filefill-hiddenfill	x_mode_1	1	blocked_observed	031	015	1	758205	758205
dumps/vmtail-wide-1m-w16-filefill-hiddenfill	x_mode_1	1	blocked_observed	015	016	1	758298	758298
dumps/vmtail-wide-1m-w16-filefill-hiddenfill	x_mode_1	1	blocked_observed	016	031	1	758388	758388
dumps/vmtail-wide-1m-w16-filefill-hiddenfill	x_mode_1	1	blocked_observed	031	016	1	758504	758504
dumps/vmtail-wide-1m-w16-filefill-hiddenfill	x_mode_1	1	blocked_observed	016	028	1	758654	758654
dumps/vmtail-wide-1m-w16-filefill-hiddenfill	x_mode_1	1	blocked_observed	028	016	1	759971	759971
dumps/vmtail-wide-1m-w16-filefill-hiddenfill	x_mode_1	1	blocked_observed	016	017	1	760050	760050
dumps/vmtail-wide-1m-w16-filefill-hiddenfill	x_mode_1	1	blocked_observed	017	026	1	760128	760128
dumps/vmtail-wide-1m-w16-filefill-hiddenfill	x_mode_1	1	blocked_observed	026	027	1	761624	761624
dumps/vmtail-wide-1m-w16-filefill-hiddenfill	x_mode_1	1	blocked_observed	027	017	1	761694	761694
dumps/vmtail-wide-1m-w16-filefill-hiddenfill	x_mode_1	1	blocked_observed	017	018	1	761773	761773
dumps/vmtail-wide-1m-w16-filefill-hiddenfill	x_mode_1	1	blocked_observed	018	021	1	761851	761851
dumps/vmtail-wide-1m-w16-filefill-hiddenfill	x_mode_1	1	blocked_observed	021	020	3	764171	764804
dumps/vmtail-wide-1m-w16-filefill-hiddenfill	x_mode_1	1	blocked_observed	020	021	3	764316	764973
dumps/vmtail-wide-1m-w16-filefill-hiddenfill	x_mode_1	1	blocked_observed	021	035	6	765167	766715
dumps/vmtail-wide-1m-w16-filefill-hiddenfill	x_mode_1	1	blocked_observed	035	021	5	765287	766521
dumps/vmtail-wide-1m-w16-filefill-hiddenfill	x_mode_1	1	blocked_observed	035	036	1	766826	766826
dumps/vmtail-wide-1m-w16-filefill-hiddenfill	x_mode_1	1	blocked_observed	036	021	2	766904	767187
dumps/vmtail-wide-1m-w16-filefill-hiddenfill	x_mode_1	1	blocked_observed	021	036	2	767066	767331
dumps/vmtail-wide-1m-w16-filefill-hiddenfill	x_mode_1	1	blocked_observed	036	037	1	767404	767404
dumps/vmtail-wide-1m-w16-filefill-hiddenfill	x_mode_1	1	blocked_observed	037	021	1	767482	767482
dumps/vmtail-wide-1m-w16-filefill-hiddenfill	x_mode_1	1	blocked_observed	021	037	1	767626	767626
dumps/vmtail-wide-1m-w16-filefill-hiddenfill	x_mode_1	1	blocked_observed	037	038	1	767705	767705
dumps/vmtail-wide-1m-w16-filefill-hiddenfill	x_mode_1	1	blocked_observed	038	039	1	767719	767719
dumps/vmtail-wide-1m-w16-filefill-hiddenfill	x_mode_1	1	blocked_observed	039	021	1	767797	767797
dumps/vmtail-wide-1m-w16-filefill-hiddenfill	x_mode_1	1	blocked_observed	021	039	1	767913	767913
dumps/vmtail-wide-1m-w16-filefill-hiddenfill	x_mode_1	1	blocked_observed	039	018	1	768088	768088
dumps/vmtail-wide-1m-w16-filefill-hiddenfill	x_mode_1	1	blocked_observed	018	019	1	768239	768239
dumps/vmtail-wide-1m-w16-filefill-hiddenfill	x_mode_1	1	blocked_observed	019	039	2	768381	768641
dumps/vmtail-wide-1m-w16-filefill-hiddenfill	x_mode_1	1	blocked_observed	039	019	1	768525	768525
dumps/vmtail-wide-1m-w16-filefill-hiddenfill	x_mode_1	1	blocked_observed	039	040	1	768720	768720
dumps/vmtail-wide-1m-w16-filefill-hiddenfill	x_mode_1	1	blocked_observed	040	035	1	768885	768885
dumps/vmtail-wide-1m-w16-filefill-hiddenfill-frontierfill	x_mode_1	1	blocked_observed	033	034	4	114	7803
dumps/vmtail-wide-1m-w16-filefill-hiddenfill-frontierfill	x_mode_1	1	blocked_observed	034	033	1	1551	1551
dumps/vmtail-wide-1m-w16-filefill-hiddenfill-frontierfill	x_mode_1	1	blocked_observed	034	032	3	3100	9239
dumps/vmtail-wide-1m-w16-filefill-hiddenfill-frontierfill	x_mode_1	1	blocked_observed	032	033	2	3433	7690
dumps/vmtail-wide-1m-w16-filefill-hiddenfill-frontierfill	x_mode_1	1	blocked_observed	032	007	1	11614	11614
dumps/vmtail-wide-1m-w16-filefill-hiddenfill-frontierfill	x_mode_1	1	blocked_observed	007	008	1	12638	12638
dumps/vmtail-wide-1m-w16-filefill-hiddenfill-frontierfill	x_mode_1	1	blocked_observed	008	009	1	12826	12826
dumps/vmtail-wide-1m-w16-filefill-hiddenfill-frontierfill	x_mode_1	1	blocked_observed	009	010	1	13020	13020
dumps/vmtail-wide-1m-w16-filefill-hiddenfill-frontierfill	x_mode_1	1	blocked_observed	010	025	1	14353	14353
dumps/vmtail-wide-1m-w16-filefill-hiddenfill-frontierfill	x_mode_1	1	blocked_observed	025	001	1	14830	14830
dumps/vmtail-wide-1m-w16-filefill-hiddenfill-frontierfill	x_mode_1	1	blocked_observed	001	002	1	15210	15210
dumps/vmtail-wide-1m-w16-filefill-hiddenfill-frontierfill	x_mode_1	1	blocked_observed	002	000	1	15287	15287
dumps/vmtail-wide-1m-w16-filefill-hiddenfill-frontierfill	x_mode_1	1	blocked_observed	000	029	1	16090	16090
dumps/vmtail-wide-1m-w16-filefill-hiddenfill-frontierfill	x_mode_1	1	blocked_observed	029	000	1	89199	89199
dumps/vmtail-wide-1m-w16-filefill-hiddenfill-frontierfill	x_mode_1	1	blocked_observed	000	030	1	89366	89366
dumps/vmtail-wide-1m-w16-filefill-hiddenfill-frontierfill	x_mode_1	1	blocked_observed	030	000	1	132119	132119
dumps/vmtail-wide-1m-w16-filefill-hiddenfill-frontierfill	x_mode_1	1	blocked_observed	000	002	1	132235	132235
dumps/vmtail-wide-1m-w16-filefill-hiddenfill-frontierfill	x_mode_1	1	blocked_observed	002	003	1	133238	133238
dumps/vmtail-wide-1m-w16-filefill-hiddenfill-frontierfill	x_mode_1	1	blocked_observed	003	025	1	133551	133551
dumps/vmtail-wide-1m-w16-filefill-hiddenfill-frontierfill	x_mode_1	1	blocked_observed	025	004	1	133742	133742
dumps/vmtail-wide-1m-w16-filefill-hiddenfill-frontierfill	x_mode_1	1	blocked_observed	004	005	1	134231	134231
dumps/vmtail-wide-1m-w16-filefill-hiddenfill-frontierfill	x_mode_1	1	blocked_observed	005	006	1	134388	134388
dumps/vmtail-wide-1m-w16-filefill-hiddenfill-frontierfill	x_mode_1	1	blocked_observed	006	025	1	134582	134582
dumps/vmtail-wide-1m-w16-filefill-hiddenfill-frontierfill	x_mode_1	1	blocked_observed	025	010	1	134843	134843
dumps/vmtail-wide-1m-w16-filefill-hiddenfill-frontierfill	x_mode_1	1	blocked_observed	010	042	1	135007	135007
dumps/vmtail-wide-1m-w16-filefill-hiddenfill-frontierfill	x_mode_1	1	blocked_observed	042	043	1	139731	139731
dumps/vmtail-wide-1m-w16-filefill-hiddenfill-frontierfill	x_mode_1	1	blocked_observed	043	048	1	139785	139785
dumps/vmtail-wide-1m-w16-filefill-hiddenfill-frontierfill	x_mode_1	1	blocked_observed	048	053	1	143140	143140
dumps/vmtail-wide-1m-w16-filefill-hiddenfill-frontierfill	x_mode_1	1	blocked_observed	053	054	12	143992	159517
dumps/vmtail-wide-1m-w16-filefill-hiddenfill-frontierfill	x_mode_1	1	blocked_observed	054	053	9	144013	159238
dumps/vmtail-wide-1m-w16-filefill-hiddenfill-frontierfill	x_mode_1	1	blocked_observed	054	048	1	145863	145863
dumps/vmtail-wide-1m-w16-filefill-hiddenfill-frontierfill	x_mode_1	1	blocked_observed	048	049	1	146098	146098
dumps/vmtail-wide-1m-w16-filefill-hiddenfill-frontierfill	x_mode_1	1	blocked_observed	049	043	1	146320	146320
dumps/vmtail-wide-1m-w16-filefill-hiddenfill-frontierfill	x_mode_1	1	blocked_observed	043	046	1	146443	146443
dumps/vmtail-wide-1m-w16-filefill-hiddenfill-frontierfill	x_mode_1	1	blocked_observed	046	053	1	149874	149874
dumps/vmtail-wide-1m-w16-filefill-hiddenfill-frontierfill	x_mode_1	1	blocked_observed	054	046	1	152596	152596
dumps/vmtail-wide-1m-w16-filefill-hiddenfill-frontierfill	x_mode_1	1	blocked_observed	046	047	1	152828	152828
dumps/vmtail-wide-1m-w16-filefill-hiddenfill-frontierfill	x_mode_1	1	blocked_observed	047	043	1	153048	153048
dumps/vmtail-wide-1m-w16-filefill-hiddenfill-frontierfill	x_mode_1	1	blocked_observed	043	050	1	153171	153171
dumps/vmtail-wide-1m-w16-filefill-hiddenfill-frontierfill	x_mode_1	1	blocked_observed	050	053	1	156865	156865
dumps/vmtail-wide-1m-w16-filefill-hiddenfill-frontierfill	x_mode_1	1	blocked_observed	054	050	1	159587	159587
dumps/vmtail-wide-1m-w16-filefill-hiddenfill-frontierfill	x_mode_1	1	blocked_observed	050	051	1	159819	159819
dumps/vmtail-wide-1m-w16-filefill-hiddenfill-frontierfill	x_mode_1	1	blocked_observed	051	043	1	160039	160039
dumps/vmtail-wide-1m-w16-filefill-hiddenfill-frontierfill	x_mode_1	1	blocked_observed	043	052	1	160163	160163
dumps/vmtail-wide-1m-w16-filefill-hiddenfill-frontierfill	x_mode_1	1	blocked_observed	052	043	1	163537	163537
dumps/vmtail-wide-1m-w16-filefill-hiddenfill-frontierfill	x_mode_1	1	blocked_observed	043	044	1	163667	163667
dumps/vmtail-wide-1m-w16-filefill-hiddenfill-frontierfill	x_mode_1	1	blocked_observed	044	045	1	163681	163681
dumps/vmtail-wide-1m-w16-filefill-hiddenfill-frontierfill	x_mode_1	1	blocked_observed	045	010	1	164201	164201
dumps/vmtail-wide-1m-w16-filefill-hiddenfill-frontierfill	x_mode_1	1	blocked_observed	010	055	1	164325	164325
dumps/vmtail-wide-1m-w16-filefill-hiddenfill-frontierfill	x_mode_1	1	blocked_observed	055	041	1	173820	173820
dumps/vmtail-wide-1m-w16-filefill-hiddenfill-frontierfill	x_mode_1	1	blocked_observed	041	055	1	676321	676321
dumps/vmtail-wide-1m-w16-filefill-hiddenfill-frontierfill	x_mode_1	1	blocked_observed	055	010	1	678581	678581
dumps/vmtail-wide-1m-w16-filefill-hiddenfill-frontierfill	x_mode_1	1	blocked_observed	010	056	1	678705	678705
dumps/vmtail-wide-1m-w16-filefill-hiddenfill-frontierfill	x_mode_1	1	blocked_observed	056	059	1	685299	685299
dumps/vmtail-wide-1m-w16-filefill-hiddenfill-frontierfill	x_mode_1	1	blocked_observed	059	060	4	691618	693418
dumps/vmtail-wide-1m-w16-filefill-hiddenfill-frontierfill	x_mode_1	1	blocked_observed	060	059	3	691639	693139
dumps/vmtail-wide-1m-w16-filefill-hiddenfill-frontierfill	x_mode_1	1	blocked_observed	060	056	1	693784	693784
dumps/vmtail-wide-1m-w16-filefill-hiddenfill-frontierfill	x_mode_1	1	blocked_observed	056	061	1	693908	693908
dumps/vmtail-wide-1m-w16-filefill-hiddenfill-frontierfill	x_mode_1	1	blocked_observed	061	062	4	700175	701975
dumps/vmtail-wide-1m-w16-filefill-hiddenfill-frontierfill	x_mode_1	1	blocked_observed	062	061	3	700196	701696
dumps/vmtail-wide-1m-w16-filefill-hiddenfill-frontierfill	x_mode_1	1	blocked_observed	062	056	1	702341	702341
dumps/vmtail-wide-1m-w16-filefill-hiddenfill-frontierfill	x_mode_1	1	blocked_observed	056	063	1	702465	702465
dumps/vmtail-wide-1m-w16-filefill-hiddenfill-frontierfill	x_mode_1	1	blocked_observed	063	064	150	707172	753177
dumps/vmtail-wide-1m-w16-filefill-hiddenfill-frontierfill	x_mode_1	1	blocked_observed	064	063	125	707193	753157
dumps/vmtail-wide-1m-w16-filefill-hiddenfill-frontierfill	x_mode_1	1	blocked_observed	064	065	25	707663	753191
dumps/vmtail-wide-1m-w16-filefill-hiddenfill-frontierfill	x_mode_1	1	blocked_observed	065	063	25	707826	753354
dumps/vmtail-wide-1m-w16-filefill-hiddenfill-frontierfill	x_mode_1	1	blocked_observed	063	065	1	753544	753544
dumps/vmtail-wide-1m-w16-filefill-hiddenfill-frontierfill	x_mode_1	1	blocked_observed	065	056	1	753910	753910
dumps/vmtail-wide-1m-w16-filefill-hiddenfill-frontierfill	x_mode_1	1	blocked_observed	056	057	1	754030	754030
dumps/vmtail-wide-1m-w16-filefill-hiddenfill-frontierfill	x_mode_1	1	blocked_observed	057	058	1	754044	754044
dumps/vmtail-wide-1m-w16-filefill-hiddenfill-frontierfill	x_mode_1	1	blocked_observed	058	010	1	754114	754114
dumps/vmtail-wide-1m-w16-filefill-hiddenfill-frontierfill	x_mode_1	1	blocked_observed	010	011	1	754192	754192
dumps/vmtail-wide-1m-w16-filefill-hiddenfill-frontierfill	x_mode_1	1	blocked_observed	011	012	1	754518	754518
dumps/vmtail-wide-1m-w16-filefill-hiddenfill-frontierfill	x_mode_1	1	blocked_observed	012	013	1	755150	755150
dumps/vmtail-wide-1m-w16-filefill-hiddenfill-frontierfill	x_mode_1	1	blocked_observed	013	014	1	755506	755506
dumps/vmtail-wide-1m-w16-filefill-hiddenfill-frontierfill	x_mode_1	1	blocked_observed	014	022	1	755584	755584
dumps/vmtail-wide-1m-w16-filefill-hiddenfill-frontierfill	x_mode_1	1	blocked_observed	022	023	1	756282	756282
dumps/vmtail-wide-1m-w16-filefill-hiddenfill-frontierfill	x_mode_1	1	blocked_observed	023	024	1	756890	756890
dumps/vmtail-wide-1m-w16-filefill-hiddenfill-frontierfill	x_mode_1	1	blocked_observed	024	014	1	757215	757215
dumps/vmtail-wide-1m-w16-filefill-hiddenfill-frontierfill	x_mode_1	1	blocked_observed	014	015	1	757457	757457
dumps/vmtail-wide-1m-w16-filefill-hiddenfill-frontierfill	x_mode_1	1	blocked_observed	015	031	1	758006	758006
dumps/vmtail-wide-1m-w16-filefill-hiddenfill-frontierfill	x_mode_1	1	blocked_observed	031	015	1	758205	758205
dumps/vmtail-wide-1m-w16-filefill-hiddenfill-frontierfill	x_mode_1	1	blocked_observed	015	016	1	758298	758298
dumps/vmtail-wide-1m-w16-filefill-hiddenfill-frontierfill	x_mode_1	1	blocked_observed	016	031	1	758388	758388
dumps/vmtail-wide-1m-w16-filefill-hiddenfill-frontierfill	x_mode_1	1	blocked_observed	031	016	1	758504	758504
dumps/vmtail-wide-1m-w16-filefill-hiddenfill-frontierfill	x_mode_1	1	blocked_observed	016	028	1	758654	758654
dumps/vmtail-wide-1m-w16-filefill-hiddenfill-frontierfill	x_mode_1	1	blocked_observed	028	016	1	759971	759971
dumps/vmtail-wide-1m-w16-filefill-hiddenfill-frontierfill	x_mode_1	1	blocked_observed	016	017	1	760050	760050
dumps/vmtail-wide-1m-w16-filefill-hiddenfill-frontierfill	x_mode_1	1	blocked_observed	017	026	1	760128	760128
dumps/vmtail-wide-1m-w16-filefill-hiddenfill-frontierfill	x_mode_1	1	blocked_observed	026	027	1	761624	761624
dumps/vmtail-wide-1m-w16-filefill-hiddenfill-frontierfill	x_mode_1	1	blocked_observed	027	017	1	761694	761694
dumps/vmtail-wide-1m-w16-filefill-hiddenfill-frontierfill	x_mode_1	1	blocked_observed	017	018	1	761773	761773
dumps/vmtail-wide-1m-w16-filefill-hiddenfill-frontierfill	x_mode_1	1	blocked_observed	018	021	1	761851	761851
dumps/vmtail-wide-1m-w16-filefill-hiddenfill-frontierfill	x_mode_1	1	blocked_observed	021	020	3	764171	764804
dumps/vmtail-wide-1m-w16-filefill-hiddenfill-frontierfill	x_mode_1	1	blocked_observed	020	021	3	764316	764973
dumps/vmtail-wide-1m-w16-filefill-hiddenfill-frontierfill	x_mode_1	1	blocked_observed	021	035	6	765167	766715
dumps/vmtail-wide-1m-w16-filefill-hiddenfill-frontierfill	x_mode_1	1	blocked_observed	035	021	5	765287	766521
dumps/vmtail-wide-1m-w16-filefill-hiddenfill-frontierfill	x_mode_1	1	blocked_observed	035	036	1	766826	766826
dumps/vmtail-wide-1m-w16-filefill-hiddenfill-frontierfill	x_mode_1	1	blocked_observed	036	021	2	766904	767187
dumps/vmtail-wide-1m-w16-filefill-hiddenfill-frontierfill	x_mode_1	1	blocked_observed	021	036	2	767066	767331
dumps/vmtail-wide-1m-w16-filefill-hiddenfill-frontierfill	x_mode_1	1	blocked_observed	036	037	1	767404	767404
dumps/vmtail-wide-1m-w16-filefill-hiddenfill-frontierfill	x_mode_1	1	blocked_observed	037	021	1	767482	767482
dumps/vmtail-wide-1m-w16-filefill-hiddenfill-frontierfill	x_mode_1	1	blocked_observed	021	037	1	767626	767626
dumps/vmtail-wide-1m-w16-filefill-hiddenfill-frontierfill	x_mode_1	1	blocked_observed	037	038	1	767705	767705
dumps/vmtail-wide-1m-w16-filefill-hiddenfill-frontierfill	x_mode_1	1	blocked_observed	038	039	1	767719	767719
dumps/vmtail-wide-1m-w16-filefill-hiddenfill-frontierfill	x_mode_1	1	blocked_observed	039	021	1	767797	767797
dumps/vmtail-wide-1m-w16-filefill-hiddenfill-frontierfill	x_mode_1	1	blocked_observed	021	039	1	767913	767913
dumps/vmtail-wide-1m-w16-filefill-hiddenfill-frontierfill	x_mode_1	1	blocked_observed	039	018	1	768088	768088
dumps/vmtail-wide-1m-w16-filefill-hiddenfill-frontierfill	x_mode_1	1	blocked_observed	018	019	1	768239	768239
dumps/vmtail-wide-1m-w16-filefill-hiddenfill-frontierfill	x_mode_1	1	blocked_observed	019	039	2	768381	768641
dumps/vmtail-wide-1m-w16-filefill-hiddenfill-frontierfill	x_mode_1	1	blocked_observed	039	019	1	768525	768525
dumps/vmtail-wide-1m-w16-filefill-hiddenfill-frontierfill	x_mode_1	1	blocked_observed	039	040	1	768720	768720
dumps/vmtail-wide-1m-w16-filefill-hiddenfill-frontierfill	x_mode_1	1	blocked_observed	040	035	1	768885	768885
dumps/vmtail-wide-1m-w16-filefill-hiddenfill-frontierfill-footprintfill	x_mode_1	1	blocked_observed	033	034	4	114	7803
dumps/vmtail-wide-1m-w16-filefill-hiddenfill-frontierfill-footprintfill	x_mode_1	1	blocked_observed	034	033	1	1551	1551
dumps/vmtail-wide-1m-w16-filefill-hiddenfill-frontierfill-footprintfill	x_mode_1	1	blocked_observed	034	032	3	3100	9239
dumps/vmtail-wide-1m-w16-filefill-hiddenfill-frontierfill-footprintfill	x_mode_1	1	blocked_observed	032	033	2	3433	7690
dumps/vmtail-wide-1m-w16-filefill-hiddenfill-frontierfill-footprintfill	x_mode_1	1	blocked_observed	032	007	1	11614	11614
dumps/vmtail-wide-1m-w16-filefill-hiddenfill-frontierfill-footprintfill	x_mode_1	1	blocked_observed	007	008	1	12638	12638
dumps/vmtail-wide-1m-w16-filefill-hiddenfill-frontierfill-footprintfill	x_mode_1	1	blocked_observed	008	009	1	12826	12826
dumps/vmtail-wide-1m-w16-filefill-hiddenfill-frontierfill-footprintfill	x_mode_1	1	blocked_observed	009	010	1	13020	13020
dumps/vmtail-wide-1m-w16-filefill-hiddenfill-frontierfill-footprintfill	x_mode_1	1	blocked_observed	010	025	1	14353	14353
dumps/vmtail-wide-1m-w16-filefill-hiddenfill-frontierfill-footprintfill	x_mode_1	1	blocked_observed	025	001	1	14830	14830
dumps/vmtail-wide-1m-w16-filefill-hiddenfill-frontierfill-footprintfill	x_mode_1	1	blocked_observed	001	002	1	15210	15210
dumps/vmtail-wide-1m-w16-filefill-hiddenfill-frontierfill-footprintfill	x_mode_1	1	blocked_observed	002	000	1	15287	15287
dumps/vmtail-wide-1m-w16-filefill-hiddenfill-frontierfill-footprintfill	x_mode_1	1	blocked_observed	000	029	1	16090	16090
dumps/vmtail-wide-1m-w16-filefill-hiddenfill-frontierfill-footprintfill	x_mode_1	1	blocked_observed	029	000	1	89199	89199
dumps/vmtail-wide-1m-w16-filefill-hiddenfill-frontierfill-footprintfill	x_mode_1	1	blocked_observed	000	030	1	89366	89366
dumps/vmtail-wide-1m-w16-filefill-hiddenfill-frontierfill-footprintfill	x_mode_1	1	blocked_observed	030	000	1	132119	132119
dumps/vmtail-wide-1m-w16-filefill-hiddenfill-frontierfill-footprintfill	x_mode_1	1	blocked_observed	000	002	1	132235	132235
dumps/vmtail-wide-1m-w16-filefill-hiddenfill-frontierfill-footprintfill	x_mode_1	1	blocked_observed	002	003	1	133238	133238
dumps/vmtail-wide-1m-w16-filefill-hiddenfill-frontierfill-footprintfill	x_mode_1	1	blocked_observed	003	025	1	133551	133551
dumps/vmtail-wide-1m-w16-filefill-hiddenfill-frontierfill-footprintfill	x_mode_1	1	blocked_observed	025	004	1	133742	133742
dumps/vmtail-wide-1m-w16-filefill-hiddenfill-frontierfill-footprintfill	x_mode_1	1	blocked_observed	004	005	1	134231	134231
dumps/vmtail-wide-1m-w16-filefill-hiddenfill-frontierfill-footprintfill	x_mode_1	1	blocked_observed	005	006	1	134388	134388
dumps/vmtail-wide-1m-w16-filefill-hiddenfill-frontierfill-footprintfill	x_mode_1	1	blocked_observed	006	025	1	134582	134582
dumps/vmtail-wide-1m-w16-filefill-hiddenfill-frontierfill-footprintfill	x_mode_1	1	blocked_observed	025	010	1	134843	134843
dumps/vmtail-wide-1m-w16-filefill-hiddenfill-frontierfill-footprintfill	x_mode_1	1	blocked_observed	010	042	1	135007	135007
dumps/vmtail-wide-1m-w16-filefill-hiddenfill-frontierfill-footprintfill	x_mode_1	1	blocked_observed	042	043	1	139731	139731
dumps/vmtail-wide-1m-w16-filefill-hiddenfill-frontierfill-footprintfill	x_mode_1	1	blocked_observed	043	048	1	139785	139785
dumps/vmtail-wide-1m-w16-filefill-hiddenfill-frontierfill-footprintfill	x_mode_1	1	blocked_observed	048	053	1	143140	143140
dumps/vmtail-wide-1m-w16-filefill-hiddenfill-frontierfill-footprintfill	x_mode_1	1	blocked_observed	053	054	12	143992	159517
dumps/vmtail-wide-1m-w16-filefill-hiddenfill-frontierfill-footprintfill	x_mode_1	1	blocked_observed	054	053	9	144013	159238
dumps/vmtail-wide-1m-w16-filefill-hiddenfill-frontierfill-footprintfill	x_mode_1	1	blocked_observed	054	048	1	145863	145863
dumps/vmtail-wide-1m-w16-filefill-hiddenfill-frontierfill-footprintfill	x_mode_1	1	blocked_observed	048	049	1	146098	146098
dumps/vmtail-wide-1m-w16-filefill-hiddenfill-frontierfill-footprintfill	x_mode_1	1	blocked_observed	049	043	1	146320	146320
dumps/vmtail-wide-1m-w16-filefill-hiddenfill-frontierfill-footprintfill	x_mode_1	1	blocked_observed	043	046	1	146443	146443
dumps/vmtail-wide-1m-w16-filefill-hiddenfill-frontierfill-footprintfill	x_mode_1	1	blocked_observed	046	053	1	149874	149874
dumps/vmtail-wide-1m-w16-filefill-hiddenfill-frontierfill-footprintfill	x_mode_1	1	blocked_observed	054	046	1	152596	152596
dumps/vmtail-wide-1m-w16-filefill-hiddenfill-frontierfill-footprintfill	x_mode_1	1	blocked_observed	046	047	1	152828	152828
dumps/vmtail-wide-1m-w16-filefill-hiddenfill-frontierfill-footprintfill	x_mode_1	1	blocked_observed	047	043	1	153048	153048
dumps/vmtail-wide-1m-w16-filefill-hiddenfill-frontierfill-footprintfill	x_mode_1	1	blocked_observed	043	050	1	153171	153171
dumps/vmtail-wide-1m-w16-filefill-hiddenfill-frontierfill-footprintfill	x_mode_1	1	blocked_observed	050	053	1	156865	156865
dumps/vmtail-wide-1m-w16-filefill-hiddenfill-frontierfill-footprintfill	x_mode_1	1	blocked_observed	054	050	1	159587	159587
dumps/vmtail-wide-1m-w16-filefill-hiddenfill-frontierfill-footprintfill	x_mode_1	1	blocked_observed	050	051	1	159819	159819
dumps/vmtail-wide-1m-w16-filefill-hiddenfill-frontierfill-footprintfill	x_mode_1	1	blocked_observed	051	043	1	160039	160039
dumps/vmtail-wide-1m-w16-filefill-hiddenfill-frontierfill-footprintfill	x_mode_1	1	blocked_observed	043	052	1	160163	160163
dumps/vmtail-wide-1m-w16-filefill-hiddenfill-frontierfill-footprintfill	x_mode_1	1	blocked_observed	052	043	1	163537	163537
dumps/vmtail-wide-1m-w16-filefill-hiddenfill-frontierfill-footprintfill	x_mode_1	1	blocked_observed	043	044	1	163667	163667
dumps/vmtail-wide-1m-w16-filefill-hiddenfill-frontierfill-footprintfill	x_mode_1	1	blocked_observed	044	045	1	163681	163681
dumps/vmtail-wide-1m-w16-filefill-hiddenfill-frontierfill-footprintfill	x_mode_1	1	blocked_observed	045	010	1	164201	164201
dumps/vmtail-wide-1m-w16-filefill-hiddenfill-frontierfill-footprintfill	x_mode_1	1	blocked_observed	010	055	1	164325	164325
dumps/vmtail-wide-1m-w16-filefill-hiddenfill-frontierfill-footprintfill	x_mode_1	1	blocked_observed	055	041	1	173820	173820
dumps/vmtail-wide-1m-w16-filefill-hiddenfill-frontierfill-footprintfill	x_mode_1	1	blocked_observed	041	055	1	676321	676321
dumps/vmtail-wide-1m-w16-filefill-hiddenfill-frontierfill-footprintfill	x_mode_1	1	blocked_observed	055	010	1	678581	678581
dumps/vmtail-wide-1m-w16-filefill-hiddenfill-frontierfill-footprintfill	x_mode_1	1	blocked_observed	010	056	1	678705	678705
dumps/vmtail-wide-1m-w16-filefill-hiddenfill-frontierfill-footprintfill	x_mode_1	1	blocked_observed	056	059	1	685299	685299
dumps/vmtail-wide-1m-w16-filefill-hiddenfill-frontierfill-footprintfill	x_mode_1	1	blocked_observed	059	060	4	691618	693418
dumps/vmtail-wide-1m-w16-filefill-hiddenfill-frontierfill-footprintfill	x_mode_1	1	blocked_observed	060	059	3	691639	693139
dumps/vmtail-wide-1m-w16-filefill-hiddenfill-frontierfill-footprintfill	x_mode_1	1	blocked_observed	060	056	1	693784	693784
dumps/vmtail-wide-1m-w16-filefill-hiddenfill-frontierfill-footprintfill	x_mode_1	1	blocked_observed	056	061	1	693908	693908
dumps/vmtail-wide-1m-w16-filefill-hiddenfill-frontierfill-footprintfill	x_mode_1	1	blocked_observed	061	062	4	700175	701975
dumps/vmtail-wide-1m-w16-filefill-hiddenfill-frontierfill-footprintfill	x_mode_1	1	blocked_observed	062	061	3	700196	701696
dumps/vmtail-wide-1m-w16-filefill-hiddenfill-frontierfill-footprintfill	x_mode_1	1	blocked_observed	062	056	1	702341	702341
dumps/vmtail-wide-1m-w16-filefill-hiddenfill-frontierfill-footprintfill	x_mode_1	1	blocked_observed	056	063	1	702465	702465
dumps/vmtail-wide-1m-w16-filefill-hiddenfill-frontierfill-footprintfill	x_mode_1	1	blocked_observed	063	064	150	707172	753177
dumps/vmtail-wide-1m-w16-filefill-hiddenfill-frontierfill-footprintfill	x_mode_1	1	blocked_observed	064	063	125	707193	753157
dumps/vmtail-wide-1m-w16-filefill-hiddenfill-frontierfill-footprintfill	x_mode_1	1	blocked_observed	064	065	25	707663	753191
dumps/vmtail-wide-1m-w16-filefill-hiddenfill-frontierfill-footprintfill	x_mode_1	1	blocked_observed	065	063	25	707826	753354
dumps/vmtail-wide-1m-w16-filefill-hiddenfill-frontierfill-footprintfill	x_mode_1	1	blocked_observed	063	065	1	753544	753544
dumps/vmtail-wide-1m-w16-filefill-hiddenfill-frontierfill-footprintfill	x_mode_1	1	blocked_observed	065	056	1	753910	753910
dumps/vmtail-wide-1m-w16-filefill-hiddenfill-frontierfill-footprintfill	x_mode_1	1	blocked_observed	056	057	1	754030	754030
dumps/vmtail-wide-1m-w16-filefill-hiddenfill-frontierfill-footprintfill	x_mode_1	1	blocked_observed	057	058	1	754044	754044
dumps/vmtail-wide-1m-w16-filefill-hiddenfill-frontierfill-footprintfill	x_mode_1	1	blocked_observed	058	010	1	754114	754114
dumps/vmtail-wide-1m-w16-filefill-hiddenfill-frontierfill-footprintfill	x_mode_1	1	blocked_observed	010	011	1	754192	754192
dumps/vmtail-wide-1m-w16-filefill-hiddenfill-frontierfill-footprintfill	x_mode_1	1	blocked_observed	011	012	1	754518	754518
dumps/vmtail-wide-1m-w16-filefill-hiddenfill-frontierfill-footprintfill	x_mode_1	1	blocked_observed	012	013	1	755150	755150
dumps/vmtail-wide-1m-w16-filefill-hiddenfill-frontierfill-footprintfill	x_mode_1	1	blocked_observed	013	014	1	755506	755506
dumps/vmtail-wide-1m-w16-filefill-hiddenfill-frontierfill-footprintfill	x_mode_1	1	blocked_observed	014	022	1	755584	755584
dumps/vmtail-wide-1m-w16-filefill-hiddenfill-frontierfill-footprintfill	x_mode_1	1	blocked_observed	022	023	1	756282	756282
dumps/vmtail-wide-1m-w16-filefill-hiddenfill-frontierfill-footprintfill	x_mode_1	1	blocked_observed	023	024	1	756890	756890
dumps/vmtail-wide-1m-w16-filefill-hiddenfill-frontierfill-footprintfill	x_mode_1	1	blocked_observed	024	014	1	757215	757215
dumps/vmtail-wide-1m-w16-filefill-hiddenfill-frontierfill-footprintfill	x_mode_1	1	blocked_observed	014	015	1	757457	757457
dumps/vmtail-wide-1m-w16-filefill-hiddenfill-frontierfill-footprintfill	x_mode_1	1	blocked_observed	015	031	1	758006	758006
dumps/vmtail-wide-1m-w16-filefill-hiddenfill-frontierfill-footprintfill	x_mode_1	1	blocked_observed	031	015	1	758205	758205
dumps/vmtail-wide-1m-w16-filefill-hiddenfill-frontierfill-footprintfill	x_mode_1	1	blocked_observed	015	016	1	758298	758298
dumps/vmtail-wide-1m-w16-filefill-hiddenfill-frontierfill-footprintfill	x_mode_1	1	blocked_observed	016	031	1	758388	758388
dumps/vmtail-wide-1m-w16-filefill-hiddenfill-frontierfill-footprintfill	x_mode_1	1	blocked_observed	031	016	1	758504	758504
dumps/vmtail-wide-1m-w16-filefill-hiddenfill-frontierfill-footprintfill	x_mode_1	1	blocked_observed	016	028	1	758654	758654
dumps/vmtail-wide-1m-w16-filefill-hiddenfill-frontierfill-footprintfill	x_mode_1	1	blocked_observed	028	016	1	759971	759971
dumps/vmtail-wide-1m-w16-filefill-hiddenfill-frontierfill-footprintfill	x_mode_1	1	blocked_observed	016	017	1	760050	760050
dumps/vmtail-wide-1m-w16-filefill-hiddenfill-frontierfill-footprintfill	x_mode_1	1	blocked_observed	017	026	1	760128	760128
dumps/vmtail-wide-1m-w16-filefill-hiddenfill-frontierfill-footprintfill	x_mode_1	1	blocked_observed	026	027	1	761624	761624
dumps/vmtail-wide-1m-w16-filefill-hiddenfill-frontierfill-footprintfill	x_mode_1	1	blocked_observed	027	017	1	761694	761694
dumps/vmtail-wide-1m-w16-filefill-hiddenfill-frontierfill-footprintfill	x_mode_1	1	blocked_observed	017	018	1	761773	761773
dumps/vmtail-wide-1m-w16-filefill-hiddenfill-frontierfill-footprintfill	x_mode_1	1	blocked_observed	018	021	1	761851	761851
dumps/vmtail-wide-1m-w16-filefill-hiddenfill-frontierfill-footprintfill	x_mode_1	1	blocked_observed	021	020	3	764171	764804
dumps/vmtail-wide-1m-w16-filefill-hiddenfill-frontierfill-footprintfill	x_mode_1	1	blocked_observed	020	021	3	764316	764973
dumps/vmtail-wide-1m-w16-filefill-hiddenfill-frontierfill-footprintfill	x_mode_1	1	blocked_observed	021	035	6	765167	766715
dumps/vmtail-wide-1m-w16-filefill-hiddenfill-frontierfill-footprintfill	x_mode_1	1	blocked_observed	035	021	5	765287	766521
dumps/vmtail-wide-1m-w16-filefill-hiddenfill-frontierfill-footprintfill	x_mode_1	1	blocked_observed	035	036	1	766826	766826
dumps/vmtail-wide-1m-w16-filefill-hiddenfill-frontierfill-footprintfill	x_mode_1	1	blocked_observed	036	021	2	766904	767187
dumps/vmtail-wide-1m-w16-filefill-hiddenfill-frontierfill-footprintfill	x_mode_1	1	blocked_observed	021	036	2	767066	767331
dumps/vmtail-wide-1m-w16-filefill-hiddenfill-frontierfill-footprintfill	x_mode_1	1	blocked_observed	036	037	1	767404	767404
dumps/vmtail-wide-1m-w16-filefill-hiddenfill-frontierfill-footprintfill	x_mode_1	1	blocked_observed	037	021	1	767482	767482
dumps/vmtail-wide-1m-w16-filefill-hiddenfill-frontierfill-footprintfill	x_mode_1	1	blocked_observed	021	037	1	767626	767626
dumps/vmtail-wide-1m-w16-filefill-hiddenfill-frontierfill-footprintfill	x_mode_1	1	blocked_observed	037	038	1	767705	767705
dumps/vmtail-wide-1m-w16-filefill-hiddenfill-frontierfill-footprintfill	x_mode_1	1	blocked_observed	038	039	1	767719	767719
dumps/vmtail-wide-1m-w16-filefill-hiddenfill-frontierfill-footprintfill	x_mode_1	1	blocked_observed	039	021	1	767797	767797
dumps/vmtail-wide-1m-w16-filefill-hiddenfill-frontierfill-footprintfill	x_mode_1	1	blocked_observed	021	039	1	767913	767913
dumps/vmtail-wide-1m-w16-filefill-hiddenfill-frontierfill-footprintfill	x_mode_1	1	blocked_observed	039	018	1	768088	768088
dumps/vmtail-wide-1m-w16-filefill-hiddenfill-frontierfill-footprintfill	x_mode_1	1	blocked_observed	018	019	1	768239	768239
dumps/vmtail-wide-1m-w16-filefill-hiddenfill-frontierfill-footprintfill	x_mode_1	1	blocked_observed	019	039	2	768381	768641
dumps/vmtail-wide-1m-w16-filefill-hiddenfill-frontierfill-footprintfill	x_mode_1	1	blocked_observed	039	019	1	768525	768525
dumps/vmtail-wide-1m-w16-filefill-hiddenfill-frontierfill-footprintfill	x_mode_1	1	blocked_observed	039	040	1	768720	768720
dumps/vmtail-wide-1m-w16-filefill-hiddenfill-frontierfill-footprintfill	x_mode_1	1	blocked_observed	040	035	1	768885	768885
dumps/vmtail-wide-w16	x_mode_1	1	blocked_observed	033	034	4	114	7803
dumps/vmtail-wide-w16	x_mode_1	1	blocked_observed	034	033	1	1551	1551
dumps/vmtail-wide-w16	x_mode_1	1	blocked_observed	034	032	3	3100	9239
dumps/vmtail-wide-w16	x_mode_1	1	blocked_observed	032	033	2	3433	7690
dumps/vmtail-wide-w16	x_mode_1	1	blocked_observed	032	007	1	11614	11614
dumps/vmtail-wide-w16	x_mode_1	1	blocked_observed	007	008	1	12638	12638
dumps/vmtail-wide-w16	x_mode_1	1	blocked_observed	008	009	1	12826	12826
dumps/vmtail-wide-w16	x_mode_1	1	blocked_observed	009	010	1	13020	13020
dumps/vmtail-wide-w16	x_mode_1	1	blocked_observed	010	025	1	14353	14353
dumps/vmtail-wide-w16	x_mode_1	1	blocked_observed	025	001	1	14830	14830
dumps/vmtail-wide-w16	x_mode_1	1	blocked_observed	001	002	1	15210	15210
dumps/vmtail-wide-w16	x_mode_1	1	blocked_observed	002	000	1	15287	15287
dumps/vmtail-wide-w16	x_mode_1	1	blocked_observed	000	029	1	16090	16090
dumps/vmtail-wide-w16	x_mode_1	1	blocked_observed	029	000	1	89199	89199
dumps/vmtail-wide-w16	x_mode_1	1	blocked_observed	000	030	1	89366	89366
dumps/vmtail-wide-w16	x_mode_1	1	blocked_observed	030	000	1	132119	132119
dumps/vmtail-wide-w16	x_mode_1	1	blocked_observed	000	002	1	132235	132235
dumps/vmtail-wide-w16	x_mode_1	1	blocked_observed	002	003	1	133238	133238
dumps/vmtail-wide-w16	x_mode_1	1	blocked_observed	003	025	1	133551	133551
dumps/vmtail-wide-w16	x_mode_1	1	blocked_observed	025	004	1	133742	133742
dumps/vmtail-wide-w16	x_mode_1	1	blocked_observed	004	005	1	134231	134231
dumps/vmtail-wide-w16	x_mode_1	1	blocked_observed	005	006	1	134388	134388
dumps/vmtail-wide-w16	x_mode_1	1	blocked_observed	006	025	1	134582	134582
dumps/vmtail-wide-w16	x_mode_1	1	blocked_observed	025	010	1	134843	134843
dumps/vmtail-wide-w16	x_mode_1	1	blocked_observed	010	042	1	135007	135007
dumps/vmtail-wide-w16	x_mode_1	1	blocked_observed	042	043	1	139731	139731
dumps/vmtail-wide-w16	x_mode_1	1	blocked_observed	043	048	1	139785	139785
dumps/vmtail-wide-w16	x_mode_1	1	blocked_observed	048	053	1	143140	143140
dumps/vmtail-wide-w16	x_mode_1	1	blocked_observed	053	054	12	143992	159517
dumps/vmtail-wide-w16	x_mode_1	1	blocked_observed	054	053	9	144013	159238
dumps/vmtail-wide-w16	x_mode_1	1	blocked_observed	054	048	1	145863	145863
dumps/vmtail-wide-w16	x_mode_1	1	blocked_observed	048	049	1	146098	146098
dumps/vmtail-wide-w16	x_mode_1	1	blocked_observed	049	043	1	146320	146320
dumps/vmtail-wide-w16	x_mode_1	1	blocked_observed	043	046	1	146443	146443
dumps/vmtail-wide-w16	x_mode_1	1	blocked_observed	046	053	1	149874	149874
dumps/vmtail-wide-w16	x_mode_1	1	blocked_observed	054	046	1	152596	152596
dumps/vmtail-wide-w16	x_mode_1	1	blocked_observed	046	047	1	152828	152828
dumps/vmtail-wide-w16	x_mode_1	1	blocked_observed	047	043	1	153048	153048
dumps/vmtail-wide-w16	x_mode_1	1	blocked_observed	043	050	1	153171	153171
dumps/vmtail-wide-w16	x_mode_1	1	blocked_observed	050	053	1	156865	156865
dumps/vmtail-wide-w16	x_mode_1	1	blocked_observed	054	050	1	159587	159587
dumps/vmtail-wide-w16	x_mode_1	1	blocked_observed	050	051	1	159819	159819
dumps/vmtail-wide-w16	x_mode_1	1	blocked_observed	051	043	1	160039	160039
dumps/vmtail-wide-w16	x_mode_1	1	blocked_observed	043	052	1	160163	160163
dumps/vmtail-wide-w16	x_mode_1	1	blocked_observed	052	043	1	163537	163537
dumps/vmtail-wide-w16	x_mode_1	1	blocked_observed	043	044	1	163667	163667
dumps/vmtail-wide-w16	x_mode_1	1	blocked_observed	044	045	1	163681	163681
dumps/vmtail-wide-w16	x_mode_1	1	blocked_observed	045	010	1	164201	164201
dumps/vmtail-wide-w16	x_mode_1	1	blocked_observed	010	055	1	164325	164325
dumps/vmtail-wide-w16	x_mode_1	1	blocked_observed	055	041	1	173820	173820
