site	events	target_reg	target_events	target_pct	slot_reg	slot_events	slot_pct	byte_index_reg	byte_index_events	byte_index_pct	entry_index_reg	entry_index_events	entry_index_pct	table_reg	table_events	table_pct	frame_reg	frame_events	frame_pct	top_targets
0xae32f	9696	r11	9696	100.0	r10	9696	100.0	rcx	9696	100.0							rbp	9696	100.0	215:684,43:677,307:634,297:480,172:464,18:455,196:404,199:385
0x7e7ca	8351	r11	8351	100.0	rbx	8351	100.0	r14	8351	100.0							rbp	8351	100.0	347:1136,189:682,43:480,258:415,168:385,114:330,20:314,340:309
0xc0d7b	8166	rdi	8166	100.0	r8	8166	100.0	r11	86	1.1							r10	8166	100.0	18:650,168:649,28:515,297:482,174:474,307:386,158:358,20:355
0x90893	7732	rdi	7732	100.0	r11	7732	100.0	rdx	7732	100.0							rbp	7732	100.0	66:693,185:564,199:534,158:402,268:342,20:332,287:328,18:312
0xbf886	7554	r15	7554	100.0	r8	7554	100.0	r14	7554	100.0							r11	7554	100.0	28:521,307:519,66:460,161:382,18:335,287:329,192:327,345:281
0xbf126	7506	rbx	7506	100.0	r10	7506	100.0	r11	7506	100.0	rsi	254	3.4				rbp	7506	100.0	66:480,174:428,297:389,196:327,28:291,315:291,79:276,215:270
0x9eac9	7466	rdx	7466	100.0	r11	7466	100.0	r13	7466	100.0							rbp	7466	100.0	43:650,307:487,297:480,18:374,184:365,305:363,215:324,28:323
0x7c308	7406	rsi	7406	100.0	r13	7406	100.0	r9	15	0.2				r13	17	0.2	rbp	7406	100.0	114:797,347:599,258:486,300:323,174:320,337:298,189:277,105:261
0x859f9	7189	r8	7189	100.0	r11	7189	100.0	rdx	7189	100.0	rsi	2	0.0				rbp	7189	100.0	337:574,340:510,64:477,123:464,189:451,158:359,49:267,300:262
0xa4a5e	7122	r14	7122	100.0	r8	7122	100.0	rcx	7122	100.0							rbp	7122	100.0	189:475,114:452,347:429,258:401,337:389,196:386,123:353,49:346
0xb837a	7052	rcx	7052	100.0	rdx	7052	100.0	r13	7052	100.0							rbp	7052	100.0	174:450,157:421,26:414,114:410,340:358,196:353,161:344,337:295
0xb68ff	6487	r13	6487	100.0	rcx	6487	100.0	r15	6487	100.0							rbp	6487	100.0	196:565,347:564,333:360,258:342,340:337,301:332,203:323,260:266
0xa0a9c	6207	rax	6207	100.0	r11	6207	100.0	r8	6207	100.0							rbp	6207	100.0	258:509,184:441,114:343,203:310,79:300,340:294,301:274,189:271
0x8536e	6177	r13	6177	100.0	rsi	6177	100.0	r14	14	0.2	r14	14	0.2	rsi	14	0.2	r8	6177	100.0	199:609,28:584,215:410,18:340,121:277,184:270,185:246,307:228
0x9dcab	6172	r10	6172	100.0	r15	6172	100.0										rbp	6172	100.0	168:438,203:431,347:416,337:407,172:339,220:292,332:278,64:237
0x81b7c	5310	r8	5310	100.0	rax	5310	100.0	r14	10	0.2	r14	10	0.2	rax	10	0.2	rbp	5310	100.0	26:595,347:515,258:397,199:336,220:286,340:260,18:196,28:185
0xa0068	4957	r10	4957	100.0	rdi	4957	100.0	r11	4957	100.0	rbx	406	8.2				rbp	4957	100.0	340:572,66:517,189:485,18:406,33:337,215:292,273:262,258:143
0x99026	4834	r9	4834	100.0	rcx	4834	100.0	rdi	4834	100.0							rbp	4834	100.0	66:426,258:369,18:364,189:313,201:261,185:254,199:205,64:188
0x9af16	4537	rdi	4537	100.0	rbx	4537	100.0	rsi	4537	100.0							rbp	4537	100.0	315:567,189:369,340:367,337:366,347:353,258:291,64:128,26:127
0x9ba72	4531	rsi	4531	100.0	r8	4531	100.0	r15	4531	100.0							rbp	4531	100.0	28:360,199:346,307:306,254:262,128:261,332:258,260:258,189:206
0xb0458	3696	r15	3696	100.0	r13	3696	100.0	r10	3696	100.0	r12	13	0.4	r13	7	0.2	rbp	3696	100.0	243:411,301:261,28:251,185:180,64:171,189:165,49:153,215:149
0xbdd16	3602	rcx	3602	100.0	rdi	3602	100.0	r11	3602	100.0	r8	116	3.2				rbp	3602	100.0	305:337,215:335,258:305,337:177,243:161,28:147,114:141,64:131
0x9c08c	3318	r15	3318	100.0	r8	3318	100.0	rsi	3318	100.0	rdx	2	0.1	r10	1355	40.8	rbp	3318	100.0	114:446,258:409,199:294,28:254,347:241,307:189,185:184,189:173
0xcdac7	3311	*rax	3311	100.0	rax	3311	100.0	rbx	3311	100.0							rbp	3311	100.0	169:1747,310:1562,323:1,42:1
0xb9878	3298	r12	3298	100.0	r11	3298	100.0	rcx	3298	100.0							rbp	3298	100.0	28:604,215:304,347:303,167:302,114:127,199:127,258:121,196:115
0xa1936	3283	r12	3283	100.0	r14	3283	100.0	rdi	3283	100.0							rbp	3283	100.0	297:385,258:357,315:298,52:256,347:131,300:131,346:102,66:94
0x9d961	3100	r13	3100	100.0	r8	3100	100.0	rsi	3100	100.0							rbp	3100	100.0	28:471,66:426,337:394,340:250,64:182,114:161,18:159,347:125
0x7dfbd	3024	rdi	3024	100.0	r11	3024	100.0										r10	3024	100.0	157:391,28:348,114:325,168:299,258:153,43:146,337:134,268:124
0x91e7f	2829	rdx	2829	100.0	r8	2829	100.0	rdi	2829	100.0	r11	337	11.9				rbp	2829	100.0	18:337,50:320,337:294,114:216,66:199,199:171,185:160,258:155
0x99757	2706	r8	2706	100.0	r9	2706	100.0	r14	2706	100.0							rbp	2706	100.0	185:335,215:334,172:263,350:256,64:227,307:140,43:113,340:110
0x99b3a	2666	rax	2666	100.0	r9	2666	100.0										r8	2666	100.0	66:368,18:327,28:217,337:204,347:176,215:173,258:157,340:128
0xb7bb8	2662	rax	2662	100.0	r10	2662	100.0	rcx	2662	100.0							rbp	2662	100.0	189:360,199:304,157:193,307:191,297:160,268:148,203:140,28:100
0x992ca	2632	r13	2632	100.0	rcx	2632	100.0	rdx	2632	100.0							rbp	2632	100.0	340:396,64:393,258:341,18:170,337:135,114:135,307:131,347:124
0xb497e	2612	rdi	2612	100.0	rsi	2612	100.0	r8	2612	100.0							r11	2612	100.0	28:341,297:338,199:324,172:172,347:151,307:127,189:109,258:103
0x9c3f4	2512	r13	2512	100.0	r9	2512	100.0	rcx	2512	100.0							rbp	2512	100.0	28:439,307:220,189:210,337:194,18:158,340:151,114:150,258:145
0x7ca96	2490	rcx	2490	100.0				rax	2490	100.0	r10	94	3.8				r13	2490	100.0	114:454,181:287,258:208,66:164,189:136,347:127,337:124,64:121
0xa062e	2441	r14	2441	100.0	rbx	2441	100.0	rdi	33	1.4							rbp	2441	100.0	300:326,18:276,185:265,337:265,215:259,258:111,350:71,90:69
0x8f6cf	2430	rcx	2430	100.0	r15	2430	100.0	rdi	2430	100.0							rbp	2430	100.0	337:310,333:290,215:283,307:161,208:128,43:110,28:108,340:100
0xadf29	2408	r14	2408	100.0	rcx	2408	100.0										rbp	2408	100.0	172:774,43:269,157:267,347:88,340:83,308:81,215:74,273:68
0x9bd8c	2374	r11	2374	100.0	r12	2374	100.0	r9	2374	100.0	r8	22	0.9				rbp	2374	100.0	64:342,196:278,349:264,203:139,340:111,28:107,114:106,185:87
0xb708a	2214	r12	2214	100.0	r14	2214	100.0	rcx	2214	100.0							rbp	2214	100.0	258:517,220:274,333:261,337:259,185:257,297:141,301:129,183:86
0xaaf3c	2189	rsi	2189	100.0	r14	2189	100.0	rcx	2189	100.0	r15	127	5.8				r9	2189	100.0	307:336,28:157,66:136,167:130,18:127,189:111,114:105,338:102
0x95b59	2050	r8	2050	100.0	r10	2050	100.0	rsi	2050	100.0	rdx	11	0.5				r13	2050	100.0	258:304,168:277,18:273,268:117,347:104,157:74,154:67,114:46
0xb7583	2037	r8	2037	100.0	rax	2037	100.0	rbx	2037	100.0							rbp	2037	100.0	160:538,173:396,352:374,198:324,257:124,144:95,256:94,108:92
0x7fba1	2035	rdi	2035	100.0	r8	2035	100.0	rsi	2035	100.0							rbp	2035	100.0	297:305,258:155,66:127,307:120,157:111,167:93,64:92,340:87
0xc088b	1997	rsi	1997	100.0	r13	1997	100.0	rdi	1997	100.0	r8	29	1.5				rbp	1997	100.0	28:192,157:155,114:138,66:128,168:118,258:109,64:104,337:96
0xa5886	1926	r10	1926	100.0	r14	1926	100.0				rbx	47	2.4				rbp	1926	100.0	144:597,108:400,198:301,173:159,352:151,256:132,160:129,257:57
0xbd8ad	1880	rsi	1880	100.0	r8	1880	100.0	r11	1880	100.0							r9	1880	100.0	347:266,90:256,114:256,99:256,319:256,258:93,340:73,43:69
0x82e73	1844	r8	1844	100.0	r15	1844	100.0	r12	1844	100.0							rbp	1844	100.0	144:471,198:361,257:320,108:261,160:145,173:135,352:110,256:41
0xc21c0	1775	r10	1775	100.0	r11	1775	100.0	r14	23	1.3							rbp	1775	100.0	258:350,292:257,307:104,121:84,189:81,157:77,154:71,208:66
0xadbfa	1516	r9	1516	100.0				r14	1516	100.0							rbp	1516	100.0	340:296,268:141,199:91,258:86,273:85,157:84,337:77,189:53
0x88a55	1337	r10	1337	100.0	r9	1337	100.0	r14	1337	100.0							rbp	1337	100.0	257:385,160:319,198:136,256:125,108:123,144:107,173:91,352:51
0xaeda0	1266	rcx	1266	100.0	r15	1266	100.0	rdi	1266	100.0	r10	18	1.4				rbp	1266	100.0	189:266,340:256,301:78,183:66,297:66,172:65,258:65,28:65
0xc1d46	1176	rdi	1176	100.0	rax	1176	100.0										rbp	1176	100.0	258:257,281:257,114:80,215:67,185:66,320:64,220:64,183:62
0x9f779	1120	r14	1120	100.0	rbx	1120	100.0	rdi	1120	100.0							rbp	1120	100.0	198:333,257:289,108:175,256:124,173:111,160:34,144:27,352:27
0xbada2	1113	r8	1113	100.0	r15	1113	100.0	r13	1113	100.0							rbp	1113	100.0	173:385,257:285,160:147,144:97,352:82,256:51,108:44,198:22
0xb1545	1072	r9	1072	100.0				rsi	1072	100.0	r11	14	1.3				rbp	1072	100.0	199:258,183:93,196:81,347:78,64:68,307:67,82:64,105:64
0x9b687	1069	r14	1069	100.0	r13	1069	100.0	rbx	1069	100.0							rbp	1069	100.0	196:351,322:256,337:73,185:69,333:29,43:28,340:23,66:22
0x7ecd0	1050	rdi	1050	100.0	r11	1050	100.0	r9	1050	100.0							rbp	1050	100.0	203:269,192:256,307:79,157:67,91:65,183:62,180:45,337:30
0x80d77	1003	rdx	1003	100.0	r15	1003	100.0	r9	1003	100.0							rbp	1003	100.0	256:330,257:279,160:152,144:69,173:54,108:50,352:44,198:25
0x792f5	999	r15	999	100.0	rcx	999	100.0	rdx	999	100.0							rbp	999	100.0	160:221,173:182,352:142,144:110,257:105,256:89,108:79,198:71
0x92f1f	955	rdx	955	100.0	r13	955	100.0	rcx	955	100.0							rbp	955	100.0	64:260,215:257,268:256,3:70,307:11,199:8,297:8,185:7
0xb092e	900	rax	900	100.0	r11	900	100.0	r15	900	100.0							rbp	900	100.0	160:301,108:178,352:87,257:77,173:75,256:72,198:59,144:51
0x980a9	874	rax	874	100.0	rsi	874	100.0	r9	874	100.0							rbp	874	100.0	196:78,185:77,180:76,297:71,258:69,49:67,66:66,320:64
0xc0532	860	r14	860	100.0				r11	860	100.0							rbp	860	100.0	52:303,192:76,114:73,196:44,172:30,168:28,64:22,340:20
0xbb6e3	835	r8	835	100.0	rax	835	100.0	r9	835	100.0	rcx	4	0.5				r15	835	100.0	157:256,337:132,91:77,3:67,99:64,183:50,347:40,64:18
0xad766	828	rsi	828	100.0	r10	828	100.0	r8	828	100.0							rbp	828	100.0	66:262,297:81,28:69,49:65,347:65,183:60,180:56,91:50
0x9170b	740	rdx	740	100.0	r10	740	100.0	rsi	740	100.0							rbp	740	100.0	307:271,91:68,168:65,180:58,183:48,114:32,258:18,301:16
0xbb1db	731	rsi	731	100.0	r14	731	100.0	rax	731	100.0	r8	64	8.8				rbp	731	100.0	256:130,108:123,198:120,160:116,173:78,352:61,257:59,144:44
0x9aa81	726	rdx	726	100.0	rsi	726	100.0	rcx	726	100.0							rbp	726	100.0	351:432,283:206,295:88
0x8371b	726	rcx	726	100.0	rax	726	100.0				r14	65	9.0				rbp	726	100.0	75:286,316:265,64:65,210:41,145:26,334:18,196:13,246:8
0x89839	714	rdi	714	100.0	r13	714	100.0	r10	714	100.0							rbp	714	100.0	173:147,160:134,108:102,198:75,352:71,256:68,144:62,257:55
0xad329	708	r8	708	100.0	rdi	708	100.0	rdx	708	100.0							rbp	708	100.0	297:266,28:43,337:32,199:31,114:30,237:23,18:22,340:21
0xa94a3	706	rdx	706	100.0	r13	706	100.0	r10	706	100.0							rbp	706	100.0	352:346,108:110,160:54,256:53,144:51,198:40,173:29,257:23
0x86763	697	r8	697	100.0	rax	697	100.0	r13	697	100.0				r10	697	100.0	rbp	697	100.0	108:363,256:90,198:63,144:54,160:41,352:39,257:27,173:20
0x922c1	639	r12	639	100.0	rsi	639	100.0	r13	639	100.0							rbp	639	100.0	43:102,157:76,192:42,320:41,268:37,307:34,37:29,185:28
0x9a46b	632	r9	632	100.0	rcx	632	100.0										rbp	632	100.0	114:271,333:94,340:31,268:31,203:29,18:27,64:20,157:16
0xa9cf4	619	r8	619	100.0	rdx	619	100.0	r10	619	100.0							rbp	619	100.0	297:98,320:44,28:43,199:37,157:26,196:25,258:25,70:23
0x9d692	611	rcx	611	100.0	r13	611	100.0	r11	5	0.8							rbp	611	100.0	337:37,18:35,157:33,172:32,114:31,340:27,220:27,196:26
0xb86f5	601	r13	601	100.0	r12	601	100.0	r9	601	100.0							rbp	601	100.0	171:358,165:124,354:119
0x951c0	560	rsi	560	100.0	r15	560	100.0	rax	560	100.0							rbp	560	100.0	307:67,190:64,185:48,340:29,347:29,64:23,28:23,189:21
0x8b8c9	546	rdx	546	100.0	r9	546	100.0	r13	546	100.0							rbp	546	100.0	258:42,340:41,79:34,83:32,337:32,3:28,347:27,220:27
0xc1ec2	542	rsi	542	100.0	rax	542	100.0										rbp	542	100.0	297:256,258:28,189:28,172:26,28:21,121:17,254:17,333:16
0x8cc7f	531	rax	531	100.0	r9	531	100.0										rbp	531	100.0	198:384,173:129,256:6,160:4,108:3,144:2,257:2,352:1
0x9b0c5	513	r10	513	100.0	rsi	513	100.0	r8	513	100.0							rbp	513	100.0	171:235,165:151,354:127
0x9d13d	478	rdx	478	100.0	r15	478	100.0	r10	478	100.0							rbp	478	100.0	168:44,79:38,297:30,157:30,269:29,203:25,18:23,337:22
0xb593d	476	rbx	476	100.0													r10	476	100.0	185:259,350:64,307:64,92:8,199:7,90:7,345:6,332:6
0xa2933	456	rbx	456	100.0	r11	456	100.0										rbp	456	100.0	79:75,340:66,172:65,297:64,49:64,307:21,43:14,114:13
0x9d24a	453	rax	453	100.0	r10	453	100.0	r13	453	100.0							rbp	453	100.0	215:256,189:32,337:27,347:18,114:17,64:17,66:16,258:16
0x8b6db	441	r12	441	100.0													rbp	441	100.0	49:257,260:64,330:16,28:11,66:10,300:8,239:6,301:6
0xa0dc7	437	r10	437	100.0	r13	437	100.0	rcx	437	100.0							rbp	437	100.0	297:39,18:30,199:28,185:26,43:24,333:22,268:16,66:15
0x8eb77	414	rdx	414	100.0	rdi	414	100.0	r10	414	100.0							rbp	414	100.0	350:256,291:71,317:7,18:6,254:5,297:5,122:5,281:4
0x90eb9	390	r11	390	100.0	r15	390	100.0	r12	390	100.0				r9	261	66.9	rbp	390	100.0	332:256,322:64,217:64,172:3,208:2,99:1
0xbf2d3	387	rsi	387	100.0	r9	387	100.0	r8	387	100.0							rbp	387	100.0	283:175,351:110,295:102
0x92998	384	r14	384	100.0	rsi	384	100.0	r12	384	100.0							rbp	384	100.0	108:256,144:64,257:64
0xb3799	381	rdi	381	100.0	rsi	381	100.0	rcx	381	100.0							rbp	381	100.0	258:86,260:66,333:29,168:27,215:27,185:17,307:17,189:15
0xc1923	366	r13	366	100.0													rbp	366	100.0	17:260,28:17,282:14,18:7,49:6,345:5,105:5,199:5
0xb3125	347	r12	347	100.0				rcx	347	100.0							rbp	347	100.0	269:257,292:9,105:7,48:5,330:5,79:4,56:4,254:4
0x7be98	346	r14	346	100.0	rsi	346	100.0	r15	346	100.0	rdi	1	0.3				rbp	346	100.0	300:256,185:8,220:6,83:6,140:6,28:5,90:5,30:5
0xa13d3	340	r10	340	100.0	r15	340	100.0	rdi	340	100.0							r8	340	100.0	173:257,256:71,160:4,144:4,198:2,257:2
0xc240d	334	rdx	334	100.0	r10	334	100.0	rbx	334	100.0							rbp	334	100.0	340:37,168:33,189:31,157:31,43:22,268:21,185:21,203:17
0xb540d	311	rdx	311	100.0				r10	311	100.0	r13	1	0.3				rbp	311	100.0	330:68,18:64,292:64,79:18,307:11,140:9,28:8,269:7
0xba0cc	285	rax	285	100.0													rbp	285	100.0	165:256,354:15,171:14
0x9cf2f	271	r12	271	100.0	r9	271	100.0	rcx	271	100.0							rbp	271	100.0	18:69,268:27,337:26,43:19,203:15,157:11,172:10,3:9
0x87c25	271	r14	271	100.0				r15	271	100.0	r12	2	0.7				rbp	271	100.0	171:256,165:12,354:3
0x8f248	256	r9	256	100.0	rax	256	100.0	r8	256	100.0							rbp	256	100.0	160:256
0xaeeff	250	r12	250	100.0	r11	250	100.0	rdx	24	9.6							rbp	250	100.0	347:102,297:30,114:30,18:27,337:18,215:14,189:14,258:7
0x91067	243	r11	243	100.0	rsi	243	100.0										rbp	243	100.0	347:70,64:29,28:28,340:26,337:19,297:16,215:15,18:14
0x96915	238	r12	238	100.0	r14	238	100.0	rdx	238	100.0							rbp	238	100.0	70:64,258:30,28:25,172:19,79:18,337:9,66:8,189:8
0x8129b	235	rcx	235	100.0	r13	235	100.0	r14	235	100.0							rbp	235	100.0	114:69,66:21,64:21,215:20,340:20,297:17,199:16,18:15
0xa4df4	206	r14	206	100.0	r15	206	100.0	rdx	206	100.0	rcx	1	0.5				rbp	206	100.0	352:66,198:66,144:64,108:4,173:3,160:1,256:1,257:1
0xb625a	190	r15	190	100.0	r8	190	100.0										rbp	190	100.0	258:32,28:27,66:27,64:18,43:16,157:14,196:13,114:6
0xa646d	177	r13	177	100.0	rsi	177	100.0	r14	177	100.0							rbp	177	100.0	220:66,297:9,189:9,269:9,268:8,28:7,301:7,203:7
0xbcfc5	169	r15	169	100.0	rdi	169	100.0	r11	169	100.0							rbp	169	100.0	18:68,260:14,122:12,291:9,349:6,281:6,269:4,3:4
0xb360f	165	r8	165	100.0	rsi	165	100.0	r14	165	100.0				r11	165	100.0	rbp	165	100.0	280:64,199:12,90:11,92:7,281:7,18:6,124:5,185:5
0x8bcec	158	r13	158	100.0	r9	158	100.0										rbp	158	100.0	282:67,215:8,48:7,18:7,28:6,83:6,322:5,17:4
0x8b026	145	rsi	145	100.0	r9	145	100.0										rbp	145	100.0	352:65,257:64,173:8,256:6,108:2
0x931d0	136	r11	136	100.0	r14	136	100.0	r13	136	100.0							rbp	136	100.0	215:64,99:64,217:2,199:2,172:1,300:1,146:1,347:1
0x89478	135	r8	135	100.0	r14	135	100.0	rdx	135	100.0							rbp	135	100.0	333:65,99:64,307:2,217:2,168:2
0xb84a4	123	r10	123	100.0	rdi	123	100.0										rbp	123	100.0	171:107,354:16
0x91a57	121	rdx	121	100.0	rbx	121	100.0	r11	121	100.0							rbp	121	100.0	210:37,316:21,145:16,258:14,246:12,114:12,75:6,334:2
0x8281e	119	rdx	119	100.0				r12	119	100.0							rbp	119	100.0	92:10,297:10,52:10,300:8,28:7,18:6,291:6,239:6
0x96eb1	105	r14	105	100.0	r12	105	100.0	r9	105	100.0							rbp	105	100.0	160:74,173:10,352:8,144:6,108:4,257:3
0xb2db4	86	rdx	86	100.0				r13	86	100.0							r11	86	100.0	257:66,198:7,256:5,173:4,160:4
0x9ede7	81	rax	81	100.0	rsi	81	100.0	r11	81	100.0							rbp	81	100.0	257:68,352:9,144:4
0xc80b9	74	*rax	74	100.0	rax	74	100.0	rbx	74	100.0							rbp	74	100.0	310:36,169:31,86:5,42:2
0x8c41a	74	rbx	74	100.0	rcx	74	100.0										rbp	74	100.0	173:68,160:3,144:3
0xacbc3	72	rbx	72	100.0	r14	72	100.0	r10	72	100.0							rbp	72	100.0	43:68,196:3,157:1
0xafa1d	70	rdx	70	100.0													rbp	70	100.0	171:55,354:10,165:5
0xba680	66	r15	66	100.0	rax	66	100.0	rsi	66	100.0							rbp	66	100.0	28:8,18:5,83:5,282:5,239:5,292:4,345:4,121:3
0x8df99	64	r11	64	100.0	rdi	64	100.0	r14	64	100.0							rbp	64	100.0	268:64
0x90c21	58	rax	58	100.0	r10	58	100.0	rdx	58	100.0							rbp	58	100.0	165:39,354:16,171:3
0xa81c1	48	r12	48	100.0	rax	48	100.0										rbp	48	100.0	340:17,215:14,189:10,114:7
0x78833	48	rdx	48	100.0				r12	48	100.0				rsi	14	29.2	rbp	48	100.0	144:31,257:10,108:7
0xaab67	43	r8	43	100.0	rsi	43	100.0	rcx	43	100.0							rbp	43	100.0	75:14,246:12,199:9,145:4,210:2,114:1,316:1
0xbfb96	41	r13	41	100.0	rbx	41	100.0										rbp	41	100.0	157:18,199:13,185:10
0x84e1b	36	rax	36	100.0	r11	36	100.0	rbx	36	100.0							rbp	36	100.0	157:16,307:13,66:1,200:1,297:1,28:1,253:1,337:1
0x97689	34	r11	34	100.0	r13	34	100.0	rcx	34	100.0							rbp	34	100.0	198:16,173:6,144:4,160:4,352:4
0xbec0b	33	r10	33	100.0	r13	33	100.0	r12	33	100.0							rbp	33	100.0	256:12,108:6,144:5,352:4,198:4,173:2
0xbc31d	31	r13	31	100.0	r8	31	100.0	rbx	31	100.0							rbp	31	100.0	108:18,352:13
0x9e07a	29	r8	29	100.0	rdi	29	100.0	r10	29	100.0							rbp	29	100.0	144:9,257:9,160:4,173:3,198:2,256:2
0xc1409	28	rsi	28	100.0	r13	28	100.0	rax	28	100.0							rbp	28	100.0	257:7,352:6,160:5,173:5,198:3,108:1,144:1
0x873fa	25	rsi	25	100.0	rax	25	100.0	r14	25	100.0							rbp	25	100.0	160:9,352:5,108:5,198:4,144:1,173:1
0x98351	22	r13	22	100.0				r10	22	100.0							rax	22	100.0	168:17,258:5
0x92612	19	r14	19	100.0	rsi	19	100.0	rbx	19	100.0							rbp	19	100.0	316:15,246:2,75:1,145:1
0xb4eda	17	r11	17	100.0				r15	17	100.0							rbp	17	100.0	257:17
0xacefb	17	rsi	17	100.0	r14	17	100.0	r11	17	100.0							rbp	17	100.0	198:17
0xac43d	15	r11	15	100.0	r12	15	100.0	r13	15	100.0							rbp	15	100.0	258:9,189:2,157:2,124:1,345:1
0x93f76	14	r14	14	100.0	r13	14	100.0	r12	14	100.0							rbp	14	100.0	108:8,160:4,144:1,173:1
0xab424	12	r12	12	100.0	r10	12	100.0	rsi	12	100.0							rbp	12	100.0	75:11,145:1
0x8aa11	12	r14	12	100.0				r15	12	100.0							rbp	12	100.0	257:4,108:4,256:4
0x8a49b	11	r8	11	100.0	r10	11	100.0	rcx	11	100.0							rbp	11	100.0	310:9,169:2
0xb7699	11	r12	11	100.0	r10	11	100.0										rbp	11	100.0	354:4,165:4,171:3
0x97ce3	10	r9	10	100.0	rdi	10	100.0	rbx	10	100.0							r12	10	100.0	144:5,173:5
0x9634f	9	r12	9	100.0							r13	9	100.0				rbp	9	100.0	165:6,354:3
0x855fc	9	r13	9	100.0	r8	9	100.0	r9	9	100.0							rbp	9	100.0	199:2,43:2,215:1,28:1,64:1,333:1,239:1
0xabc56	9	r9	9	100.0				r13	9	100.0							rbp	9	100.0	165:4,354:3,171:2
0xa35dd	9	r13	9	100.0				r9	9	100.0							rbp	9	100.0	171:5,165:2,354:2
0x8173b	7	rax	7	100.0	rcx	7	100.0										rbp	7	100.0	169:4,310:3
0xa3dc4	7	r14	7	100.0	rdi	7	100.0	r15	7	100.0							r9	7	100.0	258:7
0x841f6	6	r14	6	100.0	r12	6	100.0										rbp	6	100.0	108:4,160:2
0xc2d35	6	rbx	6	100.0	r10	6	100.0	r9	6	100.0							rbp	6	100.0	352:3,144:3
0xbb8a8	5	rax	5	100.0	r8	5	100.0										rbp	5	100.0	169:4,310:1
0xbe55b	5	rdx	5	100.0				rsi	5	100.0							rbp	5	100.0	354:2,171:2,165:1
0x7b3bb	5	r12	5	100.0	rcx	5	100.0	rbx	5	100.0							r9	5	100.0	256:4,257:1
0xbd36a	5	r13	5	100.0	r15	5	100.0	r8	5	100.0							rbp	5	100.0	99:3,222:1,168:1
0xa9ff7	5	r8	5	100.0				rbx	5	100.0							rbp	5	100.0	173:5
0x9e333	5	r10	5	100.0	r14	5	100.0	r8	5	100.0							rbp	5	100.0	173:5
0x937cd	4	r13	4	100.0	r9	4	100.0										rbp	4	100.0	144:4
0xb0005	4	rax	4	100.0	r15	4	100.0	rsi	4	100.0	rdi	4	100.0				rbp	4	100.0	144:4
0xa4606	4	r13	4	100.0	rax	4	100.0	rcx	4	100.0							r9	4	100.0	257:4
0xa7ef6	4	rsi	4	100.0	rdx	4	100.0	r15	4	100.0							rbp	4	100.0	198:4
0x80682	4	r15	4	100.0				rdx	4	100.0							rbp	4	100.0	108:4
0xb8fcc	4	r14	4	100.0	r12	4	100.0										rax	4	100.0	352:4
0xa5f3a	4	rdi	4	100.0	rsi	4	100.0	r13	4	100.0							rbp	4	100.0	256:4
0xc3716	4	rbx	4	100.0	rax	4	100.0	r12	4	100.0							rbp	4	100.0	108:4
0x94970	2	r13	2	100.0	r11	2	100.0	r15	2	100.0							rbp	2	100.0	198:2
0x7efa6	2	rax	2	100.0	r9	2	100.0										rbp	2	100.0	352:2
0x8009e	1	r8	1	100.0	rcx	1	100.0							r9	1	100.0	rbp	1	100.0	256:1
0xb42df	1	r12	1	100.0	rax	1	100.0	r13	1	100.0							rbp	1	100.0	160:1
0xa2da1	1	rdi	1	100.0	r12	1	100.0	r13	1	100.0							rbp	1	100.0	257:1
0x8d71b	1	rcx	1	100.0	r8	1	100.0	rax	1	100.0							rbp	1	100.0	199:1
0x8a37d	1	rdi	1	100.0	r12	1	100.0	r14	1	100.0							rbp	1	100.0	64:1
0xb3ff1	1	r9	1	100.0				rcx	1	100.0							rbp	1	100.0	239:1
0xaa87a	1	r13	1	100.0	rsi	1	100.0	r9	1	100.0							rbp	1	100.0	333:1
0x83b3d	1	r12	1	100.0	r13	1	100.0	r9	1	100.0							rbp	1	100.0	256:1
0xb944f	1	rcx	1	100.0	r9	1	100.0	r14	1	100.0							rbp	1	100.0	189:1
