source_block	source_range	target_block	target_range	class	events	unique_start_ips	top_sources	top_targets	top_deltas	byte_statuses
66	0x230122-0x2303ae	66	0x230122-0x2303ae	intra_block	44288	173	196:1792,258:1792,189:1792,168:1536,347:1536,215:1536,114:1280,199:1280	196:1792,258:1792,189:1792,168:1536,347:1536,215:1536,114:1280,199:1280	+0x4:24576,+0x3:8960,+0x5:5632,+0x2:4608,+0x6:512	exact:44288
65	0x22ffc2-0x230111	65	0x22ffc2-0x230111	intra_block	20235	90	66:1280,114:1024,307:1024,347:1024,28:1024,258:1024,337:768,340:768	66:1280,114:1024,307:1024,347:1024,28:1024,258:1024,337:768,340:768	+0x4:11525,+0x3:5378,+0x5:1538,+0x2:1538,+0x6:256	exact:20235
71	0x230e18-0x231217	71	0x230e18-0x231217	intra_block	17536	274	157:768,43:640,258:640,66:576,347:512,18:512,172:512,337:448	157:768,43:640,258:640,66:576,347:512,18:512,172:512,337:448	+0x4:8960,+0x3:3520,+0x5:2688,+0x2:2176,+0x6:192	exact:17536
70	0x230b2c-0x230e07	70	0x230b2c-0x230e07	intra_block	12416	194	307:576,114:576,258:512,28:448,66:448,347:448,189:384,18:384	307:576,114:576,258:512,28:448,66:448,347:448,189:384,18:384	+0x4:7232,+0x3:2944,+0x5:1088,+0x2:896,+0x6:256	exact:12416
69	0x230912-0x230b1b	69	0x230912-0x230b1b	intra_block	8832	138	347:512,268:448,337:448,185:384,307:384,340:320,297:320,49:256	347:512,337:448,185:384,268:384,307:384,340:320,297:320,49:256	+0x4:4352,+0x3:2048,+0x5:1216,+0x2:960,+0x6:256	exact:8832
64	0x22fe2d-0x22ffb1	64	0x22fe2d-0x22ffb1	intra_block	7242	102	258:771,172:260,199:260,43:259,337:259,185:258,297:258,203:257	258:771,172:260,199:260,43:259,337:259,185:258,297:258,203:257	+0x4:3124,+0x3:1297,+0x2:1282,+0x5:1282,+0x6:257	exact:7242
68	0x230722-0x230905	68	0x230722-0x230905	intra_block	3584	128	161:325,258:260,189:200,64:198,215:197,28:197,297:196,337:196	161:325,258:260,189:200,64:198,215:197,28:197,297:196,337:196	+0x4:2262,+0x3:1122,+0x2:67,+0x5:67,+0x6:66	exact:3584
121	0x311cad-0x311f5f	121	0x311cad-0x311f5f	intra_block	2548	182	66:182,347:112,258:112,185:98,189:98,307:98,18:98,64:98	66:182,347:112,258:112,185:98,189:98,307:98,18:98,64:98	+0x4:1554,+0x3:602,+0x2:154,+0x5:154,+0x6:84	exact:2548
122	0x311f69-0x312230	122	0x311f69-0x312230	intra_block	2485	188	258:117,337:105,28:94,307:93,64:92,215:92,340:81,172:67	258:117,337:105,28:94,307:93,64:92,215:92,340:81,172:67	+0x4:1512,+0x3:582,+0x5:169,+0x2:157,+0x6:65	exact:2485
115	0x310ef0-0x311159	115	0x310ef0-0x311159	intra_block	2282	163	297:112,307:112,258:98,28:98,337:98,340:84,347:70,189:70	297:112,307:112,258:98,28:98,337:98,340:84,347:70,189:70	+0x4:1428,+0x3:560,+0x5:126,+0x2:112,+0x6:56	exact:2282
132	0x31334b-0x3135af	132	0x31334b-0x3135af	intra_block	2106	162	64:143,258:130,307:117,161:104,196:91,297:91,185:78,340:78	64:143,258:130,307:117,161:104,196:91,297:91,185:78,340:78	+0x4:1326,+0x3:520,+0x2:104,+0x5:104,+0x6:52	exact:2106
135	0x3139de-0x313c42	135	0x3139de-0x313c42	intra_block	2106	162	337:130,18:130,258:104,28:91,174:91,189:78,203:78,340:65	337:130,18:130,258:104,174:104,28:91,189:78,203:78,340:65	+0x4:1326,+0x3:520,+0x2:104,+0x5:104,+0x6:52	exact:2106
138	0x314071-0x3142d5	138	0x314071-0x3142d5	intra_block	2106	162	347:117,258:117,307:91,346:91,18:91,28:91,199:78,340:78	347:117,258:117,307:91,346:91,18:91,28:91,199:78,340:78	+0x4:1326,+0x3:520,+0x2:104,+0x5:104,+0x6:52	exact:2106
141	0x314704-0x314968	141	0x314704-0x314968	intra_block	2106	162	337:117,307:104,189:104,347:91,66:78,64:78,215:78,340:65	337:117,307:104,189:104,347:91,66:78,64:78,215:78,340:65	+0x4:1326,+0x3:520,+0x2:104,+0x5:104,+0x6:52	exact:2106
144	0x314d97-0x314ffb	144	0x314d97-0x314ffb	intra_block	2106	162	114:104,199:91,28:91,196:91,174:91,340:78,337:78,258:78	114:104,199:91,28:91,196:91,174:91,340:78,337:78,258:78	+0x4:1326,+0x3:520,+0x2:104,+0x5:104,+0x6:52	exact:2106
116	0x311163-0x31139b	116	0x311163-0x31139b	intra_block	2100	150	337:112,185:98,18:98,340:98,215:84,258:84,43:70,114:70	337:112,185:98,18:98,340:98,215:84,258:84,43:70,114:70	+0x4:1344,+0x3:532,+0x2:84,+0x5:84,+0x6:56	exact:2100
117	0x3113a5-0x3115dd	117	0x3113a5-0x3115dd	intra_block	2100	150	189:140,28:126,340:112,307:98,337:98,215:98,333:70,258:70	189:140,28:126,340:112,307:98,337:98,215:98,333:70,258:70	+0x4:1344,+0x3:532,+0x2:84,+0x5:84,+0x6:56	exact:2100
118	0x3115e7-0x31181f	118	0x3115e7-0x31181f	intra_block	2100	150	347:154,185:84,297:84,340:84,43:84,114:84,307:84,258:70	347:154,185:84,297:84,340:84,43:84,114:84,307:84,258:70	+0x4:1344,+0x3:532,+0x2:84,+0x5:84,+0x6:56	exact:2100
119	0x311829-0x311a61	119	0x311829-0x311a61	intra_block	2100	150	258:112,18:112,189:98,64:98,114:84,185:84,199:84,337:70	258:112,18:112,189:98,64:98,114:84,185:84,199:84,337:70	+0x4:1344,+0x3:532,+0x2:84,+0x5:84,+0x6:56	exact:2100
120	0x311a6b-0x311ca3	120	0x311a6b-0x311ca3	intra_block	2100	150	337:126,307:112,185:112,114:98,157:98,66:84,340:84,64:84	337:126,307:112,185:112,114:98,157:98,66:84,340:84,64:84	+0x4:1344,+0x3:532,+0x2:84,+0x5:84,+0x6:56	exact:2100
129	0x312cd0-0x312f1c	129	0x312cd0-0x312f1c	intra_block	2028	156	114:117,28:104,258:104,185:91,199:78,337:78,297:78,189:65	114:117,28:104,258:104,185:91,199:78,337:78,297:78,189:65	+0x4:1300,+0x3:507,+0x2:91,+0x5:91,+0x6:39	exact:2028
146	0x31522f-0x31547c	146	0x31522f-0x31547c	intra_block	2028	156	18:130,347:104,307:91,114:78,168:78,28:78,189:65,64:65	18:130,347:104,307:91,114:78,168:78,28:78,189:65,64:65	+0x4:1287,+0x3:507,+0x5:104,+0x2:91,+0x6:39	exact:2028
150	0x315969-0x315bb5	150	0x315969-0x315bb5	intra_block	2015	155	297:143,258:117,189:117,340:91,185:91,64:78,18:78,307:65	297:143,258:117,189:117,340:91,185:91,64:78,18:78,307:65	+0x4:1287,+0x3:507,+0x5:91,+0x2:78,+0x6:52	exact:2015
147	0x315486-0x3156c0	147	0x315486-0x3156c0	intra_block	1963	151	258:117,66:104,337:91,185:91,340:91,18:78,243:65,168:65	258:117,66:104,337:91,185:91,340:91,18:78,243:65,168:65	+0x4:1248,+0x3:494,+0x2:91,+0x5:78,+0x6:52	exact:1963
130	0x312f26-0x31315f	130	0x312f26-0x31315f	intra_block	1950	150	64:104,28:104,258:104,185:91,297:91,114:91,333:78,215:65	64:104,28:104,258:104,185:91,297:91,114:91,333:78,20:78	+0x4:1235,+0x3:494,+0x5:91,+0x2:78,+0x6:52	exact:1950
133	0x3135b9-0x3137f2	133	0x3135b9-0x3137f2	intra_block	1950	150	189:117,64:104,199:91,18:78,66:78,114:78,43:65,33:65	189:117,64:104,199:91,18:78,66:78,114:78,43:65,33:65	+0x4:1235,+0x3:494,+0x5:91,+0x2:78,+0x6:52	exact:1950
136	0x313c4c-0x313e85	136	0x313c4c-0x313e85	intra_block	1950	150	258:91,347:91,189:78,66:78,337:65,297:65,203:65,28:65	258:91,347:91,189:78,66:78,337:65,297:65,203:65,28:65	+0x4:1235,+0x3:494,+0x5:91,+0x2:78,+0x6:52	exact:1950
139	0x3142df-0x314518	139	0x3142df-0x314518	intra_block	1950	150	64:117,28:104,337:91,43:78,66:78,18:78,215:65,305:65	64:117,28:104,337:91,43:78,66:78,18:78,215:65,305:65	+0x4:1235,+0x3:494,+0x5:91,+0x2:78,+0x6:52	exact:1950
142	0x314972-0x314bab	142	0x314972-0x314bab	intra_block	1950	150	258:104,199:104,64:91,215:91,340:78,18:78,28:78,337:78	258:104,199:104,64:91,215:91,340:78,18:78,28:78,337:78	+0x4:1235,+0x3:494,+0x5:91,+0x2:78,+0x6:52	exact:1950
123	0x31223a-0x31245a	123	0x31223a-0x31245a	intra_block	1872	144	114:130,340:104,287:91,347:91,307:91,18:91,215:78,28:78	114:130,340:104,287:91,347:91,307:91,18:91,215:78,28:78	+0x4:1222,+0x3:481,+0x2:65,+0x5:65,+0x6:39	exact:1872
124	0x312464-0x312684	124	0x312464-0x312684	intra_block	1872	144	64:169,185:91,333:78,340:78,172:78,28:78,66:65,215:65	64:169,185:91,333:78,340:78,172:78,28:78,66:65,215:65	+0x4:1222,+0x3:481,+0x2:65,+0x5:65,+0x6:39	exact:1872
145	0x315005-0x315225	145	0x315005-0x315225	intra_block	1872	144	307:104,189:104,297:91,199:91,258:91,243:78,26:78,66:78	307:104,189:104,297:91,199:91,258:91,243:78,26:78,66:78	+0x4:1222,+0x3:481,+0x2:65,+0x5:65,+0x6:39	exact:1872
243	0x33bea5-0x33c5b0	243	0x33bea5-0x33c5b0	intra_block	1868	467	28:60,18:56,340:56,168:56,258:48,198:48,43:48,257:48	28:60,18:56,340:56,168:56,258:48,198:48,43:48,257:48	+0x4:768,+0x5:384,+0x3:300,+0x2:296,+0x6:120	exact:1868
228	0x3387ea-0x338e10	228	0x3387ea-0x338e10	intra_block	1636	409	18:64,258:52,189:48,168:48,172:44,340:44,64:40,297:40	18:64,258:52,189:48,168:48,172:44,340:44,64:40,297:40	+0x4:756,+0x3:284,+0x5:284,+0x2:220,+0x6:92	exact:1636
128	0x312aee-0x312cc6	128	0x312aee-0x312cc6	intra_block	1625	125	258:130,18:78,337:78,176:78,64:65,307:65,215:65,114:65	258:130,18:78,337:78,176:78,64:65,307:65,215:65,114:65	+0x4:1105,+0x3:442,+0x2:26,+0x6:26,+0x5:26	exact:1625
131	0x313169-0x313341	131	0x313169-0x313341	intra_block	1625	125	347:117,114:91,185:91,297:65,307:65,33:65,28:65,189:65	347:117,114:91,185:91,297:65,307:65,33:65,28:65,189:65	+0x4:1105,+0x3:442,+0x2:26,+0x6:26,+0x5:26	exact:1625
134	0x3137fc-0x3139d4	134	0x3137fc-0x3139d4	intra_block	1625	125	189:104,215:91,114:91,307:78,333:65,337:65,66:65,185:65	189:104,215:91,114:91,307:78,333:65,337:65,66:65,185:65	+0x4:1105,+0x3:442,+0x2:26,+0x6:26,+0x5:26	exact:1625
137	0x313e8f-0x314067	137	0x313e8f-0x314067	intra_block	1625	125	340:104,18:91,114:91,215:78,347:78,189:78,346:65,157:52	340:104,18:91,114:91,215:78,347:78,189:78,346:65,157:52	+0x4:1105,+0x3:442,+0x2:26,+0x6:26,+0x5:26	exact:1625
140	0x314522-0x3146fa	140	0x314522-0x3146fa	intra_block	1625	125	215:117,26:91,28:91,337:91,64:78,347:65,258:65,307:65	215:117,26:91,28:91,337:91,64:78,347:65,258:65,307:65	+0x4:1105,+0x3:442,+0x2:26,+0x6:26,+0x5:26	exact:1625
143	0x314bb5-0x314d8d	143	0x314bb5-0x314d8d	intra_block	1625	125	347:117,28:104,297:104,337:91,340:78,43:78,66:78,315:65	347:117,28:104,297:104,337:91,340:78,43:78,66:78,315:65	+0x4:1105,+0x3:442,+0x2:26,+0x6:26,+0x5:26	exact:1625
254	0x33de30-0x33e02a	254	0x33de30-0x33e02a	intra_block	1596	133	258:96,185:84,189:84,26:72,337:60,28:60,199:60,340:60	258:96,185:84,189:84,26:72,337:60,28:60,199:60,340:60	+0x4:1044,+0x3:420,+0x5:60,+0x2:36,+0x6:36	exact:1596
125	0x31268e-0x31285b	125	0x31268e-0x31285b	intra_block	1573	121	337:104,215:78,258:78,199:78,66:78,28:65,347:65,114:52	337:104,215:78,258:78,199:78,66:78,28:65,347:65,114:52	+0x4:1066,+0x3:429,+0x6:39,+0x5:26,+0x2:13	exact:1573
112	0x3109d2-0x310c9b	112	0x3109d2-0x310c9b	intra_block	1515	189	340:99,337:73,28:63,215:60,189:58,66:57,307:56,158:56	340:99,337:73,28:63,215:60,189:58,66:57,307:56,158:56	+0x4:855,+0x3:369,+0x2:130,+0x5:117,+0x6:44	exact:1515
257	0x33e2e8-0x33e532	257	0x33e2e8-0x33e532	intra_block	1395	155	189:81,337:72,64:63,28:63,297:63,185:54,199:54,168:45	189:81,337:72,64:63,28:63,297:63,185:54,199:54,168:45	+0x4:873,+0x3:351,+0x5:81,+0x2:63,+0x6:27	exact:1395
149	0x31580e-0x31595f	149	0x31580e-0x31595f	intra_block	1170	90	340:117,199:65,184:65,174:52,215:52,307:39,258:39,297:39	340:117,199:65,184:65,174:52,215:52,176:52,307:39,258:39	+0x4:650,+0x3:299,+0x2:104,+0x5:78,+0x6:39	exact:1170
258	0x33e540-0x33e707	258	0x33e540-0x33e707	intra_block	1080	120	340:81,315:72,307:54,337:54,28:54,174:54,347:45,18:45	340:81,315:72,307:54,337:54,28:54,174:54,347:45,18:45	+0x4:738,+0x3:297,+0x6:18,+0x5:18,+0x2:9	exact:1080
127	0x3129aa-0x312ae4	127	0x3129aa-0x312ae4	intra_block	1079	83	114:78,337:78,28:65,184:65,215:52,307:52,199:39,347:39	114:78,337:78,28:65,184:65,215:52,307:52,199:39,347:39	+0x4:598,+0x3:286,+0x2:78,+0x5:78,+0x6:39	exact:1079
276	0x340f4b-0x34142c	276	0x340f4b-0x34142c	intra_block	1074	322	64:38,18:33,183:33,257:32,185:32,124:31,108:30,337:28	64:38,18:33,183:33,257:32,185:32,124:31,108:30,337:28	+0x4:435,+0x5:217,+0x2:172,+0x3:171,+0x6:79	exact:1074
287	0x3427fd-0x342cde	287	0x3427fd-0x342cde	intra_block	1074	322	66:38,198:36,160:34,18:31,28:28,258:27,157:26,30:25	66:38,198:36,160:34,18:31,28:28,258:27,157:26,30:25	+0x4:435,+0x5:217,+0x2:172,+0x3:171,+0x6:79	exact:1074
114	0x310dca-0x310ee6	114	0x310dca-0x310ee6	intra_block	1050	75	340:84,114:70,185:56,337:56,18:56,184:56,347:42,28:42	340:84,114:70,184:70,185:56,337:56,18:56,347:42,28:42	+0x4:630,+0x3:280,+0x5:56,+0x2:56,+0x6:28	exact:1050
113	0x310ca5-0x310dba	113	0x310ca5-0x310dba	intra_block	1008	72	114:84,307:84,26:56,168:56,203:42,215:42,243:42,66:42	114:84,307:84,26:56,168:56,203:42,215:42,243:42,66:42	+0x4:728,+0x3:238,+0x2:14,+0x6:14,+0x5:14	exact:1008
126	0x312868-0x31297d	126	0x312868-0x31297d	intra_block	936	72	305:78,64:78,333:65,168:52,189:39,28:39,196:39,307:39	305:78,64:78,333:65,168:52,189:39,28:39,196:39,307:39	+0x4:676,+0x3:221,+0x2:13,+0x6:13,+0x5:13	exact:936
148	0x3156ca-0x3157e1	148	0x3156ca-0x3157e1	intra_block	936	72	305:52,333:52,189:52,157:39,199:39,66:39,346:39,43:39	305:52,333:52,189:52,157:39,199:39,66:39,346:39,43:39	+0x4:663,+0x3:221,+0x6:26,+0x2:13,+0x5:13	exact:936
253	0x33dcce-0x33de22	253	0x33dcce-0x33de22	intra_block	906	89	340:63,297:48,114:48,174:48,199:48,185:48,123:48,337:39	340:63,123:60,297:48,114:48,174:48,199:48,185:48,337:39	+0x4:510,+0x3:249,+0x2:57,+0x5:48,+0x6:42	exact:906
256	0x33e15d-0x33e2da	256	0x33e15d-0x33e2da	intra_block	900	100	114:63,18:45,307:45,340:36,215:36,347:36,297:36,176:36	114:63,307:45,340:36,215:36,347:36,297:36,18:36,176:36	+0x4:477,+0x3:225,+0x5:90,+0x2:72,+0x6:36	exact:900
209	0x334cab-0x33518c	209	0x334cab-0x33518c	intra_block	886	322	28:29,173:27,347:26,203:25,108:24,340:24,183:23,352:23	28:29,173:27,347:26,203:25,108:24,340:24,183:23,352:23	+0x4:359,+0x5:179,+0x2:142,+0x3:141,+0x6:65	exact:886
102	0x30eeea-0x30f3c5	102	0x30eeea-0x30f3c5	intra_block	882	321	199:28,347:28,108:27,173:26,352:26,301:25,333:24,337:23	199:28,347:28,108:27,173:26,352:26,301:25,333:24,337:23	+0x4:359,+0x5:179,+0x2:142,+0x3:141,+0x6:61	exact:882
151	0x315bbf-0x315cc0	151	0x315bbf-0x315cc0	intra_block	871	67	157:78,18:65,64:52,315:52,189:39,196:39,28:39,33:39	157:78,18:65,64:52,315:52,189:39,196:39,28:39,33:39	+0x4:637,+0x3:208,+0x2:13,+0x6:13	exact:871
255	0x33e03b-0x33e14c	255	0x33e03b-0x33e14c	intra_block	852	71	215:48,258:48,18:48,337:48,333:48,340:48,28:36,287:36	215:48,258:48,18:48,337:48,333:48,340:48,28:36,287:36	+0x4:612,+0x3:204,+0x2:12,+0x6:12,+0x5:12	exact:852
95	0x26e8ba-0x26ebb3	95	0x26e8ba-0x26ebb3	intra_block	796	199	307:44,28:40,114:40,337:32,347:28,64:28,189:24,196:24	307:44,28:40,114:40,337:32,347:28,64:28,189:24,196:24	+0x4:452,+0x3:184,+0x5:68,+0x2:56,+0x6:36	exact:796
90	0x26dc7b-0x26dee4	90	0x26dc7b-0x26dee4	intra_block	648	162	18:40,337:28,64:28,297:24,347:24,258:24,66:20,215:20	18:40,337:28,64:28,297:24,347:24,258:24,66:20,215:20	+0x4:396,+0x3:160,+0x5:36,+0x2:32,+0x6:24	exact:648
91	0x26deee-0x26e157	91	0x26deee-0x26e157	intra_block	648	162	340:44,258:36,28:32,185:32,157:28,307:24,66:20,347:20	340:44,258:36,28:32,185:32,157:28,307:24,66:20,347:20	+0x4:396,+0x3:160,+0x5:36,+0x2:32,+0x6:24	exact:648
92	0x26e161-0x26e3ca	92	0x26e161-0x26e3ca	intra_block	648	162	66:36,64:32,18:28,258:28,268:24,340:24,114:24,185:20	66:36,64:32,18:28,258:28,268:24,340:24,114:24,185:20	+0x4:396,+0x3:160,+0x5:36,+0x2:32,+0x6:24	exact:648
93	0x26e3d4-0x26e63d	93	0x26e3d4-0x26e63d	intra_block	648	162	258:36,18:32,189:32,66:24,340:24,28:24,64:20,268:20	258:36,18:32,189:32,66:24,340:24,28:24,64:20,268:20	+0x4:396,+0x3:160,+0x5:36,+0x2:32,+0x6:24	exact:648
94	0x26e647-0x26e8b0	94	0x26e647-0x26e8b0	intra_block	648	162	340:36,347:32,18:28,66:28,337:24,28:24,64:24,172:20	340:36,347:32,18:28,66:28,337:24,28:24,64:24,172:20	+0x4:396,+0x3:160,+0x5:36,+0x2:32,+0x6:24	exact:648
96	0x26ebbd-0x26ee26	96	0x26ebbd-0x26ee26	intra_block	648	162	189:36,337:32,258:32,215:28,43:28,340:28,28:24,268:24	189:36,337:32,258:32,215:28,43:28,340:28,28:24,268:24	+0x4:396,+0x3:160,+0x5:36,+0x2:32,+0x6:24	exact:648
193	0x331e8e-0x3320fd	193	0x331e8e-0x3320fd	intra_block	644	161	196:36,64:24,258:24,173:24,185:20,189:20,180:16,168:16	196:36,64:24,258:24,173:24,189:20,180:16,168:16,215:16	+0x4:264,+0x5:140,+0x3:104,+0x2:100,+0x6:36	exact:644
277	0x34143d-0x3416ac	277	0x34143d-0x3416ac	intra_block	644	161	189:24,333:20,198:20,66:20,258:20,28:20,91:16,340:16	189:24,333:20,198:20,66:20,258:20,28:20,340:16,173:16	+0x4:264,+0x5:140,+0x3:104,+0x2:100,+0x6:36	exact:644
288	0x342cef-0x342f5e	288	0x342cef-0x342f5e	intra_block	644	161	144:36,215:24,340:24,172:24,173:20,64:20,297:20,333:20	144:36,215:24,340:24,173:24,172:24,64:20,297:20,333:20	+0x4:264,+0x5:140,+0x3:104,+0x2:100,+0x6:36	exact:644
192	0x331c8b-0x331e7d	192	0x331c8b-0x331e7d	intra_block	640	128	18:40,347:40,157:25,168:25,28:20,268:20,297:20,340:20	18:40,347:40,157:25,168:25,28:20,268:20,297:20,340:20	+0x4:360,+0x3:130,+0x5:65,+0x2:50,+0x6:35	exact:640
259	0x33e718-0x33e829	259	0x33e718-0x33e829	intra_block	639	71	33:63,347:36,168:36,258:36,28:27,305:27,337:27,18:27	33:63,347:36,168:36,258:36,28:27,305:27,337:27,18:27	+0x4:459,+0x3:153,+0x2:9,+0x6:9,+0x5:9	exact:639
242	0x33b647-0x33be94	242	0x33b647-0x33be94	intra_block	615	543	43:23,18:23,66:19,347:17,189:16,215:15,160:15,144:14	43:23,18:23,66:19,347:17,189:16,215:15,160:15,144:14	+0x4:259,+0x5:111,+0x3:103,+0x2:88,+0x6:54	exact:615
226	0x337e84-0x3386cd	226	0x337e84-0x3386cd	intra_block	614	542	28:21,333:17,297:16,124:16,307:15,180:15,108:15,253:15	28:21,333:17,297:16,124:16,307:15,180:15,108:15,253:15	+0x4:258,+0x5:111,+0x3:103,+0x2:88,+0x6:54	exact:614
97	0x26ee30-0x26f077	97	0x26ee30-0x26f077	intra_block	612	153	66:32,18:28,337:28,258:24,28:24,114:24,64:20,185:20	66:32,18:28,337:28,258:24,28:24,114:24,64:20,185:20	+0x4:376,+0x3:152,+0x5:36,+0x2:28,+0x6:20	exact:612
79	0x24a4e3-0x24a8c5	79	0x24a4e3-0x24a8c5	intra_block	520	260	64:26,28:22,337:22,18:18,258:16,199:16,66:16,43:16	64:26,28:22,337:22,18:18,258:16,199:16,66:16,43:16	+0x4:278,+0x3:112,+0x5:56,+0x2:48,+0x6:26	exact:520
155	0x31b34b-0x31b82c	155	0x31b34b-0x31b82c	intra_block	510	322	28:17,168:17,64:16,239:16,198:15,337:15,18:14,160:14	28:17,168:17,64:16,239:16,198:15,337:15,18:14,160:14	+0x4:207,+0x5:103,+0x2:82,+0x3:81,+0x6:37	exact:510
265	0x33f710-0x33fbf1	265	0x33f710-0x33fbf1	intra_block	510	322	258:21,43:18,168:17,66:16,108:15,352:14,114:14,183:13	258:21,43:18,168:17,66:16,108:15,352:14,114:14,183:13	+0x4:207,+0x5:103,+0x2:82,+0x3:81,+0x6:37	exact:510
158	0x31bc0a-0x31be7c	158	0x31bc0a-0x31be7c	intra_block	486	162	237:21,297:18,256:18,183:15,172:15,199:15,144:15,157:12	237:21,297:18,256:18,183:15,172:15,199:15,144:15,269:12	+0x4:198,+0x5:105,+0x3:81,+0x2:75,+0x6:27	exact:486
165	0x31c974-0x31cbe6	165	0x31c974-0x31cbe6	intra_block	486	162	18:21,196:18,66:18,108:18,220:15,114:15,320:15,215:15	18:21,196:18,66:18,108:18,220:15,114:15,320:15,215:15	+0x4:198,+0x5:105,+0x3:81,+0x2:75,+0x6:27	exact:486
103	0x30f3d6-0x30f645	103	0x30f3d6-0x30f645	intra_block	483	161	144:21,168:21,114:18,18:15,28:15,347:15,108:15,91:12	144:24,168:21,114:18,28:15,347:15,108:15,91:12,268:12	+0x4:198,+0x5:105,+0x3:78,+0x2:75,+0x6:27	exact:483
210	0x33519c-0x33540c	210	0x33519c-0x33540c	intra_block	483	161	64:15,198:15,185:15,144:15,43:15,199:15,114:15,108:15	108:18,64:15,198:15,185:15,144:15,43:15,199:15,114:15	+0x4:201,+0x5:105,+0x2:75,+0x3:75,+0x6:27	exact:483
191	0x331975-0x331c7a	191	0x331975-0x331c7a	intra_block	474	202	189:31,307:26,28:23,199:20,123:20,347:18,114:18,297:15	189:31,307:26,28:23,199:20,123:20,347:18,114:18,297:15	+0x4:250,+0x3:116,+0x5:47,+0x2:42,+0x6:19	exact:474
88	0x26cd71-0x26cf1b	88	0x26cd71-0x26cf1b	intra_block	444	111	66:28,340:20,189:20,307:20,43:20,337:20,157:16,287:16	66:28,340:20,189:20,307:20,43:20,337:20,157:16,287:16	+0x4:272,+0x3:96,+0x5:36,+0x2:28,+0x6:12	exact:444
83	0x24b060-0x24b39b	83	0x24b060-0x24b39b	intra_block	434	217	340:22,297:20,114:18,189:16,18:16,307:14,268:12,185:12	340:22,297:20,114:18,189:16,18:16,307:14,268:12,185:12	+0x4:244,+0x3:98,+0x5:40,+0x2:34,+0x6:18	exact:434
270	0x3404d5-0x3406cb	270	0x3404d5-0x3406cb	intra_block	387	129	307:18,347:18,28:15,203:15,43:12,258:12,157:12,305:12	307:18,347:18,28:15,203:15,43:12,258:12,157:12,305:12	+0x4:219,+0x3:78,+0x5:39,+0x2:30,+0x6:21	exact:387
281	0x341d87-0x341f7d	281	0x341d87-0x341f7d	intra_block	387	129	114:21,168:18,268:15,346:15,307:15,340:15,64:12,43:12	114:21,168:18,268:15,346:15,307:15,340:15,64:12,43:12	+0x4:219,+0x3:78,+0x5:39,+0x2:30,+0x6:21	exact:387
86	0x24b891-0x24bb69	86	0x24b891-0x24bb69	intra_block	384	192	258:20,18:18,114:18,66:16,307:14,347:12,337:12,64:12	258:20,18:18,114:18,66:16,307:14,347:12,337:12,64:12	+0x4:226,+0x3:90,+0x5:30,+0x2:26,+0x6:12	exact:384
89	0x26db07-0x26dc71	89	0x26db07-0x26dc71	intra_block	380	95	340:28,199:20,66:20,114:16,18:16,28:16,258:16,64:12	340:28,199:20,66:20,114:16,18:16,28:16,258:16,64:12	+0x4:200,+0x3:96,+0x2:32,+0x5:32,+0x6:20	exact:380
72	0x249468-0x24972b	72	0x249468-0x24972b	intra_block	374	187	28:22,347:16,340:16,337:14,189:12,43:12,18:12,333:12	28:22,347:16,340:16,337:14,189:12,43:12,18:12,333:12	+0x4:226,+0x3:88,+0x5:26,+0x2:24,+0x6:10	exact:374
2	0xd0d51-0xd0eab	2	0xd0d51-0xd0eab	intra_block	360	90	18:32,189:20,64:20,347:16,28:16,268:16,196:12,33:12	18:32,189:20,64:20,347:16,28:16,268:16,196:12,33:12	+0x4:228,+0x3:80,+0x5:24,+0x2:16,+0x6:12	exact:360
80	0x24a8d3-0x24ab6a	80	0x24a8d3-0x24ab6a	intra_block	348	174	28:18,340:18,18:18,64:14,258:14,347:14,189:12,243:10	28:18,340:18,18:18,64:14,258:14,347:14,189:12,243:10	+0x4:208,+0x3:84,+0x5:22,+0x2:20,+0x6:14	exact:348
81	0x24ab78-0x24ae0f	81	0x24ab78-0x24ae0f	intra_block	348	174	18:28,64:20,258:18,114:14,340:12,28:12,215:12,185:10	18:28,64:20,258:18,114:14,340:12,28:12,215:12,123:12	+0x4:208,+0x3:84,+0x5:22,+0x2:20,+0x6:14	exact:348
84	0x24b3a9-0x24b640	84	0x24b3a9-0x24b640	intra_block	348	174	337:16,18:16,199:14,347:14,297:14,340:14,189:14,66:12	337:16,18:16,199:14,347:14,297:14,340:14,189:14,66:12	+0x4:208,+0x3:84,+0x5:22,+0x2:20,+0x6:14	exact:348
269	0x3401c3-0x3404c8	269	0x3401c3-0x3404c8	intra_block	338	202	258:24,340:20,297:17,18:15,185:14,108:14,161:12,176:12	258:24,340:20,297:17,18:15,185:14,108:14,161:12,176:12	+0x4:172,+0x3:78,+0x5:39,+0x2:34,+0x6:15	exact:338
280	0x341a75-0x341d7a	280	0x341a75-0x341d7a	intra_block	338	202	18:17,189:17,307:15,64:14,114:13,337:12,184:12,20:12	18:17,189:17,307:15,64:14,114:13,337:12,184:12,20:12	+0x4:172,+0x3:78,+0x5:39,+0x2:34,+0x6:15	exact:338
212	0x3355e0-0x335853	212	0x3355e0-0x335853	intra_block	324	162	307:18,168:14,220:12,28:12,108:10,173:10,258:10,256:8	307:18,168:14,220:12,28:12,256:10,108:10,173:10,258:10	+0x4:134,+0x5:70,+0x3:52,+0x2:50,+0x6:18	exact:324
273	0x340b20-0x340d92	273	0x340b20-0x340d92	intra_block	324	162	168:16,297:12,160:12,183:10,340:10,185:10,108:10,189:8	168:16,297:12,160:12,340:10,185:10,108:10,189:8,301:8	+0x4:132,+0x5:70,+0x3:54,+0x2:50,+0x6:18	exact:324
284	0x3423d2-0x342644	284	0x3423d2-0x342644	intra_block	324	162	347:12,157:10,18:10,160:10,337:10,257:10,268:8,114:8	347:12,18:10,160:10,337:10,144:10,257:10,268:8,114:8	+0x4:132,+0x5:70,+0x3:54,+0x2:50,+0x6:18	exact:324
290	0x343132-0x3433a5	290	0x343132-0x3433a5	intra_block	324	162	108:14,18:14,189:10,154:10,203:10,28:10,114:10,3:10	108:14,18:14,154:10,203:10,28:10,114:10,3:10,352:8	+0x4:134,+0x5:70,+0x3:52,+0x2:50,+0x6:18	exact:324
77	0x24a02d-0x24a292	77	0x24a02d-0x24a292	intra_block	322	161	189:18,28:16,18:16,337:14,340:12,307:12,123:12,168:10	189:18,28:16,18:16,337:14,340:12,307:12,123:12,168:10	+0x4:196,+0x3:80,+0x5:18,+0x2:16,+0x6:12	exact:322
271	0x3406dc-0x34094b	271	0x3406dc-0x34094b	intra_block	322	161	28:12,297:10,64:10,160:10,198:10,340:10,91:8,257:8	160:12,28:12,64:10,198:10,340:10,91:8,257:8,66:8	+0x4:132,+0x5:70,+0x3:52,+0x2:50,+0x6:18	exact:322
282	0x341f8e-0x3421fd	282	0x341f8e-0x3421fd	intra_block	322	161	144:12,114:12,333:12,28:10,185:10,199:10,352:10,64:10	144:14,114:12,333:12,28:10,185:10,199:10,352:10,64:10	+0x4:132,+0x5:70,+0x3:52,+0x2:50,+0x6:18	exact:322
153	0x31aed4-0x31b31b	153	0x31aed4-0x31b31b	intra_block	320	285	337:15,168:14,43:13,307:12,258:10,28:9,124:9,215:8	337:15,168:14,43:13,307:12,258:10,28:9,124:9,215:8	+0x4:154,+0x3:58,+0x2:43,+0x5:43,+0x6:22	exact:320
252	0x33db28-0x33dcbd	252	0x33db28-0x33dcbd	intra_block	312	104	307:15,43:15,315:15,333:12,64:12,26:12,189:12,66:12	307:15,43:15,315:15,333:12,64:12,26:12,189:12,66:12	+0x4:189,+0x3:66,+0x5:24,+0x2:18,+0x6:15	exact:312
152	0x31aa27-0x31aec3	152	0x31aa27-0x31aec3	intra_block	306	306	66:11,28:10,258:9,340:9,157:9,337:9,199:9,307:8	66:11,28:10,258:9,340:9,157:9,337:9,199:9,307:8	+0x4:155,+0x3:62,+0x5:40,+0x2:31,+0x6:18	exact:306
162	0x31c34b-0x31c596	162	0x31c34b-0x31c596	intra_block	304	152	347:18,199:14,157:14,66:12,203:12,185:10,26:10,18:10	347:18,199:14,157:14,66:12,203:12,185:10,26:10,18:10	+0x4:166,+0x3:60,+0x5:36,+0x2:28,+0x6:14	exact:304
74	0x249964-0x249b99	74	0x249964-0x249b99	intra_block	298	149	347:16,28:14,66:14,114:12,157:12,18:12,243:12,337:12	347:16,28:14,66:14,114:12,157:12,18:12,243:12,337:12	+0x4:188,+0x3:76,+0x5:14,+0x2:12,+0x6:8	exact:298
75	0x249ba7-0x249ddc	75	0x249ba7-0x249ddc	intra_block	298	149	189:16,18:14,66:12,340:12,28:12,258:12,337:12,114:10	189:16,18:14,66:12,340:12,28:12,258:12,337:12,114:10	+0x4:188,+0x3:76,+0x5:14,+0x2:12,+0x6:8	exact:298
76	0x249dea-0x24a01f	76	0x249dea-0x24a01f	intra_block	298	149	114:16,64:14,18:14,66:12,199:12,347:12,185:12,258:10	114:16,64:14,18:14,66:12,199:12,347:12,185:12,258:10	+0x4:188,+0x3:76,+0x5:14,+0x2:12,+0x6:8	exact:298
78	0x24a2a0-0x24a4d5	78	0x24a2a0-0x24a4d5	intra_block	298	149	28:18,189:18,114:14,297:14,307:12,161:12,258:10,43:10	28:18,189:18,114:14,297:14,307:12,161:12,258:10,43:10	+0x4:188,+0x3:76,+0x5:14,+0x2:12,+0x6:8	exact:298
82	0x24ae1d-0x24b052	82	0x24ae1d-0x24b052	intra_block	298	149	297:24,337:18,43:14,340:14,114:12,28:10,185:10,64:10	297:24,337:18,43:14,340:14,114:12,28:10,185:10,64:10	+0x4:188,+0x3:76,+0x5:14,+0x2:12,+0x6:8	exact:298
85	0x24b64e-0x24b883	85	0x24b64e-0x24b883	intra_block	298	149	258:18,18:16,161:16,215:14,297:12,189:12,337:12,340:10	258:18,18:16,161:16,215:14,297:12,189:12,337:12,340:10	+0x4:188,+0x3:76,+0x5:14,+0x2:12,+0x6:8	exact:298
267	0x33fe02-0x340193	267	0x33fe02-0x340193	intra_block	288	238	172:16,189:15,199:12,200:12,354:11,43:10,258:9,18:8	172:16,189:15,199:12,200:12,122:11,43:10,258:9,18:8	+0x4:121,+0x2:49,+0x3:49,+0x5:45,+0x6:24	exact:288
278	0x3416b4-0x341a45	278	0x3416b4-0x341a45	intra_block	288	238	172:17,18:14,189:14,253:13,171:11,28:9,340:7,43:7	172:17,18:14,189:14,253:13,122:11,28:9,340:7,43:7	+0x4:121,+0x2:49,+0x3:49,+0x5:45,+0x6:24	exact:288
73	0x249739-0x249956	73	0x249739-0x249956	intra_block	286	143	258:20,337:16,18:14,66:14,157:12,64:10,346:10,340:10	258:20,337:16,18:14,66:14,157:12,64:10,346:10,340:10	+0x4:184,+0x3:74,+0x5:12,+0x2:10,+0x6:6	exact:286
161	0x31c035-0x31c33a	161	0x31c035-0x31c33a	intra_block	270	202	18:16,258:12,307:12,340:10,347:9,64:8,28:7,198:7	18:16,258:12,307:12,340:10,347:9,64:8,176:8,28:7	+0x4:133,+0x3:59,+0x5:35,+0x2:30,+0x6:13	exact:270
227	0x3386de-0x3387d9	227	0x3386de-0x3387d9	intra_block	264	66	258:20,340:16,28:16,337:16,66:16,199:12,20:12,174:12	258:20,340:16,28:16,337:16,66:16,158:16,199:12,20:12	+0x4:152,+0x3:76,+0x5:16,+0x2:12,+0x6:8	exact:264
64	0x22fe2d-0x22ffb1			out_of_recovered	256	1	52:256	75:256	+0x5:256	exact:256
65	0x22ffc2-0x230111			out_of_recovered	256	1	123:256	50:256	+0x4:256	exact:256
66	0x230122-0x2303ae			out_of_recovered	256	1	52:256	316:256	+0x5:256	exact:256
104	0x30f64d-0x30fa0f	104	0x30f64d-0x30fa0f	intra_block	253	253	307:11,64:11,189:10,28:10,66:9,157:7,18:7,340:7	307:11,64:11,189:10,28:10,66:9,157:7,18:7,340:7	+0x4:119,+0x3:50,+0x5:40,+0x2:33,+0x6:11	exact:253
48	0x11c690-0x11ca2a	48	0x11c690-0x11ca2a	intra_block	243	243	307:11,64:10,297:8,114:8,337:8,18:8,347:7,28:7	307:11,64:10,297:8,114:8,337:8,18:8,347:7,28:7	+0x4:136,+0x3:53,+0x5:25,+0x2:21,+0x6:8	exact:243
189	0x33170b-0x331945	189	0x33170b-0x331945	intra_block	233	148	196:22,258:22,199:20,171:18,239:18,172:6,189:5,66:5	196:22,258:22,199:20,239:18,122:18,172:6,189:5,66:5	+0x4:117,+0x3:46,+0x2:31,+0x6:25,+0x5:14	exact:233
87	0x24bb77-0x24bd2a	87	0x24bb77-0x24bd2a	intra_block	230	115	258:14,307:12,347:12,18:12,337:12,20:12,287:10,64:10	258:14,20:14,307:12,347:12,18:12,337:12,287:10,64:10	+0x4:158,+0x3:64,+0x6:4,+0x2:2,+0x5:2	exact:230
194	0x332105-0x332469	194	0x332105-0x332469	intra_block	228	228	297:13,340:10,258:9,66:8,108:7,307:7,160:6,215:6	297:13,340:10,258:9,66:8,108:7,307:7,160:6,215:6	+0x4:107,+0x3:46,+0x5:36,+0x2:29,+0x6:10	exact:228
207	0x334a3d-0x334c7b	207	0x334a3d-0x334c7b	intra_block	219	149	64:20,345:17,185:16,333:16,165:15,18:8,196:7,43:6	64:20,345:17,185:16,333:16,52:15,18:8,196:7,43:6	+0x4:112,+0x3:43,+0x2:28,+0x6:22,+0x5:14	exact:219
59	0x18ba69-0x18bd8c	59	0x18ba69-0x18bd8c	intra_block	212	212	18:11,258:11,189:8,337:8,43:8,347:7,64:7,199:6	18:11,258:11,189:8,337:8,43:8,347:7,64:7,199:6	+0x4:123,+0x3:48,+0x5:19,+0x2:16,+0x6:6	exact:212
261	0x33e8de-0x33e9e2	261	0x33e8de-0x33e9e2	intra_block	207	69	174:18,258:15,215:12,189:12,199:9,28:9,123:9,340:9	174:18,258:15,215:12,189:12,199:9,28:9,123:9,340:9	+0x4:117,+0x3:60,+0x2:12,+0x5:12,+0x6:6	exact:207
1	0xd0c86-0xd0d43	1	0xd0c86-0xd0d43	intra_block	200	50	114:20,158:20,307:16,66:12,184:12,18:12,64:12,123:12	114:20,158:20,174:16,307:16,184:12,18:12,64:12,123:12	+0x4:128,+0x3:68,+0x6:4	exact:200
100	0x30eccb-0x30eeba	100	0x30eccb-0x30eeba	intra_block	194	129	185:20,168:20,64:17,165:14,345:14,189:6,337:5,157:5	185:20,168:20,64:17,345:14,52:14,189:6,337:5,157:5	+0x4:102,+0x3:39,+0x2:24,+0x6:19,+0x5:10	exact:194
51	0x11cf2f-0x11d207	51	0x11cf2f-0x11d207	intra_block	192	192	258:11,66:8,114:7,337:7,172:7,185:7,297:6,347:6	258:11,66:8,114:7,337:7,172:7,185:7,297:6,347:6	+0x4:113,+0x3:45,+0x5:15,+0x2:13,+0x6:6	exact:192
285	0x34264c-0x3427cd	285	0x34264c-0x3427cd	intra_block	190	100	172:22,340:22,28:22,171:19,140:19,108:5,18:4,3:4	172:22,340:22,28:22,140:19,52:19,108:5,18:4,3:4	+0x4:80,+0x2:35,+0x3:34,+0x6:25,+0x5:16	exact:190
108	0x30ff4c-0x310212	108	0x30ff4c-0x310212	intra_block	188	188	114:12,199:10,28:7,337:7,297:7,157:7,18:7,347:7	114:12,199:10,28:7,337:7,297:7,157:7,18:7,347:7	+0x4:115,+0x3:44,+0x2:12,+0x5:12,+0x6:5	exact:188
110	0x310446-0x31070f	110	0x310446-0x31070f	intra_block	188	188	189:10,18:9,199:9,185:8,340:7,114:7,64:7,315:6	189:10,18:9,199:9,185:8,340:7,114:7,64:7,315:6	+0x4:112,+0x3:44,+0x5:15,+0x2:12,+0x6:5	exact:188
49	0x11ca38-0x11ccf7	49	0x11ca38-0x11ccf7	intra_block	186	186	64:9,258:8,189:8,215:8,114:8,66:7,28:7,307:7	64:9,258:8,189:8,215:8,114:8,66:7,28:7,307:7	+0x4:112,+0x3:44,+0x5:13,+0x2:12,+0x6:5	exact:186
53	0x11d3e1-0x11d6a2	53	0x11d3e1-0x11d6a2	intra_block	186	186	337:8,185:8,340:8,114:7,215:7,18:7,258:6,172:6	337:8,185:8,340:8,114:7,215:7,18:7,258:6,172:6	+0x4:110,+0x3:44,+0x5:15,+0x2:12,+0x6:5	exact:186
274	0x340d9a-0x340f1b	274	0x340d9a-0x340f1b	intra_block	185	100	43:21,337:20,171:19,28:19,345:18,189:4,144:4,18:4	43:21,337:20,28:19,345:18,52:18,189:4,144:4,18:4	+0x4:78,+0x2:34,+0x3:33,+0x6:24,+0x5:16	exact:185
111	0x310719-0x3109c8	111	0x310719-0x3109c8	intra_block	181	181	215:9,340:9,189:8,297:8,18:8,347:8,337:6,20:6	215:9,340:9,189:8,297:8,18:8,347:8,337:6,20:6	+0x4:108,+0x3:43,+0x5:14,+0x2:11,+0x6:5	exact:181
168	0x31cfc4-0x31d273	168	0x31cfc4-0x31d273	intra_block	181	181	189:7,340:7,18:7,347:7,64:6,215:6,28:6,258:6	189:7,340:7,18:7,347:7,64:6,215:6,28:6,258:6	+0x4:109,+0x3:43,+0x5:12,+0x2:11,+0x6:6	exact:181
170	0x31d4ab-0x31d75a	170	0x31d4ab-0x31d75a	intra_block	181	181	340:12,18:8,114:7,307:6,199:6,189:6,297:6,157:5	340:12,18:8,114:7,307:6,199:6,189:6,297:6,157:5	+0x4:109,+0x3:43,+0x5:12,+0x2:11,+0x6:6	exact:181
172	0x31d992-0x31dc41	172	0x31d992-0x31dc41	intra_block	181	181	28:10,347:10,66:8,258:8,199:7,337:5,43:5,64:5	28:10,347:10,66:8,258:8,199:7,337:5,43:5,64:5	+0x4:109,+0x3:43,+0x5:12,+0x2:11,+0x6:6	exact:181
250	0x33ce91-0x33d118	250	0x33ce91-0x33d118	intra_block	171	171	337:10,297:9,258:9,18:8,114:7,28:7,184:6,340:5	337:10,297:9,258:9,18:8,114:7,28:7,184:6,340:5	+0x4:103,+0x3:42,+0x5:11,+0x2:10,+0x6:5	exact:171
260	0x33e889-0x33e8d6	260	0x33e889-0x33e8d6	intra_block	171	19	108:18,320:18,165:9,189:9,157:9,30:9,183:9,199:9	108:18,320:18,189:9,157:9,30:9,183:9,199:9,79:9	+0x4:63,+0x5:36,+0x2:27,+0x3:27,+0x6:18	exact:171
32	0x11ac5e-0x11aee0	32	0x11ac5e-0x11aee0	intra_block	169	169	18:10,337:9,340:8,66:7,258:6,189:6,215:6,287:5	18:10,337:9,340:8,66:7,258:6,189:6,215:6,287:5	+0x4:103,+0x3:41,+0x5:11,+0x2:9,+0x6:5	exact:169
47	0x11c407-0x11c682	47	0x11c407-0x11c682	intra_block	168	168	347:8,28:8,297:7,258:7,215:7,333:7,114:7,185:6	347:8,28:8,297:7,258:7,215:7,333:7,114:7,185:6	+0x4:104,+0x3:41,+0x5:10,+0x2:9,+0x6:4	exact:168
157	0x31ba3d-0x31bbf9	157	0x31ba3d-0x31bbf9	intra_block	168	114	18:10,183:7,37:6,220:6,256:6,297:6,157:6,239:5	18:10,183:7,37:6,220:6,256:6,297:6,157:6,239:5	+0x4:67,+0x5:32,+0x2:28,+0x3:27,+0x6:14	exact:168
164	0x31c7a7-0x31c963	164	0x31c7a7-0x31c963	intra_block	168	114	66:11,173:11,253:6,220:6,347:6,258:6,124:6,215:5	66:11,173:11,253:6,220:6,347:6,258:6,124:6,215:5	+0x4:67,+0x5:32,+0x2:28,+0x3:27,+0x6:14	exact:168
215	0x335bf9-0x335e75	215	0x335bf9-0x335e75	intra_block	168	168	337:9,18:8,172:7,307:7,189:7,185:7,64:7,258:6	337:9,18:8,172:7,307:7,189:7,185:7,64:7,258:6	+0x4:104,+0x3:41,+0x2:9,+0x5:9,+0x6:5	exact:168
196	0x3326b7-0x33292f	196	0x3326b7-0x33292f	intra_block	167	167	168:8,18:8,347:8,258:7,185:7,307:6,297:6,28:6	168:8,18:8,347:8,258:7,185:7,307:6,297:6,28:6	+0x4:103,+0x3:41,+0x2:9,+0x5:9,+0x6:5	exact:167
231	0x3391ba-0x339432	231	0x3391ba-0x339432	intra_block	167	167	64:10,307:8,340:7,199:7,189:6,28:6,174:6,43:5	64:10,307:8,340:7,199:7,189:6,28:6,174:6,43:5	+0x4:103,+0x3:41,+0x2:9,+0x5:9,+0x6:5	exact:167
4	0xd1010-0xd1284	4	0xd1010-0xd1284	intra_block	166	166	340:11,18:10,258:7,199:7,337:6,114:6,189:6,347:5	340:11,18:10,258:7,199:7,337:6,114:6,189:6,347:5	+0x4:101,+0x3:41,+0x5:11,+0x2:9,+0x6:4	exact:166
222	0x3369fc-0x336c68	222	0x3369fc-0x336c68	intra_block	164	164	258:10,28:8,215:8,114:6,66:6,337:5,168:5,64:5	258:10,28:8,215:8,114:6,66:6,337:5,168:5,64:5	+0x4:101,+0x3:40,+0x5:10,+0x2:9,+0x6:4	exact:164
262	0x33f278-0x33f4e7	262	0x33f278-0x33f4e7	intra_block	164	164	347:8,18:7,185:7,337:7,258:6,189:6,307:6,64:6	347:8,18:7,185:7,337:7,258:6,189:6,307:6,64:6	+0x4:102,+0x3:40,+0x5:9,+0x2:8,+0x6:5	exact:164
54	0x11d6b0-0x11d91b	54	0x11d6b0-0x11d91b	intra_block	163	163	347:9,28:9,114:8,18:6,340:6,307:5,196:5,297:5	347:9,28:9,114:8,18:6,340:6,307:5,196:5,297:5	+0x4:99,+0x3:41,+0x5:10,+0x2:8,+0x6:5	exact:163
203	0x3334ba-0x333722	203	0x3334ba-0x333722	intra_block	163	163	189:10,199:8,64:6,28:6,114:6,185:6,168:5,215:5	189:10,199:8,64:6,28:6,114:6,185:6,168:5,215:5	+0x4:100,+0x3:40,+0x5:10,+0x2:9,+0x6:4	exact:163
238	0x339fbd-0x33a225	238	0x339fbd-0x33a225	intra_block	163	163	189:11,337:10,297:9,185:7,18:6,287:6,66:6,168:6	189:11,337:10,297:9,185:7,18:6,287:6,66:6,168:6	+0x4:100,+0x3:40,+0x5:10,+0x2:9,+0x6:4	exact:163
217	0x3360c1-0x336329	217	0x3360c1-0x336329	intra_block	162	162	66:9,114:9,189:8,346:6,28:6,333:5,258:5,196:5	66:9,114:9,189:8,346:6,28:6,333:5,258:5,196:5	+0x4:100,+0x3:40,+0x2:8,+0x5:8,+0x6:6	exact:162
198	0x332b7f-0x332de3	198	0x332b7f-0x332de3	intra_block	161	161	340:11,215:10,66:9,346:7,203:6,185:6,347:6,189:6	340:11,215:10,66:9,346:7,203:6,185:6,347:6,189:6	+0x4:99,+0x3:40,+0x2:8,+0x5:8,+0x6:6	exact:161
233	0x339682-0x3398e6	233	0x339682-0x3398e6	intra_block	161	161	340:9,307:7,66:7,18:7,28:7,347:7,114:7,337:6	340:9,307:7,66:7,18:7,28:7,347:7,114:7,337:6	+0x4:99,+0x3:40,+0x2:8,+0x5:8,+0x6:6	exact:161
6	0xd3fac-0xd420b	6	0xd3fac-0xd420b	intra_block	160	160	114:9,64:8,189:8,297:7,28:7,18:6,43:5,258:5	114:9,64:8,189:8,297:7,28:7,18:6,43:5,258:5	+0x4:98,+0x3:40,+0x5:9,+0x2:8,+0x6:5	exact:160
105	0x30fa19-0x30fc65	105	0x30fa19-0x30fc65	intra_block	156	156	347:11,199:9,18:7,307:7,28:6,340:5,337:5,333:5	347:11,199:9,18:7,307:7,28:6,340:5,337:5,333:5	+0x4:100,+0x3:39,+0x2:7,+0x5:7,+0x6:3	exact:156
263	0x33f4f1-0x33f6e0	263	0x33f4f1-0x33f6e0	intra_block	154	129	347:12,196:9,28:8,345:7,185:6,157:6,354:6,189:5	347:12,196:9,28:8,345:7,185:6,157:6,52:6,189:5	+0x4:86,+0x3:31,+0x2:16,+0x6:11,+0x5:10	exact:154
211	0x335414-0x3355d0	211	0x335414-0x3355d0	intra_block	150	114	340:8,183:6,49:6,268:6,345:6,66:5,144:5,18:5	340:8,183:6,49:6,268:6,345:6,66:5,144:5,18:5	+0x4:60,+0x5:29,+0x2:25,+0x3:24,+0x6:12	exact:150
214	0x3359b9-0x335bef	214	0x3359b9-0x335bef	intra_block	150	150	66:12,28:8,347:7,189:7,43:6,33:6,337:6,340:6	66:12,28:8,347:7,189:7,43:6,33:6,337:6,340:6	+0x4:97,+0x3:38,+0x2:6,+0x5:6,+0x6:3	exact:150
216	0x335e7f-0x3360b7	216	0x335e7f-0x3360b7	intra_block	150	150	337:7,114:7,297:7,340:7,203:6,18:6,215:5,28:5	337:7,114:7,297:7,340:7,203:6,18:6,215:5,28:5	+0x4:96,+0x3:38,+0x2:6,+0x5:6,+0x6:4	exact:150
272	0x340953-0x340b0f	272	0x340953-0x340b0f	intra_block	150	114	66:9,43:9,253:8,189:7,199:6,183:5,269:5,354:4	66:9,43:9,253:8,189:7,199:6,183:5,269:5,198:4	+0x4:60,+0x5:29,+0x2:25,+0x3:24,+0x6:12	exact:150
283	0x342205-0x3423c1	283	0x342205-0x3423c1	intra_block	150	114	199:6,108:6,215:5,43:5,220:5,18:4,66:4,37:4	199:6,108:6,215:5,43:5,220:5,18:4,66:4,37:4	+0x4:60,+0x5:29,+0x2:25,+0x3:24,+0x6:12	exact:150
289	0x342f66-0x343122	289	0x342f66-0x343122	intra_block	150	114	180:7,108:7,337:7,160:6,330:6,43:5,18:5,140:5	180:7,108:7,337:7,160:6,330:6,43:5,18:5,140:5	+0x4:60,+0x5:29,+0x2:25,+0x3:24,+0x6:12	exact:150
25	0xd73bc-0xd75f1	25	0xd73bc-0xd75f1	intra_block	149	149	347:9,185:8,66:6,189:6,18:6,340:6,28:6,158:6	347:9,185:8,158:7,66:6,189:6,18:6,340:6,28:6	+0x4:94,+0x3:38,+0x5:7,+0x2:6,+0x6:4	exact:149
33	0x11aeee-0x11b122	33	0x11aeee-0x11b122	intra_block	149	149	340:7,185:7,307:7,114:6,26:6,258:6,184:6,203:5	340:7,185:7,307:7,114:6,26:6,258:6,184:6,203:5	+0x4:95,+0x3:38,+0x2:6,+0x5:6,+0x6:4	exact:149
34	0x11b130-0x11b364	34	0x11b130-0x11b364	intra_block	149	149	340:9,114:7,337:7,28:6,172:6,307:6,18:5,189:5	340:9,114:7,337:7,28:6,172:6,307:6,18:5,189:5	+0x4:95,+0x3:38,+0x2:6,+0x5:6,+0x6:4	exact:149
35	0x11b372-0x11b5a6	35	0x11b372-0x11b5a6	intra_block	149	149	114:8,66:7,18:7,258:7,185:7,333:6,189:6,346:5	114:8,66:7,18:7,258:7,185:7,333:6,189:6,346:5	+0x4:95,+0x3:38,+0x2:6,+0x5:6,+0x6:4	exact:149
36	0x11b5b4-0x11b7e8	36	0x11b5b4-0x11b7e8	intra_block	149	149	215:9,347:8,337:8,64:7,66:7,203:6,297:6,189:6	215:9,347:8,337:8,64:7,66:7,203:6,297:6,189:6	+0x4:95,+0x3:38,+0x2:6,+0x5:6,+0x6:4	exact:149
37	0x11b7f6-0x11ba2a	37	0x11b7f6-0x11ba2a	intra_block	149	149	337:9,189:8,340:8,307:7,28:6,297:6,199:6,168:5	337:9,189:8,340:8,307:7,28:6,297:6,199:6,168:5	+0x4:95,+0x3:38,+0x2:6,+0x5:6,+0x6:4	exact:149
186	0x31ec78-0x31eead	186	0x31ec78-0x31eead	intra_block	149	149	64:9,18:7,157:7,307:7,347:7,114:6,337:5,243:5	64:9,18:7,157:7,307:7,347:7,114:6,161:6,337:5	+0x4:94,+0x3:38,+0x5:7,+0x2:6,+0x6:4	exact:149
187	0x31eebb-0x31f0f0	187	0x31eebb-0x31f0f0	intra_block	149	149	66:8,258:7,340:7,199:7,337:6,28:6,172:5,114:5	66:8,258:7,340:7,199:7,337:6,28:6,172:5,114:5	+0x4:94,+0x3:38,+0x5:7,+0x2:6,+0x6:4	exact:149
195	0x332477-0x3326a9	195	0x332477-0x3326a9	intra_block	149	149	114:8,18:7,64:7,123:7,340:6,347:6,199:6,185:5	114:8,123:8,18:7,64:7,340:6,347:6,199:6,185:5	+0x4:96,+0x3:38,+0x2:6,+0x5:6,+0x6:3	exact:149
197	0x33293d-0x332b71	197	0x33293d-0x332b71	intra_block	149	149	297:8,64:8,114:8,189:6,199:6,337:6,168:5,28:5	297:8,64:8,114:8,189:6,199:6,337:6,168:5,28:5	+0x4:95,+0x3:38,+0x2:6,+0x5:6,+0x6:4	exact:149
230	0x338f7a-0x3391ac	230	0x338f7a-0x3391ac	intra_block	149	149	347:11,64:7,185:7,297:6,28:6,196:6,307:6,157:5	347:11,64:7,185:7,297:6,28:6,196:6,307:6,157:5	+0x4:96,+0x3:38,+0x2:6,+0x5:6,+0x6:3	exact:149
232	0x339440-0x339674	232	0x339440-0x339674	intra_block	149	149	189:10,28:9,114:6,307:6,337:6,258:5,199:5,297:5	189:10,28:9,114:6,307:6,337:6,258:5,199:5,297:5	+0x4:95,+0x3:38,+0x2:6,+0x5:6,+0x6:4	exact:149
98	0x30e872-0x30ea96	98	0x30e872-0x30ea96	intra_block	145	145	199:8,340:7,43:7,258:7,337:7,28:6,189:6,185:6	199:8,340:7,43:7,258:7,337:7,28:6,189:6,185:6	+0x4:95,+0x3:37,+0x2:5,+0x5:5,+0x6:3	exact:145
24	0xd718e-0xd73ae	24	0xd718e-0xd73ae	intra_block	144	144	64:9,114:8,43:7,199:6,347:6,18:6,185:5,66:5	64:9,114:8,43:7,199:6,347:6,18:6,174:6,185:5	+0x4:94,+0x3:37,+0x2:5,+0x5:5,+0x6:3	exact:144
57	0x18b66f-0x18b88f	57	0x18b66f-0x18b88f	intra_block	144	144	337:8,18:8,307:7,340:7,215:6,347:6,114:6,346:5	337:8,18:8,307:7,340:7,215:6,347:6,114:6,346:5	+0x4:94,+0x3:37,+0x2:5,+0x5:5,+0x6:3	exact:144
62	0x18c088-0x18c2a6	62	0x18c088-0x18c2a6	intra_block	144	144	114:9,66:8,315:7,258:7,337:6,172:5,64:5,157:5	114:9,66:8,315:7,258:7,337:6,172:5,64:5,157:5	+0x4:93,+0x3:37,+0x2:6,+0x5:5,+0x6:3	exact:144
99	0x30eaa0-0x30ecc1	99	0x30eaa0-0x30ecc1	intra_block	144	144	114:8,340:7,189:7,185:7,66:6,18:6,315:5,297:5	114:8,340:7,189:7,185:7,66:6,18:6,315:5,297:5	+0x4:93,+0x3:37,+0x5:6,+0x2:5,+0x6:3	exact:144
109	0x31021c-0x31043c	109	0x31021c-0x31043c	intra_block	144	144	337:10,18:7,114:6,66:6,64:6,307:6,189:5,185:5	337:10,18:7,114:6,66:6,64:6,307:6,189:5,185:5	+0x4:94,+0x3:37,+0x2:5,+0x5:5,+0x6:3	exact:144
50	0x11cd05-0x11cf21	50	0x11cd05-0x11cf21	intra_block	143	143	18:10,114:10,337:7,199:6,196:6,297:6,305:5,258:5	18:10,114:10,337:7,199:6,196:6,297:6,305:5,258:5	+0x4:93,+0x3:37,+0x2:5,+0x5:5,+0x6:3	exact:143
167	0x31cd9a-0x31cfb6	167	0x31cd9a-0x31cfb6	intra_block	143	143	189:8,114:7,297:7,199:7,66:7,337:6,347:5,315:5	189:8,114:7,297:7,199:7,66:7,337:6,174:6,347:5	+0x4:93,+0x3:37,+0x2:5,+0x5:5,+0x6:3	exact:143
169	0x31d281-0x31d49d	169	0x31d281-0x31d49d	intra_block	143	143	337:8,189:8,18:7,258:7,28:6,196:5,66:5,185:5	337:8,189:8,18:7,258:7,28:6,196:5,66:5,185:5	+0x4:93,+0x3:37,+0x2:5,+0x5:5,+0x6:3	exact:143
171	0x31d768-0x31d984	171	0x31d768-0x31d984	intra_block	143	143	337:8,189:8,28:7,18:7,340:6,199:6,215:6,157:5	337:8,189:8,28:7,18:7,340:6,199:6,215:6,157:5	+0x4:93,+0x3:37,+0x2:5,+0x5:5,+0x6:3	exact:143
245	0x33c774-0x33c994	245	0x33c774-0x33c994	intra_block	143	143	28:10,114:9,337:7,347:7,307:6,268:5,18:5,66:4	28:10,114:9,337:7,347:7,307:6,268:5,18:5,66:4	+0x4:91,+0x3:37,+0x2:5,+0x6:5,+0x5:5	exact:143
0	0xd0ac0-0xd0c75	0	0xd0ac0-0xd0c75	intra_block	135	115	114:8,168:8,43:7,347:6,66:6,64:5,18:5,354:5	114:8,168:8,43:7,347:6,66:6,64:5,18:5,273:5	+0x4:83,+0x3:28,+0x2:13,+0x5:8,+0x6:3	exact:135
159	0x31be84-0x31c005	159	0x31be84-0x31c005	intra_block	135	100	168:10,18:10,114:9,171:8,253:8,215:5,196:4,28:4	168:10,18:10,114:9,253:8,52:8,215:5,196:4,28:4	+0x4:58,+0x2:24,+0x3:23,+0x5:16,+0x6:14	exact:135
10	0xd4897-0xd4a83	10	0xd4897-0xd4a83	intra_block	131	131	347:8,337:7,18:7,189:7,185:6,307:6,168:5,64:5	347:8,337:7,18:7,189:7,185:6,307:6,168:5,64:5	+0x4:87,+0x3:35,+0x2:4,+0x5:3,+0x6:2	exact:131
156	0x31b83d-0x31ba35	156	0x31b83d-0x31ba35	intra_block	130	130	337:5,307:5,157:5,3:4,144:4,203:4,108:4,180:3	337:5,307:5,157:5,3:4,144:4,203:4,108:4,180:3	+0x4:53,+0x5:29,+0x3:21,+0x2:20,+0x6:7	exact:130
163	0x31c5a7-0x31c79f	163	0x31c5a7-0x31c79f	intra_block	130	130	64:6,180:5,144:5,18:4,199:4,297:4,3:4,168:4	64:6,180:5,144:5,199:4,297:4,3:4,168:4,30:4	+0x4:53,+0x5:29,+0x3:21,+0x2:20,+0x6:7	exact:130
266	0x33fc02-0x33fdfa	266	0x33fc02-0x33fdfa	intra_block	130	130	269:5,144:5,189:5,268:4,257:4,43:4,66:4,3:4	269:5,144:5,189:5,268:4,257:4,43:4,66:4,3:4	+0x4:53,+0x5:29,+0x3:21,+0x2:20,+0x6:7	exact:130
22	0xd5b25-0xd5cfb	22	0xd5b25-0xd5cfb	intra_block	125	125	347:12,28:8,18:6,215:5,258:5,189:5,185:5,337:5	347:12,28:8,18:6,215:5,258:5,189:5,185:5,337:5	+0x4:84,+0x3:34,+0x2:3,+0x6:2,+0x5:2	exact:125
202	0x3332d1-0x3334ac	202	0x3332d1-0x3334ac	intra_block	125	125	347:8,199:6,18:5,307:5,189:4,160:4,114:4,184:4	347:8,199:6,18:5,307:5,189:4,160:4,114:4,184:4	+0x4:65,+0x3:29,+0x5:14,+0x2:12,+0x6:5	exact:125
221	0x336817-0x3369f2	221	0x336817-0x3369f2	intra_block	125	125	340:7,18:7,215:6,337:5,189:5,20:5,199:4,114:4	340:7,18:7,215:6,20:6,337:5,189:5,199:4,114:4	+0x4:65,+0x3:29,+0x5:14,+0x2:12,+0x6:5	exact:125
237	0x339dd4-0x339faf	237	0x339dd4-0x339faf	intra_block	125	125	114:9,340:6,18:5,199:5,66:5,347:5,158:5,297:4	114:9,340:6,18:5,199:5,66:5,347:5,158:5,297:4	+0x4:65,+0x3:29,+0x5:14,+0x2:12,+0x6:5	exact:125
13	0xd4cc7-0xd4e92	13	0xd4cc7-0xd4e92	intra_block	121	121	307:8,340:7,18:7,43:5,189:5,337:5,20:5,157:4	307:8,340:7,18:7,43:5,189:5,337:5,20:5,157:4	+0x4:81,+0x3:33,+0x6:3,+0x2:2,+0x5:2	exact:121
17	0xd522f-0xd53f8	17	0xd522f-0xd53f8	intra_block	121	121	114:11,18:10,64:8,307:7,268:5,337:5,28:4,43:4	114:11,18:10,64:8,307:7,268:5,337:5,28:4,43:4	+0x4:82,+0x3:33,+0x2:2,+0x6:2,+0x5:2	exact:121
16	0xd5055-0xd521e	16	0xd5055-0xd521e	intra_block	120	120	189:11,28:7,114:6,215:6,315:5,185:5,66:4,258:4	189:11,28:7,114:6,215:6,315:5,185:5,66:4,258:4	+0x4:81,+0x3:33,+0x6:3,+0x5:2,+0x2:1	exact:120
26	0xd75ff-0xd77c8	26	0xd75ff-0xd77c8	intra_block	120	120	337:9,66:7,199:5,64:5,340:5,114:5,28:5,18:5	337:9,66:7,199:5,64:5,340:5,114:5,28:5,18:5	+0x4:81,+0x3:33,+0x6:3,+0x5:2,+0x2:1	exact:120
52	0x11d215-0x11d3d3	52	0x11d215-0x11d3d3	intra_block	118	118	28:7,337:7,347:7,243:6,66:6,196:6,307:5,18:5	28:7,337:7,347:7,243:6,66:6,196:6,307:5,18:5	+0x4:81,+0x3:33,+0x6:2,+0x2:1,+0x5:1	exact:118
58	0x18b89d-0x18ba5b	58	0x18b89d-0x18ba5b	intra_block	118	118	28:8,347:8,66:7,189:6,18:6,114:6,199:5,307:4	28:8,347:8,66:7,189:6,18:6,114:6,199:5,307:4	+0x4:81,+0x3:33,+0x6:2,+0x2:1,+0x5:1	exact:118
61	0x18bebc-0x18c07a	61	0x18bebc-0x18c07a	intra_block	118	118	340:8,66:6,307:5,43:5,258:4,297:4,269:4,199:4	340:8,66:6,307:5,43:5,20:5,258:4,297:4,269:4	+0x4:63,+0x3:28,+0x5:12,+0x2:11,+0x6:4	exact:118
225	0x336f58-0x33710f	225	0x336f58-0x33710f	intra_block	116	116	199:9,114:8,189:6,307:6,43:5,347:5,258:5,18:4	199:9,114:8,189:6,307:6,43:5,347:5,258:5,18:4	+0x4:80,+0x3:32,+0x6:2,+0x2:1,+0x5:1	exact:116
246	0x33c99e-0x33cb55	246	0x33c99e-0x33cb55	intra_block	116	116	337:9,347:7,258:7,307:6,185:5,168:5,297:5,346:5	337:9,347:7,258:7,307:6,185:5,168:5,297:5,346:5	+0x4:80,+0x3:32,+0x6:2,+0x2:1,+0x5:1	exact:116
251	0x33d122-0x33d2d9	251	0x33d122-0x33d2d9	intra_block	116	116	297:8,337:7,114:7,189:6,33:5,347:5,18:5,172:5	297:8,337:7,114:7,189:6,33:5,347:5,18:5,172:5	+0x4:80,+0x3:32,+0x6:2,+0x2:1,+0x5:1	exact:116
5	0xd1292-0xd1445	5	0xd1292-0xd1445	intra_block	115	115	66:7,185:7,18:6,258:6,28:5,337:5,43:5,114:5	66:7,185:7,18:6,258:6,28:5,337:5,43:5,114:5	+0x4:79,+0x3:32,+0x6:2,+0x2:1,+0x5:1	exact:115
7	0xd421c-0xd43cf	7	0xd421c-0xd43cf	intra_block	115	115	114:8,340:7,28:7,215:6,297:5,287:5,168:5,64:5	114:8,340:7,28:7,215:6,297:5,287:5,168:5,64:5	+0x4:79,+0x3:32,+0x6:2,+0x2:1,+0x5:1	exact:115
23	0xd5d09-0xd5ebc	23	0xd5d09-0xd5ebc	intra_block	115	115	64:8,185:8,347:8,66:7,189:6,28:5,176:5,305:4	64:8,185:8,347:8,66:7,189:6,28:5,176:5,305:4	+0x4:79,+0x3:32,+0x6:2,+0x2:1,+0x5:1	exact:115
31	0xdad86-0xdaf39	31	0xdad86-0xdaf39	intra_block	115	115	340:9,258:6,18:6,199:6,64:5,337:5,184:5,185:4	340:9,258:6,18:6,199:6,184:6,64:5,337:5,185:4	+0x4:79,+0x3:32,+0x6:2,+0x2:1,+0x5:1	exact:115
63	0x18c2b4-0x18c467	63	0x18c2b4-0x18c467	intra_block	115	115	189:9,64:9,66:6,199:6,114:6,196:5,315:4,287:4	189:9,64:9,66:6,199:6,114:6,196:5,315:4,287:4	+0x4:79,+0x3:32,+0x6:2,+0x2:1,+0x5:1	exact:115
188	0x31f0fe-0x31f2b1	188	0x31f0fe-0x31f2b1	intra_block	115	115	189:8,114:7,215:6,203:5,258:5,347:5,185:5,297:5	189:8,114:7,215:6,203:5,258:5,347:5,185:5,297:5	+0x4:79,+0x3:32,+0x6:2,+0x2:1,+0x5:1	exact:115
206	0x333a16-0x333bc9	206	0x333a16-0x333bc9	intra_block	115	115	114:6,215:6,33:6,189:6,18:6,185:6,340:5,64:5	114:6,215:6,33:6,189:6,18:6,185:6,340:5,64:5	+0x4:79,+0x3:32,+0x6:2,+0x2:1,+0x5:1	exact:115
241	0x33a519-0x33a6cc	241	0x33a519-0x33a6cc	intra_block	115	115	28:10,258:7,64:7,215:6,33:5,66:5,161:5,347:4	28:10,258:7,64:7,215:6,33:5,66:5,161:5,347:4	+0x4:79,+0x3:32,+0x6:2,+0x2:1,+0x5:1	exact:115
244	0x33c5b8-0x33c76a	244	0x33c5b8-0x33c76a	intra_block	115	115	189:7,28:5,158:5,66:4,64:4,215:4,347:4,340:4	189:7,28:5,158:5,66:4,64:4,215:4,347:4,340:4	+0x4:62,+0x3:27,+0x2:11,+0x5:11,+0x6:4	exact:115
291	0x3433ad-0x34355f	291	0x3433ad-0x34355f	intra_block	115	115	66:5,114:5,184:5,189:4,185:4,64:4,347:4,28:4	66:5,114:5,184:5,189:4,185:4,64:4,347:4,28:4	+0x4:62,+0x3:27,+0x2:11,+0x5:11,+0x6:4	exact:115
107	0x30fd95-0x30ff42	107	0x30fd95-0x30ff42	intra_block	113	113	199:6,114:6,185:5,189:5,174:5,28:4,337:4,258:4	199:6,114:6,185:5,189:5,174:5,28:4,337:4,258:4	+0x4:61,+0x3:27,+0x5:10,+0x2:10,+0x6:5	exact:113
166	0x31cbee-0x31cd8c	166	0x31cbee-0x31cd8c	intra_block	109	109	258:7,64:6,20:6,307:5,28:5,199:5,347:4,215:4	258:7,64:6,20:6,307:5,28:5,199:5,347:4,215:4	+0x4:58,+0x3:26,+0x2:10,+0x5:10,+0x6:5	exact:109
200	0x332f90-0x333123	200	0x332f90-0x333123	intra_block	106	106	337:7,64:7,258:6,161:6,144:5,66:5,28:5,18:5	337:7,64:7,161:6,144:5,66:5,28:5,18:5,258:5	+0x4:58,+0x3:25,+0x5:10,+0x2:9,+0x6:4	exact:106
219	0x3364d7-0x336669	219	0x3364d7-0x336669	intra_block	106	106	64:6,340:5,297:5,66:4,347:4,185:4,20:4,28:4	64:6,340:5,297:5,347:4,185:4,20:4,28:4,337:4	+0x4:57,+0x3:26,+0x5:10,+0x2:9,+0x6:4	exact:106
235	0x339a94-0x339c26	235	0x339a94-0x339c26	intra_block	106	106	158:6,340:5,64:5,297:5,337:5,215:5,28:4,161:4	158:7,340:5,64:5,297:5,337:5,215:5,28:4,161:4	+0x4:57,+0x3:26,+0x5:10,+0x2:9,+0x6:4	exact:106
218	0x336333-0x3364c6	218	0x336333-0x3364c6	intra_block	104	104	64:6,157:5,66:5,199:4,114:4,305:4,185:4,268:4	64:6,157:5,66:5,199:4,114:4,305:4,185:4,268:4	+0x4:64,+0x3:22,+0x5:8,+0x2:6,+0x6:4	exact:104
220	0x336673-0x336806	220	0x336673-0x336806	intra_block	104	104	189:5,33:5,157:5,287:5,215:5,258:4,243:4,64:4	189:5,33:5,157:5,287:5,215:5,258:4,243:4,64:4	+0x4:64,+0x3:22,+0x5:8,+0x2:6,+0x6:4	exact:104
185	0x31eae4-0x31ec6a	185	0x31eae4-0x31ec6a	intra_block	103	103	337:7,297:6,28:5,189:5,340:5,307:4,123:4,157:3	337:7,297:6,28:5,189:5,340:5,307:4,123:4,157:3	+0x4:54,+0x3:26,+0x5:10,+0x2:9,+0x6:4	exact:103
199	0x332df1-0x332f80	199	0x332df1-0x332f80	intra_block	103	103	340:6,258:5,215:5,157:5,18:5,172:4,287:4,26:4	340:6,258:5,215:5,157:5,18:5,172:4,287:4,26:4	+0x4:63,+0x3:22,+0x5:8,+0x2:6,+0x6:4	exact:103
201	0x333131-0x3332c0	201	0x333131-0x3332c0	intra_block	103	103	258:7,185:6,297:6,203:5,33:4,157:4,337:4,28:4	258:7,185:6,297:6,203:5,33:4,157:4,337:4,28:4	+0x4:63,+0x3:22,+0x5:8,+0x2:6,+0x6:4	exact:103
205	0x333882-0x333a08	205	0x333882-0x333a08	intra_block	103	103	337:6,297:6,215:5,114:4,66:4,258:4,184:4,20:4	337:6,297:6,184:5,215:5,114:4,66:4,258:4,20:4	+0x4:54,+0x3:26,+0x5:10,+0x2:9,+0x6:4	exact:103
224	0x336dc8-0x336f4e	224	0x336dc8-0x336f4e	intra_block	103	103	340:7,64:5,337:5,297:5,18:5,258:4,66:4,307:3	340:7,64:5,337:5,297:5,18:5,258:4,66:4,307:3	+0x4:54,+0x3:26,+0x5:10,+0x2:9,+0x6:4	exact:103
234	0x3398f4-0x339a83	234	0x3398f4-0x339a83	intra_block	103	103	64:8,18:7,305:6,215:4,157:4,114:4,43:4,346:4	64:8,18:7,305:6,215:4,157:4,114:4,43:4,346:4	+0x4:63,+0x3:22,+0x5:8,+0x2:6,+0x6:4	exact:103
236	0x339c34-0x339dc3	236	0x339c34-0x339dc3	intra_block	103	103	168:8,337:6,297:5,199:5,33:4,268:4,307:4,64:4	168:8,337:6,297:5,199:5,33:4,268:4,307:4,64:4	+0x4:63,+0x3:22,+0x5:8,+0x2:6,+0x6:4	exact:103
240	0x33a385-0x33a50b	240	0x33a385-0x33a50b	intra_block	103	103	114:8,20:6,337:5,185:5,297:5,18:5,189:5,258:4	114:8,20:6,337:5,185:5,297:5,18:5,189:5,258:4	+0x4:54,+0x3:26,+0x5:10,+0x2:9,+0x6:4	exact:103
8	0xd43e0-0xd4561	8	0xd43e0-0xd4561	intra_block	101	101	168:7,337:6,18:6,199:4,33:4,64:4,307:4,333:4	168:7,337:6,18:6,199:4,33:4,64:4,307:4,333:4	+0x4:63,+0x3:23,+0x5:8,+0x2:5,+0x6:2	exact:101
20	0xd564f-0xd57d4	20	0xd564f-0xd57d4	intra_block	101	101	64:6,185:5,297:5,347:4,168:4,203:4,337:3,43:3	64:6,185:5,297:5,347:4,168:4,203:4,337:3,43:3	+0x4:62,+0x3:22,+0x5:8,+0x2:6,+0x6:3	exact:101
247	0x33cb62-0x33cce1	247	0x33cb62-0x33cce1	intra_block	100	100	340:5,297:5,43:4,18:4,347:3,196:3,199:3,26:3	340:5,297:5,43:4,18:4,347:3,196:3,199:3,26:3	+0x4:63,+0x3:21,+0x5:7,+0x2:6,+0x6:3	exact:100
19	0xd54de-0xd5641	19	0xd54de-0xd5641	intra_block	94	94	337:6,18:5,215:4,189:4,199:4,176:4,66:4,340:3	337:6,18:5,215:4,189:4,199:4,176:4,66:4,340:3	+0x4:53,+0x3:24,+0x5:7,+0x2:7,+0x6:3	exact:94
249	0x33cd1f-0x33ce87	249	0x33cd1f-0x33ce87	intra_block	94	94	199:6,18:5,189:5,337:4,347:4,114:4,297:4,158:4	199:6,18:5,189:5,337:4,347:4,114:4,297:4,158:4	+0x4:51,+0x3:23,+0x5:9,+0x2:7,+0x6:4	exact:94
11	0xd4a91-0xd4beb	11	0xd4a91-0xd4beb	intra_block	90	90	66:7,340:6,168:5,28:5,114:5,43:4,305:4,172:4	66:7,340:6,168:5,28:5,114:5,43:4,305:4,172:4	+0x4:59,+0x3:20,+0x5:5,+0x2:4,+0x6:2	exact:90
213	0x33585b-0x3359af	213	0x33585b-0x3359af	intra_block	90	90	337:6,340:6,215:5,18:5,28:4,114:4,297:4,158:4	337:6,340:6,215:5,18:5,28:4,114:4,297:4,158:4	+0x4:50,+0x3:23,+0x2:7,+0x5:7,+0x6:3	exact:90
229	0x338e18-0x338f6c	229	0x338e18-0x338f6c	intra_block	90	90	189:5,297:5,199:5,347:4,66:4,114:4,176:4,196:3	189:5,297:5,199:5,176:5,347:4,66:4,114:4,196:3	+0x4:50,+0x3:23,+0x2:7,+0x5:7,+0x6:3	exact:90
3	0xd0eb3-0xd1002	3	0xd0eb3-0xd1002	intra_block	89	89	337:8,18:7,20:5,43:4,347:4,66:4,184:4,297:4	337:8,18:7,20:5,43:4,347:4,66:4,184:4,297:4	+0x4:50,+0x3:23,+0x2:7,+0x5:6,+0x6:3	exact:89
43	0x11bf5d-0x11c0ac	43	0x11bf5d-0x11c0ac	intra_block	89	89	347:6,18:5,333:4,114:4,66:4,297:4,176:4,340:3	347:6,18:5,333:4,114:4,66:4,297:4,176:4,20:4	+0x4:50,+0x3:23,+0x2:7,+0x5:6,+0x6:3	exact:89
46	0x11c2aa-0x11c3f9	46	0x11c2aa-0x11c3f9	intra_block	89	89	347:6,307:5,20:5,114:4,215:4,189:4,340:3,185:3	347:6,20:6,307:5,114:4,215:4,189:4,340:3,185:3	+0x4:50,+0x3:23,+0x2:7,+0x5:6,+0x6:3	exact:89
38	0x11ba38-0x11bb7e	38	0x11ba38-0x11bb7e	intra_block	84	84	28:5,337:5,18:4,157:4,268:4,347:4,305:4,243:4	28:5,337:5,18:4,157:4,268:4,347:4,305:4,243:4	+0x4:55,+0x3:19,+0x5:4,+0x2:3,+0x6:3	exact:84
41	0x11bd6d-0x11beb3	41	0x11bd6d-0x11beb3	intra_block	84	84	315:5,168:4,258:4,287:4,215:4,114:4,337:3,185:3	315:5,168:4,258:4,287:4,215:4,114:4,337:3,185:3	+0x4:55,+0x3:19,+0x5:4,+0x2:3,+0x6:3	exact:84
44	0x11c0ba-0x11c200	44	0x11c0ba-0x11c200	intra_block	84	84	64:4,307:4,203:4,315:4,168:3,287:3,66:3,243:3	64:4,307:4,203:4,315:4,168:3,287:3,66:3,243:3	+0x4:55,+0x3:19,+0x5:4,+0x2:3,+0x6:3	exact:84
173	0x31dc4f-0x31dd95	173	0x31dc4f-0x31dd95	intra_block	84	84	337:7,33:6,157:4,168:4,26:4,268:4,340:4,189:3	337:7,33:6,157:4,168:4,26:4,268:4,340:4,189:3	+0x4:55,+0x3:19,+0x5:4,+0x2:3,+0x6:3	exact:84
40	0x11bc28-0x11bd5f	40	0x11bc28-0x11bd5f	intra_block	83	83	123:6,66:5,64:4,114:4,28:4,347:4,337:4,273:3	123:7,66:5,64:4,114:4,28:4,347:4,337:4,273:3	+0x4:48,+0x3:22,+0x2:6,+0x5:5,+0x6:2	exact:83
28	0xda38f-0xda4b0	28	0xda38f-0xda4b0	intra_block	77	77	258:6,199:5,189:4,123:4,114:3,185:3,307:3,28:3	258:6,199:5,189:4,123:4,114:3,185:3,307:3,28:3	+0x4:45,+0x3:21,+0x2:5,+0x5:4,+0x6:2	exact:77
29	0xda4be-0xda5e7	29	0xda4be-0xda5e7	intra_block	77	77	18:7,26:5,64:4,66:4,114:4,168:4,333:3,43:3	18:7,26:5,64:4,66:4,114:4,168:4,333:3,43:3	+0x4:53,+0x3:18,+0x2:2,+0x6:2,+0x5:2	exact:77
30	0xdac57-0xdad78	30	0xdac57-0xdad78	intra_block	77	77	64:7,123:5,347:4,18:4,307:4,176:4,215:3,340:3	64:7,176:5,123:5,347:4,18:4,307:4,215:3,340:3	+0x4:45,+0x3:21,+0x2:5,+0x5:4,+0x6:2	exact:77
9	0xd476e-0xd4889	9	0xd476e-0xd4889	intra_block	76	76	340:7,337:5,185:5,258:4,215:4,176:4,199:3,350:3	340:7,337:5,185:5,258:4,215:4,176:4,199:3,350:3	+0x4:45,+0x3:21,+0x2:5,+0x5:4,+0x6:1	exact:76
106	0x30fc6f-0x30fd84	106	0x30fc6f-0x30fd84	intra_block	72	72	258:5,168:5,157:4,346:4,185:4,28:3,203:3,18:3	258:5,168:5,157:4,346:4,185:4,28:3,203:3,18:3	+0x4:52,+0x3:17,+0x2:1,+0x6:1,+0x5:1	exact:72
286	0x3427e3-0x3427f5	286	0x3427e3-0x3427f5	intra_block	72	4	157:18,340:18,215:18,326:18	340:18,215:18,326:18,108:18	+0x4:36,+0x3:18,+0x5:18	exact:72
27	0xd77d9-0xd78ea	27	0xd77d9-0xd78ea	intra_block	71	71	64:6,43:5,18:4,258:3,243:3,196:3,66:3,347:3	64:6,43:5,18:4,258:3,243:3,196:3,66:3,347:3	+0x4:51,+0x3:17,+0x2:1,+0x6:1,+0x5:1	exact:71
55	0x11d929-0x11da3a	55	0x11d929-0x11da3a	intra_block	71	71	66:6,305:4,114:4,18:4,157:3,340:3,346:3,64:3	66:6,305:4,114:4,18:4,157:3,340:3,346:3,64:3	+0x4:51,+0x3:17,+0x2:1,+0x6:1,+0x5:1	exact:71
60	0x18bd9a-0x18beab	60	0x18bd9a-0x18beab	intra_block	71	71	26:5,340:4,307:4,114:4,168:3,199:3,347:3,33:3	26:5,340:4,307:4,114:4,168:3,199:3,347:3,33:3	+0x4:51,+0x3:17,+0x2:1,+0x6:1,+0x5:1	exact:71
175	0x31e060-0x31e171	175	0x31e060-0x31e171	intra_block	71	71	315:6,157:6,196:4,66:4,340:4,305:4,347:4,64:3	315:6,157:6,196:4,66:4,340:4,305:4,347:4,64:3	+0x4:51,+0x3:17,+0x2:1,+0x6:1,+0x5:1	exact:71
177	0x31e24d-0x31e35e	177	0x31e24d-0x31e35e	intra_block	71	71	18:5,333:4,258:4,337:4,33:4,340:4,346:4,157:3	18:5,333:4,258:4,337:4,33:4,340:4,346:4,157:3	+0x4:51,+0x3:17,+0x2:1,+0x6:1,+0x5:1	exact:71
179	0x31e43a-0x31e54b	179	0x31e43a-0x31e54b	intra_block	71	71	168:6,287:5,189:5,64:4,66:4,18:3,333:3,114:3	168:6,287:5,189:5,64:4,66:4,18:3,333:3,114:3	+0x4:51,+0x3:17,+0x2:1,+0x6:1,+0x5:1	exact:71
181	0x31e627-0x31e738	181	0x31e627-0x31e738	intra_block	71	71	297:5,340:5,333:4,28:4,315:3,189:3,346:3,199:3	297:5,340:5,333:4,28:4,315:3,189:3,346:3,199:3	+0x4:51,+0x3:17,+0x2:1,+0x6:1,+0x5:1	exact:71
21	0xd5a12-0xd5b17	21	0xd5a12-0xd5b17	intra_block	70	70	297:5,347:5,189:5,215:4,174:4,258:3,158:3,20:3	297:5,347:5,189:5,215:4,174:4,258:3,176:3,158:3	+0x4:42,+0x3:20,+0x2:4,+0x5:3,+0x6:1	exact:70
190	0x33195b-0x33196d	190	0x33195b-0x33196d	intra_block	68	4	340:17,203:17,18:17,0:17	203:17,18:17,0:17,144:17	+0x4:34,+0x3:17,+0x5:17	exact:68
275	0x340f31-0x340f43	275	0x340f31-0x340f43	intra_block	68	4	168:17,28:17,337:17,251:17	28:17,337:17,251:17,198:17	+0x4:34,+0x3:17,+0x5:17	exact:68
223	0x336c72-0x336d73	223	0x336c72-0x336d73	intra_block	67	67	185:5,196:4,168:4,243:4,64:4,114:4,157:3,33:3	185:5,196:4,168:4,243:4,64:4,114:4,157:3,33:3	+0x4:49,+0x3:16,+0x2:1,+0x6:1	exact:67
204	0x333730-0x33382d	204	0x333730-0x33382d	intra_block	66	66	337:5,172:4,64:4,287:4,185:3,199:3,33:3,203:3	337:5,172:4,64:4,287:4,185:3,199:3,33:3,203:3	+0x4:48,+0x3:16,+0x2:1,+0x6:1	exact:66
239	0x33a233-0x33a330	239	0x33a233-0x33a330	intra_block	66	66	172:4,185:4,18:4,26:4,203:4,189:4,33:4,337:3	172:4,185:4,18:4,26:4,203:4,189:4,33:4,337:3	+0x4:48,+0x3:16,+0x2:1,+0x6:1	exact:66
67	0x2303be-0x2304b8	67	0x2303be-0x2304b8	intra_block	65	65	66:9,347:6,184:5,114:4,123:3,340:3,20:3,189:2	66:9,347:6,184:6,114:4,123:3,340:3,20:3,258:2	+0x4:37,+0x3:18,+0x5:4,+0x2:3,+0x6:3	exact:65
68	0x230722-0x230905			out_of_recovered	65	1	184:65	102:65	+0x4:65	exact:65
69	0x230912-0x230b1b			out_of_recovered	64	1	123:64	50:64	+0x4:64	exact:64
70	0x230b2c-0x230e07			out_of_recovered	64	1	176:64	321:64	+0x4:64	exact:64
71	0x230e18-0x231217			out_of_recovered	64	1	257:64	308:64	+0x2:64	exact:64
208	0x334c91-0x334ca3	208	0x334c91-0x334ca3	intra_block	56	4	215:14,43:14,64:14,0:14	43:14,64:14,0:14,144:14	+0x4:28,+0x3:14,+0x5:14	exact:56
14	0xd4e9f-0xd4f6b	14	0xd4e9f-0xd4f6b	intra_block	53	53	28:5,199:4,114:4,184:4,340:4,64:3,20:3,123:3	28:5,184:5,114:4,340:4,64:3,20:3,123:3,199:3	+0x4:33,+0x3:17,+0x6:2,+0x5:1	exact:53
15	0xd4f78-0xd5044	15	0xd4f78-0xd5044	intra_block	53	53	258:4,66:4,18:4,189:4,64:3,340:3,176:3,28:3	258:4,66:4,18:4,189:4,158:4,340:3,176:3,28:3	+0x4:33,+0x3:17,+0x6:2,+0x5:1	exact:53
18	0xd5405-0xd54d1	18	0xd5405-0xd54d1	intra_block	53	53	258:6,123:6,64:4,307:4,337:4,28:3,189:3,18:3	258:6,123:6,64:4,307:4,337:4,28:3,189:3,18:3	+0x4:33,+0x3:17,+0x6:2,+0x5:1	exact:53
101	0x30eed0-0x30eee2	101	0x30eed0-0x30eee2	intra_block	52	4	199:13,337:13,157:13,326:13	337:13,157:13,326:13,352:13	+0x4:26,+0x3:13,+0x5:13	exact:52
174	0x31df8f-0x31e052	174	0x31df8f-0x31e052	intra_block	52	52	174:5,28:4,347:4,189:3,161:3,337:3,20:3,176:3	174:6,28:4,347:4,189:3,161:3,337:3,20:3,176:3	+0x4:33,+0x3:17,+0x2:1,+0x6:1	exact:52
12	0xd4bfc-0xd4cb9	12	0xd4bfc-0xd4cb9	intra_block	50	50	28:6,184:4,258:4,185:3,176:3,340:3,64:2,174:2	28:6,184:4,258:4,174:3,176:3,340:3,185:2,64:2	+0x4:32,+0x3:17,+0x6:1	exact:50
56	0x11da4b-0x11db08	56	0x11da4b-0x11db08	intra_block	50	50	123:5,158:3,215:3,307:3,114:3,174:3,258:3,185:3	123:5,158:4,215:3,307:3,114:3,174:3,258:3,185:3	+0x4:32,+0x3:17,+0x6:1	exact:50
176	0x31e182-0x31e23f	176	0x31e182-0x31e23f	intra_block	50	50	176:5,114:5,64:4,199:3,18:3,161:3,297:3,189:3	176:5,114:5,64:4,18:3,161:3,297:3,123:3,189:3	+0x4:32,+0x3:17,+0x6:1	exact:50
178	0x31e36f-0x31e42c	178	0x31e36f-0x31e42c	intra_block	50	50	20:5,189:4,66:4,337:4,258:4,199:3,161:3,18:3	20:5,189:4,66:4,161:4,337:4,258:4,199:3,18:3	+0x4:32,+0x3:17,+0x6:1	exact:50
180	0x31e55c-0x31e619	180	0x31e55c-0x31e619	intra_block	50	50	337:5,28:4,20:4,174:4,158:4,258:3,66:3,347:3	20:5,337:5,174:4,158:4,258:3,28:3,66:3,347:3	+0x4:32,+0x3:17,+0x6:1	exact:50
183	0x31e77f-0x31e842	183	0x31e77f-0x31e842	intra_block	50	50	144:4,114:3,185:2,91:2,220:2,173:2,347:2,199:2	144:4,114:3,185:2,91:2,220:2,173:2,347:2,199:2	+0x4:21,+0x3:9,+0x5:9,+0x2:8,+0x6:3	exact:50
268	0x3401a9-0x3401bb	268	0x3401a9-0x3401bb	intra_block	40	4	185:10,347:10,43:10,0:10	347:10,43:10,0:10,257:10	+0x4:20,+0x3:10,+0x5:10	exact:40
279	0x341a5b-0x341a6d	279	0x341a5b-0x341a6d	intra_block	40	4	189:10,66:10,203:10,290:10	66:10,203:10,290:10,257:10	+0x4:20,+0x3:10,+0x5:10	exact:40
154	0x31b331-0x31b343	154	0x31b331-0x31b343	intra_block	28	4	258:7,307:7,157:7,290:7	307:7,157:7,290:7,257:7	+0x4:14,+0x3:7,+0x5:7	exact:28
160	0x31c01b-0x31c02d	160	0x31c01b-0x31c02d	intra_block	28	4	114:7,28:7,268:7,0:7	28:7,268:7,0:7,108:7	+0x4:14,+0x3:7,+0x5:7	exact:28
264	0x33f6f6-0x33f708	264	0x33f6f6-0x33f708	intra_block	20	4	258:5,215:5,196:5,187:5	215:5,196:5,187:5,173:5	+0x4:10,+0x3:5,+0x5:5	exact:20
285	0x34264c-0x3427cd			out_of_recovered	19	1	52:19	210:19	+0x5:19	exact:19
189	0x33170b-0x331945			out_of_recovered	18	1	122:18	210:18	+0x5:18	exact:18
274	0x340d9a-0x340f1b			out_of_recovered	18	1	52:18	75:18	+0x5:18	exact:18
286	0x3427e3-0x3427f5			out_of_recovered	18	1	108:18	266:18	+0x2:18	exact:18
39	0x11bb8f-0x11bbd4	39	0x11bb8f-0x11bbd4	intra_block	17	17	183:1,203:1,297:1,337:1,49:1,198:1,185:1,124:1	203:1,297:1,337:1,49:1,198:1,185:1,124:1,43:1	+0x4:7,+0x5:4,+0x3:3,+0x2:2,+0x6:1	exact:17
42	0x11bec4-0x11bf09	42	0x11bec4-0x11bf09	intra_block	17	17	183:1,66:1,196:1,64:1,79:1,198:1,200:1,203:1	66:1,196:1,64:1,79:1,198:1,200:1,203:1,258:1	+0x4:7,+0x5:4,+0x3:3,+0x2:2,+0x6:1	exact:17
45	0x11c211-0x11c256	45	0x11c211-0x11c256	intra_block	17	17	18:2,168:2,322:1,183:1,49:1,108:1,64:1,28:1	168:2,322:1,183:1,49:1,108:1,64:1,28:1,200:1	+0x4:7,+0x5:4,+0x3:3,+0x2:2,+0x6:1	exact:17
190	0x33195b-0x33196d			out_of_recovered	17	1	144:17	308:17	+0x2:17	exact:17
275	0x340f31-0x340f43			out_of_recovered	17	1	198:17	266:17	+0x2:17	exact:17
207	0x334a3d-0x334c7b			out_of_recovered	15	1	52:15	145:15	+0x5:15	exact:15
100	0x30eccb-0x30eeba			out_of_recovered	14	1	52:14	210:14	+0x5:14	exact:14
112	0x3109d2-0x310c9b			out_of_recovered	14	1	174:14	356:14	+0x4:14	exact:14
113	0x310ca5-0x310dba			out_of_recovered	14	1	242:14	75:14	+0x5:14	exact:14
114	0x310dca-0x310ee6			out_of_recovered	14	1	184:14	356:14	+0x4:14	exact:14
115	0x310ef0-0x311159			out_of_recovered	14	1	158:14	278:14	+0x4:14	exact:14
116	0x311163-0x31139b			out_of_recovered	14	1	20:14	278:14	+0x4:14	exact:14
117	0x3113a5-0x3115dd			out_of_recovered	14	1	176:14	356:14	+0x4:14	exact:14
118	0x3115e7-0x31181f			out_of_recovered	14	1	123:14	95:14	+0x4:14	exact:14
119	0x311829-0x311a61			out_of_recovered	14	1	161:14	356:14	+0x4:14	exact:14
120	0x311a6b-0x311ca3			out_of_recovered	14	1	161:14	356:14	+0x4:14	exact:14
121	0x311cad-0x311f5f			out_of_recovered	14	1	161:14	216:14	+0x4:14	exact:14
208	0x334c91-0x334ca3			out_of_recovered	14	1	144:14	117:14	+0x2:14	exact:14
101	0x30eed0-0x30eee2			out_of_recovered	13	1	352:13	117:13	+0x2:13	exact:13
122	0x311f69-0x312230			out_of_recovered	13	1	161:13	311:13	+0x4:13	exact:13
123	0x31223a-0x31245a			out_of_recovered	13	1	161:13	95:13	+0x4:13	exact:13
124	0x312464-0x312684			out_of_recovered	13	1	174:13	95:13	+0x4:13	exact:13
125	0x31268e-0x31285b			out_of_recovered	13	1	184:13	321:13	+0x4:13	exact:13
126	0x312868-0x31297d			out_of_recovered	13	1	125:13	316:13	+0x5:13	exact:13
127	0x3129aa-0x312ae4			out_of_recovered	13	1	161:13	356:13	+0x4:13	exact:13
128	0x312aee-0x312cc6			out_of_recovered	13	1	174:13	356:13	+0x4:13	exact:13
129	0x312cd0-0x312f1c			out_of_recovered	13	1	161:13	216:13	+0x4:13	exact:13
130	0x312f26-0x31315f			out_of_recovered	13	1	20:13	95:13	+0x4:13	exact:13
131	0x313169-0x313341			out_of_recovered	13	1	161:13	264:13	+0x4:13	exact:13
132	0x31334b-0x3135af			out_of_recovered	13	1	176:13	264:13	+0x4:13	exact:13
133	0x3135b9-0x3137f2			out_of_recovered	13	1	123:13	216:13	+0x4:13	exact:13
134	0x3137fc-0x3139d4			out_of_recovered	13	1	174:13	278:13	+0x4:13	exact:13
135	0x3139de-0x313c42			out_of_recovered	13	1	174:13	356:13	+0x4:13	exact:13
136	0x313c4c-0x313e85			out_of_recovered	13	1	123:13	95:13	+0x4:13	exact:13
137	0x313e8f-0x314067			out_of_recovered	13	1	174:13	95:13	+0x4:13	exact:13
138	0x314071-0x3142d5			out_of_recovered	13	1	174:13	216:13	+0x4:13	exact:13
139	0x3142df-0x314518			out_of_recovered	13	1	176:13	216:13	+0x4:13	exact:13
140	0x314522-0x3146fa			out_of_recovered	13	1	20:13	216:13	+0x4:13	exact:13
141	0x314704-0x314968			out_of_recovered	13	1	20:13	311:13	+0x4:13	exact:13
142	0x314972-0x314bab			out_of_recovered	13	1	158:13	278:13	+0x4:13	exact:13
143	0x314bb5-0x314d8d			out_of_recovered	13	1	20:13	278:13	+0x4:13	exact:13
144	0x314d97-0x314ffb			out_of_recovered	13	1	176:13	311:13	+0x4:13	exact:13
145	0x315005-0x315225			out_of_recovered	13	1	161:13	264:13	+0x4:13	exact:13
146	0x31522f-0x31547c			out_of_recovered	13	1	176:13	311:13	+0x4:13	exact:13
147	0x315486-0x3156c0			out_of_recovered	13	1	158:13	278:13	+0x4:13	exact:13
148	0x3156ca-0x3157e1			out_of_recovered	13	1	122:13	316:13	+0x5:13	exact:13
149	0x31580e-0x31595f			out_of_recovered	13	1	176:13	216:13	+0x4:13	exact:13
150	0x315969-0x315bb5			out_of_recovered	13	1	158:13	216:13	+0x4:13	exact:13
151	0x315bbf-0x315cc0			out_of_recovered	13	1	351:13	308:13	+0x5:13	exact:13
184	0x31ea5c-0x31ea8c	184	0x31ea5c-0x31ea8c	intra_block	12	12	268:2,354:1,18:1,64:1,253:1,269:1,144:1,165:1	268:2,18:1,64:1,253:1,269:1,144:1,165:1,340:1	+0x4:5,+0x2:3,+0x3:2,+0x6:1,+0x5:1	exact:12
253	0x33dcce-0x33de22			out_of_recovered	12	1	123:12	264:12	+0x4:12	exact:12
254	0x33de30-0x33e02a			out_of_recovered	12	1	20:12	80:12	+0x4:12	exact:12
255	0x33e03b-0x33e14c			out_of_recovered	12	1	242:12	246:12	+0x5:12	exact:12
267	0x33fe02-0x340193			out_of_recovered	11	1	122:11	210:11	+0x5:11	exact:11
278	0x3416b4-0x341a45			out_of_recovered	11	1	122:11	145:11	+0x5:11	exact:11
268	0x3401a9-0x3401bb			out_of_recovered	10	1	257:10	308:10	+0x2:10	exact:10
279	0x341a5b-0x341a6d			out_of_recovered	10	1	257:10	266:10	+0x2:10	exact:10
256	0x33e15d-0x33e2da			out_of_recovered	9	1	161:9	311:9	+0x4:9	exact:9
257	0x33e2e8-0x33e532			out_of_recovered	9	1	161:9	264:9	+0x4:9	exact:9
258	0x33e540-0x33e707			out_of_recovered	9	1	123:9	69:9	+0x4:9	exact:9
259	0x33e718-0x33e829			out_of_recovered	9	1	245:9	75:9	+0x5:9	exact:9
260	0x33e889-0x33e8d6			out_of_recovered	9	1	144:9	117:9	+0x2:9	exact:9
153	0x31aed4-0x31b31b			out_of_recovered	8	1	52:8	316:8	+0x5:8	exact:8
159	0x31be84-0x31c005			out_of_recovered	8	1	52:8	75:8	+0x5:8	exact:8
248	0x33cceb-0x33cd0f	248	0x33cceb-0x33cd0f	intra_block	8	8	189:1,157:1,49:1,108:1,349:1,332:1,17:1,185:1	157:1,49:1,108:1,349:1,332:1,17:1,185:1,52:1	+0x4:4,+0x5:2,+0x2:1,+0x3:1	exact:8
154	0x31b331-0x31b343			out_of_recovered	7	1	257:7	308:7	+0x2:7	exact:7
160	0x31c01b-0x31c02d			out_of_recovered	7	1	108:7	266:7	+0x2:7	exact:7
263	0x33f4f1-0x33f6e0			out_of_recovered	6	1	52:6	334:6	+0x5:6	exact:6
0	0xd0ac0-0xd0c75			out_of_recovered	5	1	122:5	246:5	+0x5:5	exact:5
191	0x331975-0x331c7a			out_of_recovered	5	1	158:5	78:5	+0x4:5	exact:5
192	0x331c8b-0x331e7d			out_of_recovered	5	1	52:5	334:5	+0x5:5	exact:5
226	0x337e84-0x3386cd			out_of_recovered	5	1	52:5	145:5	+0x5:5	exact:5
242	0x33b647-0x33be94			out_of_recovered	5	1	122:5	246:5	+0x5:5	exact:5
264	0x33f6f6-0x33f708			out_of_recovered	5	1	173:5	117:5	+0x2:5	exact:5
276	0x340f4b-0x34142c			out_of_recovered	5	1	52:5	334:5	+0x5:5	exact:5
287	0x3427fd-0x342cde			out_of_recovered	5	1	52:5	145:5	+0x5:5	exact:5
1	0xd0c86-0xd0d43			out_of_recovered	4	1	174:4	264:4	+0x4:4	exact:4
2	0xd0d51-0xd0eab			out_of_recovered	4	1	256:4	302:4	+0x2:4	exact:4
88	0x26cd71-0x26cf1b			out_of_recovered	4	1	242:4	145:4	+0x5:4	exact:4
89	0x26db07-0x26dc71			out_of_recovered	4	1	123:4	264:4	+0x4:4	exact:4
90	0x26dc7b-0x26dee4			out_of_recovered	4	1	176:4	311:4	+0x4:4	exact:4
91	0x26deee-0x26e157			out_of_recovered	4	1	174:4	356:4	+0x4:4	exact:4
92	0x26e161-0x26e3ca			out_of_recovered	4	1	158:4	95:4	+0x4:4	exact:4
93	0x26e3d4-0x26e63d			out_of_recovered	4	1	158:4	311:4	+0x4:4	exact:4
94	0x26e647-0x26e8b0			out_of_recovered	4	1	123:4	264:4	+0x4:4	exact:4
95	0x26e8ba-0x26ebb3			out_of_recovered	4	1	174:4	311:4	+0x4:4	exact:4
96	0x26ebbd-0x26ee26			out_of_recovered	4	1	176:4	95:4	+0x4:4	exact:4
97	0x26ee30-0x26f077			out_of_recovered	4	1	161:4	195:4	+0x4:4	exact:4
102	0x30eeea-0x30f3c5			out_of_recovered	4	1	122:4	316:4	+0x5:4	exact:4
157	0x31ba3d-0x31bbf9			out_of_recovered	4	1	122:4	145:4	+0x5:4	exact:4
164	0x31c7a7-0x31c963			out_of_recovered	4	1	122:4	210:4	+0x5:4	exact:4
182	0x31e749-0x31e75d	182	0x31e749-0x31e75d	intra_block	4	4	196:1,253:1,297:1,79:1	253:1,297:1,79:1,198:1	+0x4:1,+0x6:1,+0x3:1,+0x5:1	exact:4
193	0x331e8e-0x3320fd			out_of_recovered	4	1	256:4	117:4	+0x2:4	exact:4
209	0x334cab-0x33518c			out_of_recovered	4	1	122:4	75:4	+0x5:4	exact:4
227	0x3386de-0x3387d9			out_of_recovered	4	1	158:4	69:4	+0x4:4	exact:4
228	0x3387ea-0x338e10			out_of_recovered	4	1	257:4	266:4	+0x2:4	exact:4
243	0x33bea5-0x33c5b0			out_of_recovered	4	1	173:4	117:4	+0x2:4	exact:4
277	0x34143d-0x3416ac			out_of_recovered	4	1	257:4	266:4	+0x2:4	exact:4
288	0x342cef-0x342f5e			out_of_recovered	4	1	173:4	308:4	+0x2:4	exact:4
103	0x30f3d6-0x30f645			out_of_recovered	3	1	144:3	266:3	+0x2:3	exact:3
158	0x31bc0a-0x31be7c			out_of_recovered	3	1	160:3	302:3	+0x2:3	exact:3
165	0x31c974-0x31cbe6			out_of_recovered	3	1	173:3	117:3	+0x2:3	exact:3
210	0x33519c-0x33540c			out_of_recovered	3	1	108:3	266:3	+0x2:3	exact:3
211	0x335414-0x3355d0			out_of_recovered	3	1	122:3	210:3	+0x5:3	exact:3
252	0x33db28-0x33dcbd			out_of_recovered	3	1	52:3	210:3	+0x5:3	exact:3
261	0x33e8de-0x33e9e2			out_of_recovered	3	1	20:3	299:3	+0x4:3	exact:3
269	0x3401c3-0x3404c8			out_of_recovered	3	1	184:3	321:3	+0x4:3	exact:3
270	0x3404d5-0x3406cb			out_of_recovered	3	1	122:3	316:3	+0x5:3	exact:3
272	0x340953-0x340b0f			out_of_recovered	3	1	52:3	210:3	+0x5:3	exact:3
280	0x341a75-0x341d7a			out_of_recovered	3	1	123:3	321:3	+0x4:3	exact:3
281	0x341d87-0x341f7d			out_of_recovered	3	1	52:3	246:3	+0x5:3	exact:3
283	0x342205-0x3423c1			out_of_recovered	3	1	52:3	246:3	+0x5:3	exact:3
289	0x342f66-0x343122			out_of_recovered	3	1	52:3	75:3	+0x5:3	exact:3
72	0x249468-0x24972b			out_of_recovered	2	1	184:2	264:2	+0x4:2	exact:2
73	0x249739-0x249956			out_of_recovered	2	1	20:2	95:2	+0x4:2	exact:2
74	0x249964-0x249b99			out_of_recovered	2	1	176:2	278:2	+0x4:2	exact:2
75	0x249ba7-0x249ddc			out_of_recovered	2	1	176:2	95:2	+0x4:2	exact:2
76	0x249dea-0x24a01f			out_of_recovered	2	1	174:2	95:2	+0x4:2	exact:2
77	0x24a02d-0x24a292			out_of_recovered	2	1	184:2	95:2	+0x4:2	exact:2
78	0x24a2a0-0x24a4d5			out_of_recovered	2	1	176:2	311:2	+0x4:2	exact:2
79	0x24a4e3-0x24a8c5			out_of_recovered	2	1	184:2	216:2	+0x4:2	exact:2
80	0x24a8d3-0x24ab6a			out_of_recovered	2	1	161:2	95:2	+0x4:2	exact:2
81	0x24ab78-0x24ae0f			out_of_recovered	2	1	123:2	216:2	+0x4:2	exact:2
82	0x24ae1d-0x24b052			out_of_recovered	2	1	174:2	356:2	+0x4:2	exact:2
83	0x24b060-0x24b39b			out_of_recovered	2	1	184:2	278:2	+0x4:2	exact:2
84	0x24b3a9-0x24b640			out_of_recovered	2	1	123:2	95:2	+0x4:2	exact:2
85	0x24b64e-0x24b883			out_of_recovered	2	1	176:2	278:2	+0x4:2	exact:2
86	0x24b891-0x24bb69			out_of_recovered	2	1	174:2	95:2	+0x4:2	exact:2
87	0x24bb77-0x24bd2a			out_of_recovered	2	1	20:2	299:2	+0x4:2	exact:2
155	0x31b34b-0x31b82c			out_of_recovered	2	1	122:2	75:2	+0x5:2	exact:2
161	0x31c035-0x31c33a			out_of_recovered	2	1	176:2	69:2	+0x4:2	exact:2
162	0x31c34b-0x31c596			out_of_recovered	2	1	52:2	210:2	+0x5:2	exact:2
212	0x3355e0-0x335853			out_of_recovered	2	1	256:2	308:2	+0x2:2	exact:2
265	0x33f710-0x33fbf1			out_of_recovered	2	1	52:2	246:2	+0x5:2	exact:2
271	0x3406dc-0x34094b			out_of_recovered	2	1	160:2	117:2	+0x2:2	exact:2
273	0x340b20-0x340d92			out_of_recovered	2	1	257:2	266:2	+0x2:2	exact:2
282	0x341f8e-0x3421fd			out_of_recovered	2	1	144:2	308:2	+0x2:2	exact:2
284	0x3423d2-0x342644			out_of_recovered	2	1	144:2	117:2	+0x2:2	exact:2
290	0x343132-0x3433a5			out_of_recovered	2	1	160:2	302:2	+0x2:2	exact:2
3	0xd0eb3-0xd1002			out_of_recovered	1	1	174:1	95:1	+0x4:1	exact:1
4	0xd1010-0xd1284			out_of_recovered	1	1	176:1	356:1	+0x4:1	exact:1
5	0xd1292-0xd1445			out_of_recovered	1	1	158:1	175:1	+0x4:1	exact:1
6	0xd3fac-0xd420b			out_of_recovered	1	1	174:1	321:1	+0x4:1	exact:1
7	0xd421c-0xd43cf			out_of_recovered	1	1	176:1	80:1	+0x4:1	exact:1
8	0xd43e0-0xd4561			out_of_recovered	1	1	352:1	334:1	+0x2:1	exact:1
9	0xd476e-0xd4889			out_of_recovered	1	1	161:1	264:1	+0x4:1	exact:1
10	0xd4897-0xd4a83			out_of_recovered	1	1	158:1	278:1	+0x4:1	exact:1
11	0xd4a91-0xd4beb			out_of_recovered	1	1	125:1	316:1	+0x5:1	exact:1
12	0xd4bfc-0xd4cb9			out_of_recovered	1	1	174:1	311:1	+0x4:1	exact:1
13	0xd4cc7-0xd4e92			out_of_recovered	1	1	123:1	101:1	+0x4:1	exact:1
14	0xd4e9f-0xd4f6b			out_of_recovered	1	1	184:1	85:1	+0x4:1	exact:1
15	0xd4f78-0xd5044			out_of_recovered	1	1	158:1	69:1	+0x4:1	exact:1
16	0xd5055-0xd521e			out_of_recovered	1	1	158:1	321:1	+0x4:1	exact:1
17	0xd522f-0xd53f8			out_of_recovered	1	1	20:1	284:1	+0x4:1	exact:1
18	0xd5405-0xd54d1			out_of_recovered	1	1	161:1	241:1	+0x4:1	exact:1
19	0xd54de-0xd5641			out_of_recovered	1	1	123:1	95:1	+0x4:1	exact:1
20	0xd564f-0xd57d4			out_of_recovered	1	1	52:1	75:1	+0x5:1	exact:1
21	0xd5a12-0xd5b17			out_of_recovered	1	1	176:1	264:1	+0x4:1	exact:1
22	0xd5b25-0xd5cfb			out_of_recovered	1	1	123:1	356:1	+0x4:1	exact:1
23	0xd5d09-0xd5ebc			out_of_recovered	1	1	123:1	195:1	+0x4:1	exact:1
24	0xd718e-0xd73ae			out_of_recovered	1	1	174:1	278:1	+0x4:1	exact:1
25	0xd73bc-0xd75f1			out_of_recovered	1	1	158:1	264:1	+0x4:1	exact:1
26	0xd75ff-0xd77c8			out_of_recovered	1	1	158:1	69:1	+0x4:1	exact:1
27	0xd77d9-0xd78ea			out_of_recovered	1	1	125:1	75:1	+0x5:1	exact:1
28	0xda38f-0xda4b0			out_of_recovered	1	1	184:1	264:1	+0x4:1	exact:1
29	0xda4be-0xda5e7			out_of_recovered	1	1	242:1	210:1	+0x5:1	exact:1
30	0xdac57-0xdad78			out_of_recovered	1	1	176:1	264:1	+0x4:1	exact:1
31	0xdad86-0xdaf39			out_of_recovered	1	1	184:1	195:1	+0x4:1	exact:1
32	0x11ac5e-0x11aee0			out_of_recovered	1	1	20:1	311:1	+0x4:1	exact:1
33	0x11aeee-0x11b122			out_of_recovered	1	1	176:1	278:1	+0x4:1	exact:1
34	0x11b130-0x11b364			out_of_recovered	1	1	174:1	311:1	+0x4:1	exact:1
35	0x11b372-0x11b5a6			out_of_recovered	1	1	176:1	356:1	+0x4:1	exact:1
36	0x11b5b4-0x11b7e8			out_of_recovered	1	1	174:1	311:1	+0x4:1	exact:1
37	0x11b7f6-0x11ba2a			out_of_recovered	1	1	176:1	356:1	+0x4:1	exact:1
38	0x11ba38-0x11bb7e			out_of_recovered	1	1	52:1	145:1	+0x5:1	exact:1
39	0x11bb8f-0x11bbd4			out_of_recovered	1	1	160:1	308:1	+0x2:1	exact:1
40	0x11bc28-0x11bd5f			out_of_recovered	1	1	123:1	278:1	+0x4:1	exact:1
41	0x11bd6d-0x11beb3			out_of_recovered	1	1	52:1	334:1	+0x5:1	exact:1
42	0x11bec4-0x11bf09			out_of_recovered	1	1	257:1	266:1	+0x2:1	exact:1
43	0x11bf5d-0x11c0ac			out_of_recovered	1	1	20:1	278:1	+0x4:1	exact:1
44	0x11c0ba-0x11c200			out_of_recovered	1	1	122:1	334:1	+0x5:1	exact:1
45	0x11c211-0x11c256			out_of_recovered	1	1	256:1	117:1	+0x2:1	exact:1
46	0x11c2aa-0x11c3f9			out_of_recovered	1	1	20:1	278:1	+0x4:1	exact:1
47	0x11c407-0x11c682			out_of_recovered	1	1	174:1	216:1	+0x4:1	exact:1
48	0x11c690-0x11ca2a			out_of_recovered	1	1	174:1	95:1	+0x4:1	exact:1
49	0x11ca38-0x11ccf7			out_of_recovered	1	1	161:1	216:1	+0x4:1	exact:1
50	0x11cd05-0x11cf21			out_of_recovered	1	1	174:1	356:1	+0x4:1	exact:1
51	0x11cf2f-0x11d207			out_of_recovered	1	1	161:1	278:1	+0x4:1	exact:1
52	0x11d215-0x11d3d3			out_of_recovered	1	1	158:1	264:1	+0x4:1	exact:1
53	0x11d3e1-0x11d6a2			out_of_recovered	1	1	176:1	95:1	+0x4:1	exact:1
54	0x11d6b0-0x11d91b			out_of_recovered	1	1	123:1	264:1	+0x4:1	exact:1
55	0x11d929-0x11da3a			out_of_recovered	1	1	245:1	145:1	+0x5:1	exact:1
56	0x11da4b-0x11db08			out_of_recovered	1	1	158:1	278:1	+0x4:1	exact:1
57	0x18b66f-0x18b88f			out_of_recovered	1	1	20:1	264:1	+0x4:1	exact:1
58	0x18b89d-0x18ba5b			out_of_recovered	1	1	158:1	95:1	+0x4:1	exact:1
59	0x18ba69-0x18bd8c			out_of_recovered	1	1	184:1	216:1	+0x4:1	exact:1
60	0x18bd9a-0x18beab			out_of_recovered	1	1	245:1	75:1	+0x5:1	exact:1
61	0x18bebc-0x18c07a			out_of_recovered	1	1	20:1	311:1	+0x4:1	exact:1
62	0x18c088-0x18c2a6			out_of_recovered	1	1	174:1	311:1	+0x4:1	exact:1
63	0x18c2b4-0x18c467			out_of_recovered	1	1	184:1	195:1	+0x4:1	exact:1
67	0x2303be-0x2304b8			out_of_recovered	1	1	184:1	195:1	+0x4:1	exact:1
98	0x30e872-0x30ea96			out_of_recovered	1	1	184:1	311:1	+0x4:1	exact:1
99	0x30eaa0-0x30ecc1			out_of_recovered	1	1	176:1	356:1	+0x4:1	exact:1
104	0x30f64d-0x30fa0f			out_of_recovered	1	1	176:1	216:1	+0x4:1	exact:1
105	0x30fa19-0x30fc65			out_of_recovered	1	1	20:1	311:1	+0x4:1	exact:1
106	0x30fc6f-0x30fd84			out_of_recovered	1	1	242:1	210:1	+0x5:1	exact:1
107	0x30fd95-0x30ff42			out_of_recovered	1	1	123:1	216:1	+0x4:1	exact:1
108	0x30ff4c-0x310212			out_of_recovered	1	1	174:1	264:1	+0x4:1	exact:1
109	0x31021c-0x31043c			out_of_recovered	1	1	20:1	278:1	+0x4:1	exact:1
110	0x310446-0x31070f			out_of_recovered	1	1	123:1	95:1	+0x4:1	exact:1
111	0x310719-0x3109c8			out_of_recovered	1	1	123:1	95:1	+0x4:1	exact:1
152	0x31aa27-0x31aec3			out_of_recovered	1	1	158:1	321:1	+0x4:1	exact:1
156	0x31b83d-0x31ba35			out_of_recovered	1	1	160:1	308:1	+0x2:1	exact:1
163	0x31c5a7-0x31c79f			out_of_recovered	1	1	256:1	266:1	+0x2:1	exact:1
166	0x31cbee-0x31cd8c			out_of_recovered	1	1	174:1	278:1	+0x4:1	exact:1
167	0x31cd9a-0x31cfb6			out_of_recovered	1	1	174:1	95:1	+0x4:1	exact:1
168	0x31cfc4-0x31d273			out_of_recovered	1	1	184:1	278:1	+0x4:1	exact:1
169	0x31d281-0x31d49d			out_of_recovered	1	1	158:1	264:1	+0x4:1	exact:1
170	0x31d4ab-0x31d75a			out_of_recovered	1	1	161:1	311:1	+0x4:1	exact:1
171	0x31d768-0x31d984			out_of_recovered	1	1	158:1	216:1	+0x4:1	exact:1
172	0x31d992-0x31dc41			out_of_recovered	1	1	158:1	356:1	+0x4:1	exact:1
173	0x31dc4f-0x31dd95			out_of_recovered	1	1	122:1	334:1	+0x5:1	exact:1
174	0x31df8f-0x31e052			out_of_recovered	1	1	174:1	311:1	+0x4:1	exact:1
175	0x31e060-0x31e171			out_of_recovered	1	1	125:1	145:1	+0x5:1	exact:1
176	0x31e182-0x31e23f			out_of_recovered	1	1	123:1	216:1	+0x4:1	exact:1
177	0x31e24d-0x31e35e			out_of_recovered	1	1	125:1	316:1	+0x5:1	exact:1
178	0x31e36f-0x31e42c			out_of_recovered	1	1	161:1	356:1	+0x4:1	exact:1
179	0x31e43a-0x31e54b			out_of_recovered	1	1	245:1	75:1	+0x5:1	exact:1
180	0x31e55c-0x31e619			out_of_recovered	1	1	20:1	95:1	+0x4:1	exact:1
181	0x31e627-0x31e738			out_of_recovered	1	1	125:1	246:1	+0x5:1	exact:1
182	0x31e749-0x31e75d			out_of_recovered	1	1	198:1	117:1	+0x2:1	exact:1
183	0x31e77f-0x31e842			out_of_recovered	1	1	125:1	246:1	+0x5:1	exact:1
184	0x31ea5c-0x31ea8c			out_of_recovered	1	1	242:1	316:1	+0x5:1	exact:1
185	0x31eae4-0x31ec6a			out_of_recovered	1	1	184:1	311:1	+0x4:1	exact:1
186	0x31ec78-0x31eead			out_of_recovered	1	1	161:1	264:1	+0x4:1	exact:1
187	0x31eebb-0x31f0f0			out_of_recovered	1	1	184:1	264:1	+0x4:1	exact:1
188	0x31f0fe-0x31f2b1			out_of_recovered	1	1	184:1	195:1	+0x4:1	exact:1
194	0x332105-0x332469			out_of_recovered	1	1	174:1	356:1	+0x4:1	exact:1
195	0x332477-0x3326a9			out_of_recovered	1	1	123:1	216:1	+0x4:1	exact:1
196	0x3326b7-0x33292f			out_of_recovered	1	1	158:1	356:1	+0x4:1	exact:1
197	0x33293d-0x332b71			out_of_recovered	1	1	176:1	95:1	+0x4:1	exact:1
198	0x332b7f-0x332de3			out_of_recovered	1	1	161:1	278:1	+0x4:1	exact:1
199	0x332df1-0x332f80			out_of_recovered	1	1	122:1	210:1	+0x5:1	exact:1
200	0x332f90-0x333123			out_of_recovered	1	1	174:1	95:1	+0x4:1	exact:1
201	0x333131-0x3332c0			out_of_recovered	1	1	122:1	246:1	+0x5:1	exact:1
202	0x3332d1-0x3334ac			out_of_recovered	1	1	123:1	356:1	+0x4:1	exact:1
203	0x3334ba-0x333722			out_of_recovered	1	1	176:1	311:1	+0x4:1	exact:1
204	0x333730-0x33382d			out_of_recovered	1	1	295:1	302:1	+0x5:1	exact:1
205	0x333882-0x333a08			out_of_recovered	1	1	184:1	216:1	+0x4:1	exact:1
206	0x333a16-0x333bc9			out_of_recovered	1	1	174:1	195:1	+0x4:1	exact:1
213	0x33585b-0x3359af			out_of_recovered	1	1	174:1	311:1	+0x4:1	exact:1
214	0x3359b9-0x335bef			out_of_recovered	1	1	174:1	264:1	+0x4:1	exact:1
215	0x335bf9-0x335e75			out_of_recovered	1	1	176:1	95:1	+0x4:1	exact:1
216	0x335e7f-0x3360b7			out_of_recovered	1	1	184:1	216:1	+0x4:1	exact:1
217	0x3360c1-0x336329			out_of_recovered	1	1	20:1	356:1	+0x4:1	exact:1
218	0x336333-0x3364c6			out_of_recovered	1	1	52:1	334:1	+0x5:1	exact:1
219	0x3364d7-0x336669			out_of_recovered	1	1	176:1	216:1	+0x4:1	exact:1
220	0x336673-0x336806			out_of_recovered	1	1	122:1	145:1	+0x5:1	exact:1
221	0x336817-0x3369f2			out_of_recovered	1	1	20:1	95:1	+0x4:1	exact:1
222	0x3369fc-0x336c68			out_of_recovered	1	1	176:1	95:1	+0x4:1	exact:1
223	0x336c72-0x336d73			out_of_recovered	1	1	283:1	302:1	+0x5:1	exact:1
224	0x336dc8-0x336f4e			out_of_recovered	1	1	176:1	216:1	+0x4:1	exact:1
225	0x336f58-0x33710f			out_of_recovered	1	1	176:1	299:1	+0x4:1	exact:1
229	0x338e18-0x338f6c			out_of_recovered	1	1	176:1	95:1	+0x4:1	exact:1
230	0x338f7a-0x3391ac			out_of_recovered	1	1	123:1	278:1	+0x4:1	exact:1
231	0x3391ba-0x339432			out_of_recovered	1	1	184:1	95:1	+0x4:1	exact:1
232	0x339440-0x339674			out_of_recovered	1	1	161:1	356:1	+0x4:1	exact:1
233	0x339682-0x3398e6			out_of_recovered	1	1	184:1	356:1	+0x4:1	exact:1
234	0x3398f4-0x339a83			out_of_recovered	1	1	122:1	316:1	+0x5:1	exact:1
235	0x339a94-0x339c26			out_of_recovered	1	1	158:1	264:1	+0x4:1	exact:1
236	0x339c34-0x339dc3			out_of_recovered	1	1	122:1	246:1	+0x5:1	exact:1
237	0x339dd4-0x339faf			out_of_recovered	1	1	20:1	216:1	+0x4:1	exact:1
238	0x339fbd-0x33a225			out_of_recovered	1	1	174:1	356:1	+0x4:1	exact:1
239	0x33a233-0x33a330			out_of_recovered	1	1	295:1	308:1	+0x5:1	exact:1
240	0x33a385-0x33a50b			out_of_recovered	1	1	123:1	264:1	+0x4:1	exact:1
241	0x33a519-0x33a6cc			out_of_recovered	1	1	176:1	299:1	+0x4:1	exact:1
244	0x33c5b8-0x33c76a			out_of_recovered	1	1	161:1	95:1	+0x4:1	exact:1
245	0x33c774-0x33c994			out_of_recovered	1	1	161:1	356:1	+0x4:1	exact:1
246	0x33c99e-0x33cb55			out_of_recovered	1	1	176:1	78:1	+0x4:1	exact:1
247	0x33cb62-0x33cce1			out_of_recovered	1	1	185:1	314:1	+0x3:1	exact:1
248	0x33cceb-0x33cd0f			out_of_recovered	1	1	52:1	316:1	+0x5:1	exact:1
249	0x33cd1f-0x33ce87			out_of_recovered	1	1	184:1	216:1	+0x4:1	exact:1
250	0x33ce91-0x33d118			out_of_recovered	1	1	161:1	278:1	+0x4:1	exact:1
251	0x33d122-0x33d2d9			out_of_recovered	1	1	176:1	195:1	+0x4:1	exact:1
262	0x33f278-0x33f4e7			out_of_recovered	1	1	161:1	216:1	+0x4:1	exact:1
266	0x33fc02-0x33fdfa			out_of_recovered	1	1	173:1	308:1	+0x2:1	exact:1
291	0x3433ad-0x34355f			out_of_recovered	1	1	123:1	311:1	+0x4:1	exact:1
