entry	target	tail_site	tail_reg	tail_distance	target_hits	tail_site_hits	observed_target
0	0x78561	0x78833	rdx	0x2d2	48	48	1
1	0x78835	0x78c74	r12	0x43f	0	0	0
2	0x788e2	0x78c74	r12	0x392	0	0	0
3	0x78c77	0x792f5	r15	0x67e	999	999	1
4	0x792f8	0x79672	r10	0x37a	0	0	0
5	0x79675	0x799c4	r14	0x34f	0	0	0
6	0x7971e	0x799c4	r14	0x2a6	0	0	0
7	0x799c7	0x79da1	rax	0x3da	0	0	0
8	0x79a3d	0x79da1	rax	0x364	0	0	0
9	0x79da3	0x7a04c	r8	0x2a9	0	0	0
10	0x7a04f	0x7a4d6	rdx	0x487	0	0	0
11	0x7a4d8	0x7acd6	rsi	0x7fe	0	0	0
12	0x7acd8	0x7aee6	rax	0x20e	0	0	0
13	0x7aee8	0x7b3bb	r12	0x4d3	5	5	1
14	0x7b3be	0x7b6c9	rbx	0x30b	0	0	0
15	0x7b6cb	0x7bae7	rdx	0x41c	0	0	0
16	0x7b77c	0x7bae7	rdx	0x36b	0	0	0
17	0x7bae9	0x7be98	r14	0x3af	346	346	1
18	0x7be9b	0x7c308	rsi	0x46d	7392	7406	1
19	0x7c30a	0x7c628	r12	0x31e	0	0	0
20	0x7c62b	0x7ca96	rcx	0x46b	2490	2490	1
21	0x7ca98	0x7d004	r14	0x56c	0	0	0
22	0x7cb43	0x7d004	r14	0x4c1	0	0	0
23	0x7d007	0x7d5e9	r9	0x5e2	0	0	0
24	0x7d5ec	0x7d93f	rcx	0x353	0	0	0
25	0x7d941	0x7dbb8	r12	0x277	0	0	0
26	0x7dbbb	0x7dfbd	rdi	0x402	3024	3024	1
27	0x7dfbf	0x7e38d	r10	0x3ce	0	0	0
28	0x7e390	0x7e7ca	r11	0x43a	8348	8351	1
29	0x7e7cd	0x7ecd0	rdi	0x503	0	1050	0
30	0x7e849	0x7ecd0	rdi	0x487	1050	1050	1
31	0x7ecd2	0x7efa6	rax	0x2d4	2	2	1
32	0x7efa8	0x7f7c1	r8	0x819	0	0	0
33	0x7f7c4	0x7fba1	rdi	0x3dd	2035	2035	1
34	0x7fba3	0x7fd4a	r13	0x1a7	0	0	0
35	0x7fd4d	0x8009e	r8	0x351	1	1	1
36	0x800a1	0x80682	r15	0x5e1	4	4	1
37	0x80685	0x80d77	rdx	0x6f2	1003	1003	1
38	0x80d79	0x80ef3	r8	0x17a	0	0	0
39	0x80ef6	0x8115a	r9	0x264	0	0	0
40	0x8115d	0x8129b	rcx	0x13e	235	235	1
41	0x8129d	0x815e7	r15	0x34a	0	0	0
42	0x815ea	0x8173b	rax	0x151	3	7	1
43	0x8173d	0x81b7c	r8	0x43f	5309	5310	1
44	0x81b7f	0x81f2c	rbx	0x3ad	0	0	0
45	0x81f2e	0x820df	rcx	0x1b1	0	0	0
46	0x820e1	0x822b9	r9	0x1d8	0	0	0
47	0x822bc	0x82474	r11	0x1b8	0	0	0
48	0x82477	0x8281e	rdx	0x3a7	119	119	1
49	0x82820	0x82e73	r8	0x653	1844	1844	1
50	0x82e76	0x833c5	rdx	0x54f	320	0	1
51	0x83061	0x833c5	rdx	0x364	0	0	0
52	0x833c7	0x8371b	rcx	0x354	726	726	1
53	0x8371d	0x83b3d	r12	0x420	0	1	0
54	0x837cb	0x83b3d	r12	0x372	1	1	1
55	0x83b40	0x83e73	r9	0x333	0	0	0
56	0x83e76	0x841f6	r14	0x380	6	6	1
57	0x841f9	0x84289	r9	0x90	0	0	0
58	0x8428c	0x84593	r11	0x307	0	0	0
59	0x84302	0x84593	r11	0x291	0	0	0
60	0x84596	0x84760	rdx	0x1ca	0	0	0
61	0x84762	0x84aa0	r8	0x33e	0	0	0
62	0x84aa3	0x84e1b	rax	0x378	36	36	1
63	0x84e1d	0x85056	r9	0x239	0	0	0
64	0x85059	0x8536e	r13	0x315	6175	6177	1
65	0x85371	0x855fc	r13	0x28b	9	9	1
66	0x855ff	0x859f9	r8	0x3fa	7189	7189	1
67	0x859fc	0x85b87	rax	0x18b	0	0	0
68	0x85b89	0x85f22	rsi	0x399	0	0	0
69	0x85f24	0x86763	r8	0x83f	17	697	1
70	0x8610e	0x86763	r8	0x655	697	697	1
71	0x86766	0x868bb	rsi	0x155	0	0	0
72	0x868bd	0x86be2	rdx	0x325	0	0	0
73	0x86be4	0x86d40	r13	0x15c	0	0	0
74	0x86d43	0x873fa	rsi	0x6b7	25	25	1
75	0x873fc	0x87c25	r14	0x829	318	271	1
76	0x87d17	0x8812f	rdi	0x418	0	0	0
77	0x88131	0x883be	rbx	0x28d	0	0	0
78	0x883c0	0x88a55	r10	0x695	6	1337	1
79	0x885b0	0x88a55	r10	0x4a5	1337	1337	1
80	0x88a58	0x8920b	r15	0x7b3	13	0	1
81	0x88c3f	0x8920b	r15	0x5cc	0	0	0
82	0x8920e	0x89478	r8	0x26a	135	135	1
83	0x8947b	0x89839	rdi	0x3be	714	714	1
84	0x8983b	0x89b35	rsi	0x2fa	0	0	0
85	0x89b37	0x8a37d	rdi	0x846	1	1	1
86	0x8a37f	0x8a49b	r8	0x11c	5	11	1
87	0x8a49e	0x8aa11	r14	0x573	12	12	1
88	0x8aa14	0x8b026	rsi	0x612	145	145	1
89	0x8b028	0x8b332	rcx	0x30a	0	0	0
90	0x8b334	0x8b6db	r12	0x3a7	441	441	1
91	0x8b6de	0x8b8c9	rdx	0x1eb	546	546	1
92	0x8b8cb	0x8bcec	r13	0x421	158	158	1
93	0x8bcef	0x8c41a	rbx	0x72b	0	74	0
94	0x8bd69	0x8c41a	rbx	0x6b1	74	74	1
95	0x8c41c	0x8c5b7	rdi	0x19b	118	0	1
96	0x8c4cf	0x8c5b7	rdi	0xe8	0	0	0
97	0x8c5b9	0x8c8e9	r11	0x330	0	0	0
98	0x8c8ec	0x8cc7f	rax	0x393	0	531	0
99	0x8c99a	0x8cc7f	rax	0x2e5	531	531	1
100	0x8cc81	0x8ceb2	rdi	0x231	0	0	0
101	0x8ceb4	0x8d71b	rcx	0x867	1	1	1
102	0x8d71d	0x8df99	r11	0x87c	65	64	1
103	0x8df9c	0x8e2ed	rcx	0x351	0	0	0
104	0x8e2ef	0x8e6b2	rsi	0x3c3	0	0	0
105	0x8e6b4	0x8eb77	rdx	0x4c3	414	414	1
106	0x8eb79	0x8eef1	r9	0x378	0	0	0
107	0x8eef4	0x8f248	r9	0x354	256	256	1
108	0x8f24b	0x8f6cf	rcx	0x484	2430	2430	1
109	0x8f6d1	0x8f831	r8	0x160	0	0	0
110	0x8f834	0x8faea	rdi	0x2b6	0	0	0
111	0x8f8ae	0x8faea	rdi	0x23c	0	0	0
112	0x8faec	0x9026c	r9	0x780	0	0	0
113	0x9026f	0x90893	rdi	0x624	0	7732	0
114	0x90319	0x90893	rdi	0x57a	7722	7732	1
115	0x90895	0x90a18	r12	0x183	0	0	0
116	0x90a1b	0x90c21	rax	0x206	0	58	0
117	0x90acd	0x90c21	rax	0x154	58	58	1
118	0x90c23	0x90eb9	r11	0x296	390	390	1
119	0x90ebc	0x91067	r11	0x1ab	243	243	1
120	0x9106a	0x91377	rbx	0x30d	0	0	0
121	0x91379	0x9170b	rdx	0x392	737	740	1
122	0x9170d	0x91a57	rdx	0x34a	121	121	1
123	0x91a59	0x91e7f	rdx	0x426	2829	2829	1
124	0x91e81	0x922c1	r12	0x440	639	639	1
125	0x922c4	0x92612	r14	0x34e	19	19	1
126	0x92615	0x92998	r14	0x383	0	384	0
127	0x926c3	0x92998	r14	0x2d5	384	384	1
128	0x9299b	0x92f1f	rdx	0x584	955	955	1
129	0x92f21	0x931d0	r11	0x2af	136	136	1
130	0x931d3	0x937cd	r13	0x5fa	4	4	1
131	0x937d0	0x93f76	r14	0x7a6	14	14	1
132	0x93f79	0x94475	r11	0x4fc	0	0	0
133	0x93ff3	0x94475	r11	0x482	0	0	0
134	0x9406d	0x94475	r11	0x408	0	0	0
135	0x94478	0x94619	rdx	0x1a1	0	0	0
136	0x9461b	0x94970	r13	0x355	2	2	1
137	0x94973	0x94c38	rax	0x2c5	0	0	0
138	0x94c3a	0x94ddc	r15	0x1a2	0	0	0
139	0x94ddf	0x951c0	rsi	0x3e1	0	560	0
140	0x94e5a	0x951c0	rsi	0x366	560	560	1
141	0x951c2	0x953af	rsi	0x1ed	0	0	0
142	0x953b1	0x957d6	r11	0x425	0	0	0
143	0x957d9	0x95b59	r8	0x380	0	2050	0
144	0x95887	0x95b59	r8	0x2d2	2050	2050	1
145	0x95b5c	0x9634f	r12	0x7f3	48	9	1
146	0x96407	0x96915	r12	0x50e	238	238	1
147	0x96918	0x96b6b	r12	0x253	0	0	0
148	0x96b6e	0x96eb1	r14	0x343	105	105	1
149	0x96eb4	0x9730e	r10	0x45a	0	0	0
150	0x96f2a	0x9730e	r10	0x3e4	0	0	0
151	0x97311	0x97689	r11	0x378	34	34	1
152	0x9768c	0x979a8	r13	0x31c	0	0	0
153	0x979ab	0x97ce3	r9	0x338	10	10	1
154	0x97ce6	0x980a9	rax	0x3c3	869	874	1
155	0x980ab	0x98351	r13	0x2a6	0	22	0
156	0x98354	0x98a98	rdi	0x744	0	0	0
157	0x98a9a	0x99026	r9	0x58c	4834	4834	1
158	0x99029	0x992ca	r13	0x2a1	2632	2632	1
159	0x992cd	0x994cc	r11	0x1ff	0	0	0
160	0x994cf	0x99757	r8	0x288	2706	2706	1
161	0x9975a	0x99b3a	rax	0x3e0	2666	2666	1
162	0x99b3c	0x99e1e	r15	0x2e2	0	0	0
163	0x99e21	0x9a249	r14	0x428	0	0	0
164	0x99e99	0x9a249	r14	0x3b0	0	0	0
165	0x9a24c	0x9a46b	r9	0x21f	632	632	1
166	0x9a46e	0x9a8cf	r12	0x461	0	0	0
167	0x9a8d2	0x9aa81	rdx	0x1af	726	726	1
168	0x9aa83	0x9af16	rdi	0x493	4535	4537	1
169	0x9af18	0x9b0c5	r10	0x1ad	1788	513	1
170	0x9b0c8	0x9b4b0	r10	0x3e8	0	0	0
171	0x9b4b3	0x9b687	r14	0x1d4	1069	1069	1
172	0x9b68a	0x9ba72	rsi	0x3e8	4530	4531	1
173	0x9ba74	0x9bd8c	r11	0x318	2374	2374	1
174	0x9bd8f	0x9c08c	r15	0x2fd	3318	3318	1
175	0x9c08f	0x9c3f4	r13	0x365	1	2512	1
176	0x9c10b	0x9c3f4	r13	0x2e9	2512	2512	1
177	0x9c3f7	0x9c748	rcx	0x351	0	0	0
178	0x9c74a	0x9ca8a	r9	0x340	0	0	0
179	0x9ca8d	0x9cf2f	r12	0x4a2	271	271	1
180	0x9cf32	0x9d13d	rdx	0x20b	478	478	1
181	0x9d13f	0x9d24a	rax	0x10b	453	453	1
182	0x9d24c	0x9d492	r15	0x246	0	0	0
183	0x9d495	0x9d692	rcx	0x1fd	611	611	1
184	0x9d694	0x9d961	r13	0x2cd	3100	3100	1
185	0x9d964	0x9dcab	r10	0x347	6172	6172	1
186	0x9dcae	0x9e07a	r8	0x3cc	29	29	1
187	0x9e07d	0x9e333	r10	0x2b6	5	5	1
188	0x9e336	0x9e7ac	r9	0x476	0	0	0
189	0x9e7af	0x9eac9	rdx	0x31a	7459	7466	1
190	0x9eacb	0x9ede7	rax	0x31c	81	81	1
191	0x9ede9	0x9f007	r15	0x21e	0	0	0
192	0x9f00a	0x9f779	r14	0x76f	1120	1120	1
193	0x9f77c	0x9faa2	rbx	0x326	0	0	0
194	0x9faa4	0xa0068	r10	0x5c4	0	4957	0
195	0x9fb50	0xa0068	r10	0x518	11	4957	1
196	0x9fbcd	0xa0068	r10	0x49b	4953	4957	1
197	0xa006b	0xa037b	r8	0x310	0	0	0
198	0xa037e	0xa062e	r14	0x2b0	2441	2441	1
199	0xa0631	0xa0a9c	rax	0x46b	6207	6207	1
200	0xa0a9e	0xa0dc7	r10	0x329	437	437	1
201	0xa0dca	0xa13d3	r10	0x609	340	340	1
202	0xa13d6	0xa1936	r12	0x560	0	3283	0
203	0xa1484	0xa1936	r12	0x4b2	3283	3283	1
204	0xa1939	0xa1a92	r12	0x159	0	0	0
205	0xa1a95	0xa1ecd	rbx	0x438	0	0	0
206	0xa1b3e	0xa1ecd	rbx	0x38f	0	0	0
207	0xa1ecf	0xa235e	r14	0x48f	0	0	0
208	0xa2361	0xa2933	rbx	0x5d2	456	456	1
209	0xa2935	0xa2da1	rdi	0x46c	1	1	1
210	0xa2da3	0xa35dd	r13	0x83a	80	9	1
211	0xa36c9	0xa3a49	rdx	0x380	0	0	0
212	0xa3a4b	0xa3dc4	r14	0x379	0	7	0
213	0xa3dc7	0xa3fe7	rdx	0x220	0	0	0
214	0xa3fe9	0xa4606	r13	0x61d	4	4	1
215	0xa4609	0xa4a5e	r14	0x455	7121	7122	1
216	0xa4a61	0xa4df4	r14	0x393	124	206	1
217	0xa4b11	0xa4df4	r14	0x2e3	206	206	1
218	0xa4df7	0xa5178	r12	0x381	0	0	0
219	0xa517b	0xa5886	r10	0x70b	0	1926	0
220	0xa522e	0xa5886	r10	0x658	1926	1926	1
221	0xa5889	0xa5f3a	rdi	0x6b1	4	4	1
222	0xa5f3c	0xa646d	r13	0x531	177	177	1
223	0xa6470	0xa68bf	r10	0x44f	0	0	0
224	0xa68c2	0xa6af6	r14	0x234	0	0	0
225	0xa6af9	0xa6e53	rdx	0x35a	0	0	0
226	0xa6e55	0xa71fb	r8	0x3a6	0	0	0
227	0xa6f03	0xa71fb	r8	0x2f8	0	0	0
228	0xa6f79	0xa71fb	r8	0x282	0	0	0
229	0xa71fe	0xa757c	r11	0x37e	0	0	0
230	0xa757f	0xa7999	rdi	0x41a	0	0	0
231	0xa799b	0xa7ef6	rsi	0x55b	4	4	1
232	0xa7ef8	0xa81c1	r12	0x2c9	0	48	0
233	0xa81c4	0xa844e	rdi	0x28a	0	0	0
234	0xa823e	0xa844e	rdi	0x210	0	0	0
235	0xa8450	0xa87b4	rbx	0x364	0	0	0
236	0xa87b6	0xa8e1d	rsi	0x667	0	0	0
237	0xa8e1f	0xa94a3	rdx	0x684	706	706	1
238	0xa94a5	0xa991c	rdx	0x477	0	0	0
239	0xa991e	0xa9cf4	r8	0x3d6	619	619	1
240	0xa9cf7	0xa9ff7	r8	0x300	5	5	1
241	0xa9ffa	0xaa87a	r13	0x880	1	1	1
242	0xaa87d	0xaab67	r8	0x2ea	43	43	1
243	0xaab6a	0xaaf3c	rsi	0x3d2	2189	2189	1
244	0xaaf3e	0xab13e	r14	0x200	0	0	0
245	0xab141	0xab424	r12	0x2e3	12	12	1
246	0xab427	0xabc56	r9	0x82f	34	9	1
247	0xabd6f	0xac10e	rdx	0x39f	0	0	0
248	0xac110	0xac43d	r11	0x32d	15	15	1
249	0xac440	0xac7ff	r11	0x3bf	0	0	0
250	0xac802	0xacbc3	rbx	0x3c1	72	72	1
251	0xacbc5	0xacefb	rsi	0x336	17	17	1
252	0xacefd	0xad329	r8	0x42c	0	708	0
253	0xacfb1	0xad329	r8	0x378	708	708	1
254	0xad32c	0xad766	rsi	0x43a	822	828	1
255	0xad768	0xad847	rdi	0xdf	0	0	0
256	0xad849	0xadbfa	r9	0x3b1	1516	1516	1
257	0xadbfd	0xadf29	r14	0x32c	2408	2408	1
258	0xadf2c	0xae32f	r11	0x403	9693	9696	1
259	0xae332	0xae909	rbx	0x5d7	0	0	0
260	0xae90b	0xaeda0	rcx	0x495	1266	1266	1
261	0xaeda2	0xaeeff	r12	0x15d	250	250	1
262	0xaef02	0xaf26a	r13	0x368	0	0	0
263	0xaf26d	0xaf4cc	r13	0x25f	0	0	0
264	0xaf4cf	0xaf8ac	r8	0x3dd	89	0	1
265	0xaf57f	0xaf8ac	r8	0x32d	0	0	0
266	0xaf8af	0xafa1d	rdx	0x16e	70	70	1
267	0xafa1f	0xb0005	rax	0x5e6	4	4	1
268	0xb0007	0xb0458	r15	0x451	3696	3696	1
269	0xb045b	0xb092e	rax	0x4d3	900	900	1
270	0xb0930	0xb0e2d	r12	0x4fd	0	0	0
271	0xb09ab	0xb0e2d	r12	0x482	0	0	0
272	0xb0e30	0xb11c7	r15	0x397	0	0	0
273	0xb11ca	0xb1545	r9	0x37b	1072	1072	1
274	0xb1548	0xb180b	r11	0x2c3	0	0	0
275	0xb180e	0xb1b2a	r15	0x31c	0	0	0
276	0xb1b2d	0xb1fd3	rax	0x4a6	0	0	0
277	0xb1fd5	0xb2340	rdi	0x36b	0	0	0
278	0xb2342	0xb265e	r10	0x31c	100	0	1
279	0xb23f7	0xb265e	r10	0x267	0	0	0
280	0xb2661	0xb2db4	rdx	0x753	86	86	1
281	0xb2db6	0xb3125	r12	0x36f	347	347	1
282	0xb3128	0xb360f	r8	0x4e7	165	165	1
283	0xb3612	0xb3799	rdi	0x187	381	381	1
284	0xb379b	0xb3ff1	r9	0x856	1	1	1
285	0xb3ff4	0xb42df	r12	0x2eb	1	1	1
286	0xb42e2	0xb45cf	r10	0x2ed	0	0	0
287	0xb45d2	0xb497e	rdi	0x3ac	2612	2612	1
288	0xb4980	0xb4bfe	rdx	0x27e	0	0	0
289	0xb4a2b	0xb4bfe	rdx	0x1d3	0	0	0
290	0xb4c00	0xb4eda	r11	0x2da	17	17	1
291	0xb4edd	0xb540d	rdx	0x530	311	311	1
292	0xb540f	0xb593d	rbx	0x52e	476	476	1
293	0xb593f	0xb5d7a	rcx	0x43b	0	0	0
294	0xb5d7c	0xb60dd	r14	0x361	0	0	0
295	0xb60e0	0xb625a	r15	0x17a	190	190	1
296	0xb625d	0xb64d5	rsi	0x278	0	0	0
297	0xb64d7	0xb68ff	r13	0x428	6483	6487	1
298	0xb6902	0xb6bb7	r10	0x2b5	0	0	0
299	0xb6bba	0xb708a	r12	0x4d0	7	2214	1
300	0xb6c36	0xb708a	r12	0x454	2210	2214	1
301	0xb708d	0xb7583	r8	0x4f6	2037	2037	1
302	0xb7586	0xb7699	r12	0x113	11	11	1
303	0xb769c	0xb78ad	r9	0x211	0	0	0
304	0xb7717	0xb78ad	r9	0x196	0	0	0
305	0xb78b0	0xb7bb8	rax	0x308	2662	2662	1
306	0xb7bba	0xb8062	rbx	0x4a8	0	0	0
307	0xb8064	0xb837a	rcx	0x316	7050	7052	1
308	0xb837c	0xb84a4	r10	0x128	123	123	1
309	0xb84a7	0xb86f5	r13	0x24e	0	601	0
310	0xb8556	0xb86f5	r13	0x19f	1611	601	1
311	0xb86f8	0xb8b3f	r8	0x447	89	0	1
312	0xb87aa	0xb8b3f	r8	0x395	0	0	0
313	0xb8b42	0xb8fcc	r14	0x48a	4	4	1
314	0xb8fcf	0xb944f	rcx	0x480	1	1	1
315	0xb9451	0xb9878	r12	0x427	3298	3298	1
316	0xb987b	0xba0cc	rax	0x851	302	285	1
317	0xba1e2	0xba680	r15	0x49e	66	66	1
318	0xba683	0xbada2	r8	0x71f	0	1113	0
319	0xba72f	0xbada2	r8	0x673	1113	1113	1
320	0xbada5	0xbb1db	rsi	0x436	731	731	1
321	0xbb1dd	0xbb6e3	r8	0x506	86	835	1
322	0xbb3c9	0xbb6e3	r8	0x31a	834	835	1
323	0xbb6e6	0xbb8a8	rax	0x1c2	1	5	1
324	0xbb8aa	0xbba0c	r12	0x162	0	0	0
325	0xbba0f	0xbc06b	rdi	0x65c	0	0	0
326	0xbc06d	0xbc31d	r13	0x2b0	31	31	1
327	0xbc320	0xbc464	rcx	0x144	0	0	0
328	0xbc466	0xbc673	r11	0x20d	0	0	0
329	0xbc676	0xbc9b6	rdx	0x340	0	0	0
330	0xbc9b8	0xbcfc5	r15	0x60d	169	169	1
331	0xbcfc8	0xbd36a	r13	0x3a2	5	5	1
332	0xbd36d	0xbd8ad	rsi	0x540	1880	1880	1
333	0xbd8af	0xbdd16	rcx	0x467	3602	3602	1
334	0xbdd18	0xbe55b	rdx	0x843	21	5	1
335	0xbe648	0xbe8ca	r11	0x282	0	0	0
336	0xbe8cd	0xbec0b	r10	0x33e	33	33	1
337	0xbec0e	0xbf126	rbx	0x518	7502	7506	1
338	0xbf128	0xbf2d3	rsi	0x1ab	387	387	1
339	0xbf2d5	0xbf433	rdx	0x15e	0	0	0
340	0xbf435	0xbf886	r15	0x451	7549	7554	1
341	0xbf889	0xbfb96	r13	0x30d	0	41	0
342	0xbfb99	0xbff68	rsi	0x3cf	0	0	0
343	0xbfc0d	0xbff68	rsi	0x35b	0	0	0
344	0xbff6a	0xc02e2	rdi	0x378	0	0	0
345	0xc02e4	0xc0532	r14	0x24e	860	860	1
346	0xc0535	0xc088b	rsi	0x356	1998	1997	1
347	0xc088d	0xc0d7b	rdi	0x4ee	8151	8166	1
348	0xc0d7d	0xc1409	rsi	0x68c	28	28	1
349	0xc140b	0xc1923	r13	0x518	366	366	1
350	0xc1926	0xc1d46	rdi	0x420	1176	1176	1
351	0xc1d48	0xc1ec2	rsi	0x17a	542	542	1
352	0xc1ec4	0xc21c0	r10	0x2fc	1775	1775	1
353	0xc21c3	0xc240d	rdx	0x24a	0	334	0
354	0xc2241	0xc240d	rdx	0x1cc	334	334	1
355	0xc240f	0xc2917	r9	0x508	0	0	0
356	0xc291a	0xc2d35	rbx	0x41b	131	6	1
357	0xc29cf	0xc2d35	rbx	0x366	6	6	1
358	0xc2d37	0xc3403	r13	0x6cc	0	0	0
359	0xc3406	0xc3716	rbx	0x310	4	4	1
